OrderID,CustomerID,OrderDate,Status,ProductID,Quantity,TotalPrice
1,169,2025-01-10 02:18:09.512340,Incomplete,60,3,854.34
2,710,2024-12-29 18:53:19.835267,Complete,637,5,1785.7
3,44,2023-05-13 06:41:20.466851,Incomplete,656,4,1830.48
4,579,2024-12-31 11:13:16.403084,Incomplete,384,4,1198.88
5,324,2024-11-24 22:32:59.816978,Incomplete,789,4,849.72
6,589,2024-11-06 18:38:15.266546,Complete,134,3,27.66
7,567,2024-06-05 00:02:31.513220,Complete,740,2,619.42
8,415,2023-03-09 03:55:10.738481,Complete,30,3,974.16
9,832,2025-01-12 17:29:13.623156,Incomplete,404,4,1263.2
10,437,2024-07-25 18:35:24.211108,Complete,318,4,343.4
11,775,2024-06-07 09:00:43.082261,Complete,151,1,458.97
12,898,2024-05-13 21:31:29.714836,Complete,597,5,1860.3
13,14,2023-06-02 02:27:53.923723,Complete,795,1,158.96
14,83,2024-03-27 23:55:16.717375,Complete,842,3,666.93
15,564,2023-12-21 19:57:01.392705,Complete,457,4,989.6
16,391,2023-07-08 09:49:56.194681,Complete,178,4,1796.28
17,380,2024-08-18 16:52:07.333746,Complete,97,4,1883.84
18,432,2023-12-20 16:09:16.468645,Complete,79,5,2058.95
19,362,2023-02-09 23:19:30.167629,Incomplete,943,5,643.7
20,458,2023-09-11 03:44:06.235870,Complete,915,5,624.95
21,793,2024-05-26 13:05:50.182184,Incomplete,533,3,990.81
22,831,2024-09-02 16:01:52.366963,Complete,333,3,935.46
23,887,2023-10-07 18:31:53.902809,Complete,138,1,226.87
24,803,2025-01-21 11:49:39.798714,Complete,6,4,1454.6
25,885,2024-03-29 11:39:17.636491,Incomplete,372,3,1433.1
26,686,2024-05-27 20:07:13.238318,Complete,77,1,302.53
27,349,2023-03-08 02:08:14.417003,Complete,881,1,166.35
28,695,2023-01-29 09:45:51.773392,Complete,163,2,238.18
29,367,2023-03-18 11:59:15.414936,Incomplete,472,2,214.66
30,387,2023-12-03 01:24:39.216237,Complete,691,3,1472.07
31,933,2025-01-06 15:31:22.517936,Complete,914,4,470.6
32,173,2023-09-13 13:49:28.624651,Complete,301,3,1193.25
33,394,2023-12-19 18:57:42.481474,Incomplete,256,2,959.6
34,189,2025-01-21 14:22:03.253511,Complete,874,1,373.02
35,430,2024-12-16 19:21:02.927248,Incomplete,185,3,142.23
36,591,2024-09-22 08:25:50.767201,Complete,373,2,127.02
37,368,2024-03-06 08:49:52.062897,Incomplete,535,4,408.88
38,1,2023-07-18 10:00:46.750239,Complete,276,2,154.94
39,797,2023-12-30 14:35:32.512462,Complete,664,3,437.49
40,725,2025-01-10 03:48:07.147846,Complete,230,5,1868.1
41,15,2024-09-06 13:24:01.042976,Incomplete,983,4,445.16
42,209,2024-06-23 06:55:45.953793,Incomplete,378,5,324.5
43,938,2024-11-09 23:31:03.117379,Incomplete,374,2,31.0
44,168,2023-07-28 02:58:15.249312,Complete,541,5,796.7
45,230,2024-11-03 14:37:32.159698,Complete,332,2,44.06
46,426,2024-06-29 01:36:50.148723,Complete,806,5,1523.55
47,36,2023-11-18 08:10:04.240129,Incomplete,27,3,859.29
48,196,2023-05-13 14:35:54.490400,Complete,761,4,343.48
49,20,2024-01-27 05:45:50.375233,Incomplete,794,2,672.74
50,338,2023-05-22 13:49:26.422137,Complete,100,5,837.6
51,993,2024-04-04 09:38:00.896826,Incomplete,553,2,109.28
52,395,2023-12-03 17:20:24.490063,Incomplete,735,4,226.32
53,476,2024-11-07 15:02:37.052604,Complete,473,2,603.34
54,622,2024-09-26 15:02:35.400270,Complete,851,3,442.02
55,90,2023-03-01 07:10:30.580537,Complete,578,3,1145.16
56,850,2023-08-23 07:47:15.458480,Incomplete,21,1,344.26
57,304,2024-05-23 03:18:00.266045,Incomplete,685,1,388.95
58,545,2024-02-05 04:59:54.789789,Complete,605,1,213.29
59,177,2023-11-19 18:42:44.968647,Incomplete,71,3,551.43
60,265,2023-04-17 10:43:51.625727,Complete,121,2,750.46
61,850,2024-03-24 18:11:53.977933,Incomplete,726,1,153.37
62,950,2024-04-29 03:48:21.553180,Incomplete,617,5,1402.85
63,711,2023-05-14 05:42:41.889840,Complete,784,1,198.82
64,345,2024-11-30 17:46:52.512651,Complete,437,4,1283.28
65,483,2023-12-02 07:44:17.246386,Complete,535,1,164.54
66,182,2024-05-13 14:12:24.967702,Incomplete,31,2,163.24
67,120,2024-04-03 06:52:57.880758,Incomplete,154,1,296.32
68,798,2024-01-19 17:14:49.210927,Incomplete,621,2,616.06
69,797,2023-12-19 13:59:08.970645,Incomplete,122,4,567.44
70,296,2025-01-07 15:59:39.158067,Incomplete,481,1,339.46
71,363,2024-08-21 23:53:51.998715,Incomplete,260,2,801.68
72,308,2024-04-06 06:14:21.696224,Complete,422,3,728.46
73,251,2024-11-25 02:03:26.330915,Incomplete,588,5,730.15
74,636,2024-06-27 19:21:09.317320,Incomplete,180,1,210.32
75,460,2023-04-26 01:45:44.294778,Incomplete,754,3,159.06
76,200,2023-02-07 07:05:44.257351,Complete,126,2,291.82
77,989,2023-11-03 01:57:52.612780,Incomplete,488,1,121.83
78,449,2024-07-03 07:23:30.815561,Incomplete,839,4,1713.64
79,590,2023-11-13 07:23:41.579930,Incomplete,628,1,92.65
80,436,2024-02-19 22:35:19.914551,Incomplete,729,5,503.95
81,806,2023-05-05 07:16:58.863609,Complete,928,1,7.05
82,586,2024-11-26 01:26:48.731064,Incomplete,842,4,182.08
83,481,2024-05-06 13:29:42.135481,Incomplete,993,2,574.92
84,339,2023-05-14 13:37:53.130225,Complete,706,2,515.0
85,642,2023-06-24 12:22:30.245560,Incomplete,199,5,2402.4
86,790,2024-10-06 00:17:33.151152,Incomplete,877,5,2039.1
87,991,2023-12-05 14:55:47.597445,Complete,249,1,447.99
88,816,2023-05-27 17:22:58.824222,Incomplete,678,1,110.59
89,918,2024-08-12 04:10:41.189217,Complete,840,5,663.95
90,665,2023-11-03 02:33:24.886994,Complete,421,4,1842.24
91,45,2024-01-26 23:56:42.028057,Complete,496,4,1971.16
92,360,2023-03-22 23:03:29.131994,Complete,261,1,248.55
93,938,2024-07-29 09:46:48.946012,Complete,565,3,960.03
94,485,2023-06-23 00:45:26.669499,Complete,135,5,614.9
95,605,2024-04-03 10:24:58.645677,Complete,124,5,2336.4
96,835,2024-10-26 18:20:42.077434,Complete,396,4,1508.36
97,170,2024-03-23 03:13:52.540027,Incomplete,720,5,493.4
98,919,2023-12-25 05:57:31.914374,Complete,617,2,826.86
99,320,2025-01-18 17:11:58.204885,Complete,184,2,41.42
100,576,2024-08-27 15:54:22.992127,Incomplete,673,3,651.96
101,414,2024-09-26 16:29:31.790896,Complete,17,1,424.11
102,737,2024-09-08 03:07:09.066131,Complete,76,2,975.52
103,640,2024-01-13 16:59:03.578081,Incomplete,660,4,677.92
104,464,2023-03-30 08:34:17.466039,Incomplete,404,5,2455.65
105,300,2024-11-23 23:00:37.785965,Incomplete,331,1,435.39
106,461,2023-08-14 15:25:10.932446,Incomplete,532,1,126.13
107,135,2024-10-31 17:18:53.869913,Incomplete,893,1,479.41
108,379,2023-12-26 23:59:19.499349,Complete,804,2,583.3
109,561,2024-05-13 04:41:47.989679,Incomplete,414,3,733.02
110,26,2024-06-06 06:18:57.759843,Incomplete,473,1,386.07
111,198,2023-07-07 05:32:20.144046,Complete,254,2,40.0
112,398,2024-02-02 19:45:30.220106,Incomplete,8,1,498.37
113,53,2024-12-19 22:04:42.291309,Complete,488,1,90.56
114,306,2024-06-24 11:25:09.232879,Incomplete,24,2,643.2
115,133,2024-05-02 13:23:25.365529,Complete,883,3,647.49
116,337,2024-05-05 16:09:40.378495,Complete,987,3,440.82
117,585,2023-07-10 10:20:13.930407,Complete,458,1,287.43
118,888,2024-03-09 09:51:02.392866,Incomplete,820,1,455.27
119,976,2023-02-18 11:10:24.232775,Complete,467,4,1745.76
120,558,2024-10-21 06:38:25.959927,Incomplete,57,2,631.82
121,894,2023-04-30 19:47:06.546443,Incomplete,671,1,293.12
122,32,2023-10-21 14:19:41.804006,Incomplete,424,2,87.5
123,501,2024-02-04 23:24:45.030218,Complete,112,2,223.94
124,664,2023-01-31 11:34:04.726347,Complete,863,4,1106.0
125,816,2023-08-23 22:08:03.361097,Incomplete,41,1,353.05
126,875,2024-08-07 19:09:03.922117,Incomplete,928,4,1194.76
127,280,2024-08-16 17:17:59.176665,Incomplete,286,2,308.64
128,852,2024-11-13 10:16:45.735082,Complete,545,2,358.9
129,612,2023-12-19 21:24:26.715395,Incomplete,301,2,209.82
130,462,2024-03-29 18:11:44.349058,Complete,148,1,440.57
131,647,2024-02-21 03:02:36.234793,Complete,995,5,2077.75
132,114,2024-05-17 18:55:36.653374,Complete,40,1,230.68
133,565,2024-12-01 02:14:21.568004,Complete,881,2,534.12
134,17,2024-07-27 03:04:52.235913,Incomplete,78,2,860.56
135,94,2024-12-28 07:45:41.472242,Complete,308,5,2093.8
136,244,2023-06-03 23:07:44.411722,Complete,367,4,872.76
137,475,2023-07-18 11:53:54.517621,Complete,386,2,746.22
138,65,2023-03-19 19:24:52.422480,Incomplete,607,5,1186.55
139,488,2024-07-29 10:21:01.464516,Complete,661,3,1150.05
140,581,2023-12-29 05:57:59.868888,Incomplete,507,5,1506.75
141,170,2023-09-25 08:36:21.194371,Incomplete,877,1,302.75
142,646,2025-01-09 01:49:55.114659,Complete,184,1,378.25
143,640,2023-04-12 16:03:34.905793,Incomplete,743,5,1955.0
144,23,2024-10-20 03:46:57.911570,Incomplete,989,5,1679.45
145,834,2024-09-15 17:50:53.673567,Incomplete,987,3,775.44
146,971,2024-08-31 00:28:26.842278,Complete,724,1,267.39
147,931,2023-03-26 07:12:04.625580,Complete,884,2,44.58
148,713,2024-11-06 16:01:51.109683,Incomplete,119,3,738.24
149,767,2024-08-27 01:24:14.048045,Incomplete,929,3,795.72
150,646,2024-08-01 00:33:04.975328,Incomplete,394,5,1015.6
151,721,2024-03-02 12:25:25.645248,Complete,130,5,533.1
152,390,2023-06-23 09:15:14.887228,Complete,142,2,993.82
153,535,2023-10-28 12:03:49.726376,Complete,163,5,1814.0
154,353,2023-10-01 14:56:16.221622,Incomplete,492,4,919.2
155,813,2024-12-06 01:48:42.543561,Complete,677,3,184.02
156,321,2023-04-09 05:17:03.066949,Incomplete,963,4,666.24
157,222,2023-12-28 19:22:06.330871,Incomplete,571,2,13.8
158,915,2024-11-10 03:04:20.628359,Complete,58,1,179.24
159,659,2025-01-06 00:24:47.620417,Incomplete,644,1,131.76
160,724,2024-09-03 15:47:49.819620,Complete,42,1,355.58
161,729,2024-04-06 12:57:39.604074,Incomplete,162,5,954.75
162,848,2024-11-29 00:41:26.657377,Complete,61,5,218.75
163,990,2023-10-08 01:21:29.888574,Complete,368,3,921.0
164,824,2024-11-12 06:42:46.822334,Incomplete,959,4,1769.8
165,632,2024-02-02 00:26:31.343167,Incomplete,574,1,334.9
166,65,2023-03-05 13:01:08.469155,Complete,840,3,83.58
167,976,2023-03-23 19:47:07.870428,Incomplete,992,2,684.44
168,703,2024-07-01 11:50:35.959811,Complete,314,2,626.54
169,897,2023-12-11 12:17:28.941380,Complete,413,1,268.93
170,580,2023-08-26 22:02:02.104460,Incomplete,381,4,1396.08
171,541,2024-01-25 01:37:31.508988,Complete,480,1,29.36
172,815,2023-02-02 23:21:10.595831,Complete,750,1,10.07
173,710,2023-02-06 01:35:14.806766,Incomplete,661,5,2119.05
174,542,2023-11-24 14:31:18.730036,Complete,771,1,293.05
175,649,2023-11-02 17:52:57.432116,Incomplete,479,2,941.26
176,690,2024-05-07 16:14:38.701339,Incomplete,225,1,331.49
177,503,2024-06-14 11:50:14.323590,Complete,15,5,1170.85
178,611,2024-03-04 22:42:19.541370,Complete,734,3,644.76
179,251,2024-02-07 01:08:10.838346,Complete,485,4,869.36
180,959,2024-12-14 23:54:19.763937,Incomplete,132,5,2458.1
181,276,2023-09-13 16:36:36.403675,Incomplete,230,3,920.46
182,552,2023-08-24 09:42:08.682907,Complete,433,1,63.97
183,683,2023-05-11 14:34:01.399383,Complete,231,2,452.48
184,164,2023-09-15 01:39:13.582531,Complete,900,5,1252.1
185,85,2023-02-09 15:20:20.087276,Incomplete,989,1,192.84
186,948,2024-01-08 05:11:01.853054,Complete,51,2,957.38
187,590,2023-05-31 15:47:12.065617,Incomplete,308,3,980.1
188,956,2024-05-27 07:46:46.524325,Complete,579,1,181.27
189,233,2024-02-25 15:00:05.623340,Incomplete,960,3,1235.49
190,790,2023-12-01 03:11:59.914222,Complete,367,1,416.03
191,488,2023-04-21 02:35:35.613114,Complete,639,2,751.56
192,661,2023-06-24 03:12:40.249764,Incomplete,168,4,1549.56
193,214,2023-11-11 15:42:29.612953,Complete,656,1,422.24
194,762,2024-06-29 08:42:00.843899,Incomplete,234,2,957.62
195,409,2023-11-14 23:32:40.747783,Complete,517,3,845.31
196,851,2024-01-24 22:13:17.531512,Incomplete,392,4,1591.36
197,499,2023-07-11 22:29:40.918420,Complete,125,5,1691.15
198,683,2024-03-26 22:22:47.520437,Complete,473,3,1293.81
199,668,2025-01-25 11:57:07.907306,Complete,720,2,837.14
200,58,2023-08-08 22:14:45.019894,Complete,513,2,317.88
201,145,2023-02-18 19:23:13.950395,Incomplete,904,3,1064.82
202,630,2023-10-22 03:19:12.823421,Incomplete,792,5,867.35
203,696,2023-04-13 17:02:23.057072,Complete,333,4,1289.56
204,867,2023-02-19 17:52:36.005206,Complete,447,4,1509.6
205,545,2024-09-20 12:57:18.708889,Incomplete,416,3,981.06
206,761,2024-02-02 17:16:58.733454,Incomplete,518,3,771.0
207,243,2024-08-09 06:29:29.306354,Incomplete,443,4,630.0
208,801,2024-09-03 06:46:06.408400,Complete,841,5,550.8
209,455,2023-04-04 17:18:09.375293,Complete,321,4,1290.36
210,14,2024-09-05 19:23:39.232383,Incomplete,452,2,495.48
211,380,2023-05-22 18:50:18.349438,Complete,920,1,203.87
212,753,2024-02-06 17:32:29.645768,Incomplete,107,1,5.76
213,429,2024-01-27 11:00:39.629551,Incomplete,136,1,437.55
214,183,2024-01-19 13:13:18.510370,Complete,27,3,291.84
215,526,2024-11-05 22:10:51.486420,Complete,277,4,1806.56
216,210,2024-04-16 21:36:57.055529,Complete,352,1,436.72
217,769,2023-03-17 16:16:09.203933,Incomplete,306,4,237.72
218,296,2025-01-17 02:52:18.153451,Incomplete,728,3,539.07
219,769,2024-06-22 10:19:40.500528,Incomplete,80,2,878.0
220,288,2024-09-12 15:51:45.801300,Complete,471,1,166.11
221,68,2023-03-15 11:31:53.527102,Complete,18,1,277.92
222,506,2023-12-21 18:54:22.827374,Complete,210,2,626.5
223,817,2024-09-14 19:55:54.497101,Complete,25,3,554.07
224,110,2024-01-02 09:51:24.006355,Incomplete,731,1,20.25
225,445,2024-03-08 16:16:39.918263,Incomplete,950,5,1541.75
226,296,2023-04-19 07:30:34.986037,Complete,355,2,388.98
227,307,2024-09-26 13:22:43.671585,Complete,309,1,145.38
228,191,2024-08-11 07:44:58.132878,Complete,214,4,137.2
229,784,2024-04-18 14:29:46.735764,Incomplete,840,3,947.37
230,285,2023-12-23 23:49:29.542717,Complete,883,5,947.4
231,105,2024-08-16 05:12:44.445904,Complete,686,3,880.71
232,573,2024-04-01 04:02:42.299826,Incomplete,301,4,1783.96
233,829,2024-01-31 06:33:51.025769,Incomplete,816,5,723.6
234,417,2024-01-05 18:40:54.969193,Incomplete,706,2,160.2
235,150,2023-05-30 03:59:23.859533,Incomplete,487,4,1680.92
236,371,2023-06-27 12:35:51.161362,Incomplete,911,2,761.74
237,581,2023-12-11 00:23:02.756095,Complete,874,3,15.3
238,627,2023-07-18 22:15:34.552494,Incomplete,203,4,163.6
239,292,2023-05-22 04:19:18.322577,Complete,890,4,319.96
240,985,2023-08-19 05:08:25.668287,Incomplete,302,1,483.24
241,658,2024-04-09 11:28:23.588725,Incomplete,83,2,96.08
242,243,2024-12-14 16:24:25.177318,Incomplete,210,3,610.02
243,568,2024-01-14 08:53:57.365007,Complete,86,3,57.18
244,738,2023-10-06 13:47:55.839827,Complete,65,5,2177.6
245,372,2024-08-03 03:07:33.842998,Complete,228,5,1625.65
246,661,2024-09-13 05:23:47.552122,Complete,74,2,772.0
247,135,2024-03-30 16:35:04.860871,Incomplete,785,4,1061.44
248,744,2023-11-28 10:53:00.137642,Complete,474,3,362.52
249,856,2024-08-27 13:34:20.423557,Complete,227,1,247.06
250,27,2023-06-19 15:20:25.415336,Incomplete,142,4,31.0
251,781,2024-10-12 01:53:18.340644,Incomplete,128,3,1199.31
252,968,2025-01-07 21:43:30.976351,Complete,85,5,1157.4
253,527,2023-11-17 15:20:22.498060,Complete,995,1,167.88
254,75,2025-01-08 18:35:31.059465,Complete,337,4,1827.6
255,555,2025-01-03 00:26:44.243669,Complete,405,3,193.05
256,311,2023-07-08 08:49:43.102526,Complete,789,1,467.69
257,352,2023-10-17 12:39:53.247158,Incomplete,927,2,270.24
258,85,2024-01-06 18:25:34.357206,Complete,639,2,779.12
259,846,2024-08-24 13:53:19.532702,Incomplete,125,2,216.26
260,12,2023-07-17 01:15:38.844819,Complete,422,2,231.92
261,491,2023-11-28 07:49:04.764244,Incomplete,19,3,314.43
262,58,2024-07-12 01:26:24.222545,Incomplete,683,3,913.29
263,652,2023-05-03 06:33:50.553877,Complete,165,2,968.38
264,349,2023-06-09 03:22:42.450022,Complete,177,2,548.46
265,575,2023-05-27 18:47:58.742844,Incomplete,167,4,1087.4
266,520,2023-05-08 02:03:47.950123,Complete,688,2,887.72
267,945,2023-01-31 09:59:07.125155,Complete,435,1,254.26
268,680,2024-11-07 00:21:36.389127,Complete,71,4,461.28
269,179,2024-10-27 19:19:13.158018,Incomplete,290,5,403.55
270,812,2023-10-26 00:05:59.934462,Complete,574,5,2177.95
271,937,2023-07-24 19:25:15.695381,Complete,902,5,258.1
272,454,2023-09-15 16:14:55.036394,Complete,640,1,189.62
273,797,2024-06-08 18:59:22.606868,Incomplete,269,4,432.84
274,184,2024-11-23 04:36:12.946500,Incomplete,869,4,93.68
275,78,2024-11-25 19:33:01.850044,Incomplete,737,1,82.31
276,27,2023-02-08 08:44:48.479197,Complete,369,5,1540.55
277,560,2024-02-23 03:51:04.187149,Complete,90,2,945.9
278,56,2023-07-04 13:33:12.442012,Complete,236,4,1767.36
279,64,2024-02-12 05:46:30.479465,Complete,619,3,991.89
280,611,2023-03-20 03:42:00.109368,Complete,885,2,415.74
281,116,2024-01-14 02:34:39.277505,Incomplete,533,3,68.97
282,436,2023-05-09 21:54:19.380437,Incomplete,896,3,1125.57
283,568,2023-04-05 06:45:13.316087,Complete,686,2,672.16
284,610,2023-10-29 12:01:09.263022,Incomplete,823,3,629.76
285,660,2023-04-13 01:06:45.399879,Complete,815,5,1339.6
286,162,2025-01-22 21:25:43.963559,Complete,502,3,558.45
287,14,2024-11-27 21:58:54.829838,Incomplete,467,3,93.72
288,92,2024-06-13 05:50:07.356209,Incomplete,602,2,779.96
289,830,2023-06-14 10:52:01.798838,Complete,763,4,1846.88
290,316,2024-11-21 09:18:22.568643,Incomplete,481,3,718.98
291,43,2023-09-27 23:11:49.835852,Complete,534,1,345.55
292,324,2025-01-05 08:21:58.999632,Complete,129,1,272.12
293,65,2025-01-05 07:37:26.973513,Complete,863,2,124.08
294,662,2023-04-16 07:01:52.773899,Complete,588,1,495.98
295,983,2023-09-17 06:53:19.023911,Complete,444,4,1171.08
296,277,2023-11-01 16:14:35.603725,Incomplete,385,2,157.4
297,481,2023-10-18 23:00:18.769454,Incomplete,177,5,1866.0
298,830,2023-10-13 13:49:32.920654,Incomplete,811,2,12.12
299,450,2024-07-30 04:09:35.743464,Complete,768,1,379.38
300,4,2024-08-07 23:54:37.559032,Complete,442,4,1916.2
301,337,2024-01-21 10:55:42.858792,Incomplete,274,2,868.54
302,739,2025-01-21 22:27:34.816919,Complete,76,4,1282.92
303,368,2023-11-23 06:37:59.280660,Complete,331,2,845.0
304,20,2023-10-13 23:45:33.969525,Incomplete,874,1,355.05
305,593,2024-10-07 19:32:05.543591,Complete,19,2,280.74
306,663,2024-06-03 20:22:32.037227,Complete,765,1,253.58
307,398,2024-10-28 14:23:32.120945,Incomplete,381,1,130.13
308,868,2024-04-06 03:52:09.465985,Incomplete,673,3,592.29
309,811,2024-05-05 21:29:13.826970,Incomplete,953,1,163.75
310,359,2024-06-06 09:43:44.705848,Complete,923,3,1114.5
311,298,2023-07-27 19:14:21.125265,Incomplete,384,2,270.8
312,255,2024-09-17 08:01:27.612029,Complete,11,3,1092.45
313,194,2023-05-19 01:54:45.821602,Complete,18,2,666.76
314,675,2024-08-26 01:46:15.815537,Incomplete,126,2,357.44
315,232,2024-02-28 10:36:54.688072,Incomplete,251,3,922.17
316,381,2024-06-28 02:40:53.025690,Complete,970,4,364.24
317,565,2023-01-31 04:12:32.404647,Incomplete,900,5,1263.2
318,885,2024-07-08 08:38:55.933270,Complete,307,5,330.25
319,519,2024-02-13 14:22:48.285108,Complete,636,5,2257.1
320,780,2023-06-27 16:44:16.091488,Incomplete,295,3,1188.66
321,718,2024-06-04 02:38:12.623129,Incomplete,532,1,146.98
322,574,2024-02-29 16:32:52.325372,Complete,527,2,872.28
323,670,2024-01-06 00:18:28.666463,Incomplete,415,5,1303.3
324,68,2024-09-06 17:58:18.003953,Incomplete,170,4,1338.8
325,816,2025-01-04 05:20:21.058588,Incomplete,377,3,1306.98
326,284,2023-02-11 02:00:00.750017,Complete,503,5,394.75
327,726,2023-06-16 10:40:19.087303,Complete,968,5,190.25
328,173,2023-09-15 04:29:21.562889,Incomplete,703,3,1033.11
329,882,2024-06-27 03:42:26.669101,Incomplete,497,1,416.73
330,549,2023-06-30 21:31:44.032638,Complete,620,4,1850.16
331,847,2023-08-03 21:35:15.933246,Complete,174,2,141.22
332,984,2024-04-25 00:00:10.534539,Complete,324,4,336.04
333,599,2023-08-26 22:28:20.426110,Incomplete,440,1,307.93
334,494,2023-11-27 07:22:43.099844,Complete,173,1,293.95
335,589,2023-04-13 11:46:09.678766,Incomplete,520,3,1409.85
336,111,2024-12-18 15:39:58.868723,Complete,945,5,1248.15
337,532,2024-05-13 16:26:42.939242,Incomplete,218,3,393.84
338,45,2024-12-16 19:40:07.488945,Complete,456,5,2202.6
339,286,2025-01-19 15:59:53.799392,Complete,922,1,36.02
340,332,2023-12-28 01:46:49.490676,Complete,905,5,838.8
341,14,2024-07-16 07:56:41.031428,Complete,167,1,381.38
342,923,2024-04-28 10:51:38.895902,Complete,805,4,216.88
343,481,2025-01-06 21:56:01.541827,Incomplete,122,3,336.54
344,583,2024-07-25 16:06:34.604247,Complete,41,4,1571.72
345,584,2023-05-07 17:03:11.712124,Complete,102,5,242.85
346,825,2024-02-01 13:07:53.238170,Incomplete,772,2,203.92
347,132,2023-12-03 01:29:56.432397,Incomplete,128,4,1143.0
348,125,2023-04-18 01:05:15.409240,Incomplete,606,1,194.69
349,274,2024-11-17 10:48:21.563710,Incomplete,520,4,1356.44
350,587,2023-10-23 04:32:55.958749,Incomplete,76,3,1180.05
351,258,2023-05-12 09:26:08.105105,Incomplete,888,3,586.68
352,943,2023-10-06 06:09:42.380763,Complete,533,1,306.91
353,924,2023-11-14 13:19:52.528104,Complete,630,5,1182.65
354,145,2024-07-26 18:32:01.679184,Complete,45,4,201.08
355,995,2023-04-23 13:33:42.664614,Complete,398,3,72.03
356,762,2024-01-06 07:48:32.201861,Incomplete,718,5,2221.9
357,263,2024-05-10 13:41:52.842883,Incomplete,553,2,319.08
358,635,2024-01-28 10:48:12.698998,Incomplete,753,2,629.48
359,288,2023-10-02 01:30:19.992793,Complete,233,1,369.19
360,683,2023-03-18 22:13:45.514977,Incomplete,498,1,86.67
361,293,2025-01-15 19:01:02.810317,Incomplete,525,1,367.22
362,543,2024-10-30 12:32:23.074033,Incomplete,959,1,195.07
363,524,2024-09-29 20:35:40.818382,Complete,525,1,251.69
364,573,2024-01-30 03:26:23.374957,Incomplete,469,3,1175.64
365,232,2024-06-19 09:23:31.038578,Complete,772,3,630.96
366,643,2024-05-20 09:27:12.407722,Incomplete,282,2,825.46
367,75,2024-01-02 02:23:00.149442,Incomplete,368,3,931.92
368,109,2023-02-03 06:44:20.446477,Incomplete,544,2,166.0
369,352,2024-01-15 14:31:50.462612,Incomplete,441,4,907.4
370,912,2023-07-28 05:03:11.261259,Incomplete,681,3,731.49
371,841,2024-10-09 17:31:07.647525,Incomplete,863,2,165.2
372,996,2025-01-23 01:56:11.646581,Incomplete,481,1,495.88
373,431,2024-03-03 01:04:48.759851,Incomplete,410,4,227.88
374,44,2024-01-19 22:28:54.678838,Incomplete,106,4,497.64
375,445,2023-07-04 04:34:00.908705,Complete,268,3,1377.3
376,662,2024-08-12 16:31:00.475220,Complete,659,4,1372.48
377,590,2024-03-18 05:08:43.276737,Incomplete,578,2,678.1
378,799,2023-07-13 21:29:12.332688,Incomplete,788,3,457.38
379,151,2024-04-08 04:39:31.132871,Incomplete,693,5,894.9
380,858,2023-08-26 20:30:23.740921,Incomplete,698,2,75.74
381,989,2023-08-15 04:13:46.690489,Incomplete,512,4,997.28
382,995,2023-11-23 01:03:46.592831,Incomplete,151,2,56.86
383,101,2023-10-04 03:26:52.953961,Complete,696,3,62.37
384,565,2023-04-19 09:32:14.724433,Incomplete,787,1,392.08
385,848,2023-07-13 14:29:33.352644,Complete,964,4,1661.2
386,176,2023-08-20 04:37:17.097019,Incomplete,935,1,226.72
387,843,2024-09-15 20:28:42.025891,Incomplete,187,4,803.64
388,663,2024-01-20 04:16:02.342169,Incomplete,308,1,400.6
389,757,2024-07-02 15:44:57.874192,Incomplete,472,1,380.48
390,215,2023-10-15 11:18:54.402156,Complete,599,4,1448.96
391,334,2023-03-16 13:47:37.219713,Complete,50,2,421.06
392,398,2024-11-27 01:50:22.094217,Complete,36,1,320.34
393,376,2024-12-02 11:06:42.933707,Complete,489,1,346.98
394,296,2024-11-04 17:54:20.306282,Complete,906,2,638.34
395,177,2023-05-27 15:22:32.672275,Incomplete,970,1,403.47
396,258,2024-09-07 00:59:10.391494,Incomplete,661,3,983.37
397,673,2024-07-10 12:28:32.064200,Complete,140,3,751.38
398,711,2023-05-12 09:53:59.018805,Incomplete,800,5,2287.5
399,596,2024-12-22 13:51:32.779309,Complete,692,3,1456.68
400,588,2023-09-24 10:27:34.154223,Complete,446,3,1332.18
401,61,2023-04-01 08:42:39.400526,Incomplete,826,5,1885.6
402,946,2024-07-21 14:33:46.697055,Complete,328,2,106.18
403,92,2023-06-06 04:16:58.194212,Incomplete,643,2,576.62
404,410,2024-05-03 05:32:27.321214,Complete,943,3,378.78
405,915,2024-11-18 09:16:39.144038,Complete,250,5,2225.7
406,810,2024-11-19 05:35:25.120736,Incomplete,634,2,248.74
407,600,2023-05-02 08:54:08.850363,Incomplete,450,4,619.64
408,51,2024-02-03 15:56:53.937032,Incomplete,615,5,677.05
409,339,2024-08-06 09:37:30.486988,Complete,638,2,277.28
410,585,2023-03-25 12:24:19.696509,Complete,804,4,397.2
411,756,2023-06-05 10:02:03.108277,Incomplete,228,2,127.68
412,57,2024-12-27 04:35:45.140597,Complete,819,2,211.74
413,222,2024-08-23 07:52:59.504388,Incomplete,443,4,673.28
414,488,2023-11-08 22:36:22.488923,Complete,163,4,648.6
415,185,2024-03-26 22:11:05.065953,Incomplete,852,4,1917.44
416,89,2024-03-22 23:19:51.581587,Incomplete,810,5,1220.65
417,171,2023-10-25 14:45:31.317166,Incomplete,937,5,2259.75
418,465,2023-12-18 15:39:37.981784,Incomplete,11,4,459.64
419,535,2023-04-08 17:15:47.607734,Complete,883,3,945.39
420,679,2024-11-23 11:58:05.823564,Incomplete,911,1,333.3
421,585,2023-11-14 11:57:55.418943,Complete,57,3,348.63
422,764,2024-03-17 06:12:52.713173,Incomplete,475,1,248.08
423,415,2023-06-26 19:10:19.782004,Complete,689,2,341.42
424,210,2023-05-18 19:30:57.324538,Incomplete,472,4,1486.56
425,769,2024-12-13 12:12:01.134054,Incomplete,942,4,1662.84
426,301,2024-07-26 22:18:24.175802,Incomplete,637,4,467.84
427,224,2024-03-11 08:06:52.695701,Incomplete,535,5,2083.65
428,266,2023-03-12 22:56:38.551991,Complete,131,4,673.32
429,557,2023-12-24 22:33:33.826337,Complete,97,4,37.2
430,101,2023-09-03 17:26:26.796762,Incomplete,176,5,2252.35
431,520,2023-09-25 07:18:25.129459,Incomplete,94,5,2311.3
432,573,2023-09-14 04:56:43.704829,Complete,223,2,371.56
433,303,2023-10-18 07:04:12.663871,Complete,593,2,206.96
434,117,2023-06-29 00:07:54.982269,Incomplete,799,1,297.15
435,869,2024-06-15 06:21:13.373873,Complete,67,1,7.36
436,639,2023-08-22 19:07:17.807671,Incomplete,822,2,555.46
437,381,2023-06-30 02:16:53.146105,Complete,683,2,173.98
438,989,2025-01-23 22:30:52.434037,Incomplete,243,4,818.6
439,490,2023-07-31 10:54:06.146694,Incomplete,602,4,1458.48
440,902,2023-04-07 06:58:57.471596,Incomplete,160,2,704.04
441,768,2023-11-26 02:01:27.907733,Incomplete,964,4,744.4
442,312,2024-10-23 14:49:01.553483,Complete,752,5,1340.9
443,900,2024-08-06 20:46:09.142585,Incomplete,567,3,616.65
444,368,2024-09-22 18:53:46.426649,Incomplete,837,2,233.92
445,115,2023-05-11 13:50:05.800244,Complete,878,4,669.56
446,24,2025-01-23 04:21:46.012430,Incomplete,387,4,1565.32
447,799,2023-08-31 19:33:52.765893,Incomplete,723,2,950.22
448,776,2024-03-13 14:58:38.492145,Complete,154,4,1261.48
449,299,2023-04-28 10:38:14.273365,Incomplete,479,2,185.88
450,520,2024-11-13 19:12:50.968012,Incomplete,673,1,401.02
451,963,2023-11-20 06:35:10.852958,Incomplete,308,2,906.82
452,499,2023-02-03 07:17:02.073925,Complete,848,5,276.45
453,170,2023-05-11 14:21:37.749192,Complete,842,4,1124.2
454,966,2023-06-04 06:50:36.944845,Complete,470,5,682.9
455,367,2023-04-04 08:17:54.319944,Complete,170,4,911.12
456,479,2023-06-18 11:34:09.167650,Incomplete,11,5,1178.45
457,104,2023-02-26 19:58:49.562456,Complete,117,2,187.76
458,678,2024-12-22 09:23:30.441393,Incomplete,93,4,295.24
459,973,2025-01-14 19:04:39.268048,Complete,513,3,1475.97
460,510,2023-08-16 09:12:06.695823,Complete,52,3,499.56
461,666,2024-02-06 15:56:53.236575,Complete,9,5,860.2
462,124,2024-04-15 12:00:28.815246,Incomplete,80,3,915.69
463,162,2023-09-04 12:13:18.560669,Complete,945,2,410.8
464,610,2023-10-18 17:47:00.582518,Incomplete,361,3,711.24
465,168,2024-06-12 17:15:20.997710,Incomplete,770,1,429.73
466,216,2023-12-19 08:50:40.606099,Incomplete,317,2,24.16
467,448,2024-03-26 17:05:35.874728,Incomplete,137,5,1225.4
468,190,2024-10-11 00:41:56.963364,Complete,711,4,377.56
469,566,2024-01-15 08:30:27.044267,Incomplete,288,5,114.35
470,137,2023-05-14 08:53:42.208621,Incomplete,782,5,384.35
471,736,2024-11-26 17:00:36.762991,Incomplete,145,4,347.16
472,418,2023-03-26 13:20:35.249519,Incomplete,752,3,792.15
473,961,2023-06-03 00:22:27.916352,Incomplete,498,3,82.65
474,422,2023-06-05 02:24:15.439389,Incomplete,905,5,1383.5
475,927,2024-04-27 20:34:20.505410,Complete,1,3,1235.01
476,96,2024-12-14 02:24:09.466850,Complete,265,2,212.94
477,801,2023-05-22 03:22:50.542115,Incomplete,167,4,458.92
478,508,2023-12-07 12:50:15.730404,Incomplete,829,5,2264.7
479,937,2023-02-04 00:54:17.601995,Incomplete,994,3,477.06
480,527,2024-09-22 22:49:23.273582,Incomplete,596,2,402.02
481,365,2024-10-03 03:25:45.122844,Complete,418,2,880.94
482,913,2023-05-13 05:03:34.275962,Incomplete,103,1,319.52
483,100,2024-04-03 06:55:04.298511,Incomplete,106,3,1267.95
484,599,2023-11-15 02:26:57.014228,Complete,634,3,1061.31
485,273,2023-06-08 12:10:10.560295,Incomplete,981,4,1462.6
486,37,2023-02-12 06:22:25.446694,Complete,281,4,1242.72
487,48,2024-10-24 05:15:18.638836,Complete,111,5,1978.55
488,403,2024-06-02 10:22:42.622066,Complete,677,3,246.84
489,288,2023-03-27 18:24:00.959067,Complete,189,4,976.24
490,898,2023-10-28 18:51:06.419342,Incomplete,894,5,1149.55
491,63,2023-07-16 21:30:01.925057,Incomplete,147,5,1179.9
492,980,2024-06-28 21:05:57.817961,Complete,136,5,809.05
493,631,2024-02-04 07:42:52.758853,Incomplete,750,2,851.24
494,674,2023-10-09 07:19:17.235559,Incomplete,416,2,848.76
495,985,2023-11-21 05:07:05.057391,Incomplete,140,4,387.32
496,720,2024-10-30 11:44:18.477982,Incomplete,24,5,1146.9
497,500,2024-07-28 13:36:59.092306,Complete,982,2,483.5
498,768,2024-05-28 23:09:55.845508,Incomplete,677,3,1044.12
499,825,2023-09-25 16:47:59.816690,Complete,124,5,1984.5
500,93,2023-11-28 09:21:36.595167,Complete,120,3,142.89
501,610,2023-12-11 08:18:39.770691,Incomplete,204,4,792.04
502,957,2024-07-09 06:45:00.142458,Incomplete,816,1,399.11
503,959,2023-02-24 16:23:21.401874,Incomplete,99,1,377.17
504,334,2023-02-16 15:00:49.891437,Incomplete,670,3,1033.68
505,672,2024-11-05 02:33:51.823856,Complete,105,3,528.81
506,343,2024-01-04 10:17:33.645032,Complete,348,5,125.95
507,951,2024-06-19 22:12:51.700521,Complete,956,3,1435.23
508,727,2023-02-13 09:12:53.044320,Incomplete,471,1,91.98
509,722,2024-08-13 22:35:46.185455,Complete,961,5,1616.0
510,86,2025-01-13 21:24:29.137119,Incomplete,905,5,575.8
511,147,2023-02-02 10:08:45.699624,Incomplete,924,4,1566.96
512,309,2024-06-06 10:34:03.332488,Incomplete,261,3,646.92
513,238,2023-02-05 09:40:58.909552,Incomplete,791,5,2192.65
514,213,2023-11-06 20:27:39.467811,Complete,462,1,358.13
515,683,2024-02-12 04:09:53.660503,Incomplete,324,4,902.6
516,277,2023-08-08 17:42:02.190934,Complete,138,3,1137.09
517,964,2023-04-09 03:02:08.352398,Complete,891,4,199.04
518,946,2024-04-24 03:36:16.092256,Incomplete,490,3,1428.69
519,407,2024-09-06 04:36:36.878475,Incomplete,608,2,576.56
520,678,2023-04-27 14:51:05.375057,Complete,346,3,1097.97
521,497,2023-10-29 12:59:21.691280,Incomplete,350,3,1079.46
522,705,2023-07-09 02:43:16.718953,Complete,48,1,81.45
523,321,2023-07-15 03:08:53.486793,Complete,157,2,181.88
524,727,2023-07-15 13:30:20.557835,Complete,87,1,425.36
525,273,2023-07-13 06:38:28.717557,Complete,437,5,1459.6
526,28,2023-03-29 16:31:10.052451,Incomplete,128,5,2105.3
527,583,2024-05-04 11:32:52.535796,Complete,725,4,1046.32
528,904,2023-03-16 08:38:30.713695,Incomplete,902,5,709.0
529,201,2024-05-30 12:17:21.823819,Incomplete,838,4,235.56
530,395,2024-02-25 23:29:31.411823,Complete,711,3,1160.22
531,943,2024-07-31 18:25:26.055210,Incomplete,297,2,430.26
532,876,2024-07-13 17:01:16.628699,Incomplete,507,4,243.92
533,269,2024-11-08 21:36:14.954448,Complete,932,4,589.84
534,668,2023-07-28 23:12:04.090384,Incomplete,983,3,1229.52
535,179,2023-06-08 03:17:14.514762,Incomplete,436,5,1036.3
536,520,2025-01-23 13:17:52.965896,Incomplete,422,1,413.04
537,653,2023-05-14 10:38:41.706121,Complete,812,5,1907.0
538,357,2024-04-22 22:18:34.582922,Complete,772,1,164.56
539,623,2023-04-05 01:19:26.395484,Incomplete,489,1,425.74
540,862,2024-06-24 07:57:40.613704,Incomplete,555,1,418.18
541,229,2023-03-20 23:36:26.099934,Incomplete,890,3,717.75
542,568,2024-01-12 06:43:24.272507,Incomplete,364,4,1409.52
543,177,2024-05-23 11:24:48.255258,Incomplete,294,2,951.56
544,604,2024-05-29 10:45:17.071666,Incomplete,905,1,43.44
545,894,2024-05-23 00:13:34.908082,Complete,389,3,1204.5
546,55,2023-08-28 15:34:09.407593,Incomplete,600,2,454.2
547,135,2023-08-22 03:19:16.968024,Complete,784,1,473.53
548,814,2024-11-06 19:10:24.150341,Incomplete,758,4,1872.76
549,803,2024-04-24 11:32:56.878008,Complete,647,3,331.89
550,875,2024-10-13 15:56:42.257900,Incomplete,945,1,183.13
551,484,2024-09-24 18:42:59.542003,Incomplete,844,4,1562.24
552,762,2024-05-08 21:37:37.623432,Complete,64,3,1215.9
553,918,2023-08-27 03:18:06.949637,Complete,350,2,19.46
554,103,2023-08-14 08:16:39.670922,Complete,460,5,1278.45
555,934,2023-04-06 08:15:52.291344,Complete,661,2,176.02
556,148,2024-10-01 07:37:51.064659,Complete,146,2,588.34
557,359,2023-07-07 12:28:44.865869,Complete,28,5,1780.4
558,711,2023-08-21 06:12:34.024809,Complete,396,3,1338.66
559,927,2023-11-02 12:49:46.371769,Complete,378,1,231.4
560,219,2023-04-26 01:37:06.706559,Complete,408,4,1752.64
561,222,2023-05-25 15:02:14.513530,Incomplete,1,1,375.08
562,648,2023-04-05 00:18:01.955929,Incomplete,286,1,237.94
563,268,2024-02-24 19:40:02.427175,Complete,250,2,520.98
564,951,2024-12-24 12:14:24.754349,Complete,65,3,697.86
565,298,2023-04-11 12:10:29.909730,Incomplete,567,3,1098.51
566,894,2023-04-04 14:16:48.263597,Incomplete,604,1,64.84
567,291,2023-01-29 02:11:21.291895,Incomplete,155,5,1818.8
568,944,2023-09-05 19:18:49.189533,Complete,964,5,228.9
569,84,2024-11-25 15:49:42.935144,Complete,941,5,1091.0
570,268,2023-02-07 03:57:55.842139,Complete,884,1,239.31
571,707,2024-03-07 06:01:41.539740,Incomplete,905,5,1731.05
572,570,2024-07-13 10:37:51.526741,Incomplete,650,2,539.94
573,776,2024-12-10 15:51:44.710744,Complete,837,3,212.22
574,811,2023-02-22 01:23:18.137017,Complete,764,2,294.38
575,154,2023-04-15 18:24:31.816751,Complete,87,5,1486.65
576,383,2024-06-11 23:14:52.662824,Complete,647,3,761.52
577,184,2024-07-08 12:56:10.677538,Complete,693,5,1772.45
578,918,2025-01-18 19:43:46.364145,Complete,777,3,1419.54
579,776,2023-07-18 07:23:57.952797,Incomplete,703,3,347.64
580,725,2024-10-09 08:17:58.237782,Complete,893,5,250.8
581,615,2024-05-17 09:38:50.520121,Incomplete,614,3,49.35
582,514,2024-07-23 16:06:12.435694,Incomplete,896,4,1553.88
583,515,2023-04-08 11:26:27.871465,Incomplete,531,2,87.82
584,354,2023-02-17 17:27:00.323578,Complete,930,3,459.99
585,470,2024-04-13 23:53:37.430473,Complete,966,4,778.12
586,902,2024-07-05 01:54:22.165693,Incomplete,190,1,22.67
587,663,2023-02-17 04:58:13.094611,Complete,918,5,1596.3
588,429,2024-05-22 19:20:37.692030,Complete,50,5,2248.25
589,285,2024-04-16 09:56:04.838712,Complete,822,4,1469.76
590,29,2024-02-11 07:25:10.021735,Incomplete,962,2,379.92
591,255,2024-09-13 14:24:31.483488,Incomplete,897,2,593.94
592,117,2023-12-22 10:36:23.206498,Complete,336,1,245.66
593,253,2023-02-27 11:21:01.635680,Incomplete,570,5,2485.45
594,441,2024-02-02 04:23:38.579156,Complete,881,1,344.53
595,571,2023-09-20 20:55:32.618097,Complete,903,5,1792.05
596,176,2023-04-01 11:03:18.842494,Complete,699,5,2392.0
597,389,2024-05-12 04:59:30.743256,Complete,750,3,191.52
598,496,2024-08-04 08:11:38.364363,Complete,221,1,134.68
599,123,2023-10-10 15:08:57.816079,Incomplete,888,4,584.16
600,335,2024-03-03 21:51:48.217234,Complete,974,1,471.61
601,888,2025-01-17 16:35:05.007384,Incomplete,504,2,100.58
602,139,2024-12-24 08:10:57.894237,Incomplete,525,5,2012.95
603,605,2024-02-25 18:11:02.631270,Complete,377,1,54.33
604,937,2024-07-13 05:26:01.315832,Complete,491,2,348.18
605,620,2023-03-23 21:05:11.906760,Complete,187,5,2086.35
606,487,2024-04-20 04:45:54.922761,Complete,246,5,1380.7
607,846,2024-06-04 14:20:40.193077,Complete,286,2,56.36
608,516,2023-11-14 18:20:19.118658,Complete,571,1,172.89
609,137,2024-10-08 06:16:22.351091,Complete,399,4,1935.08
610,386,2023-04-29 23:27:02.844440,Complete,189,3,435.57
611,933,2024-07-04 20:18:47.734741,Incomplete,434,1,207.81
612,226,2023-08-25 23:11:32.527009,Incomplete,999,4,992.52
613,577,2023-10-02 02:13:32.305791,Incomplete,400,2,244.34
614,956,2023-06-26 09:02:29.242222,Complete,733,4,977.48
615,868,2023-09-20 18:36:16.795691,Incomplete,990,5,1769.5
616,313,2024-07-18 00:14:13.644413,Complete,5,3,475.08
617,100,2024-07-30 16:16:48.877208,Incomplete,670,1,311.13
618,867,2024-01-17 00:43:36.941235,Incomplete,773,2,79.06
619,598,2024-08-08 13:48:34.081692,Complete,751,2,770.22
620,156,2024-01-12 10:42:29.400635,Incomplete,290,5,357.35
621,702,2023-08-05 23:59:39.018515,Incomplete,461,1,26.26
622,214,2023-07-30 03:53:45.080162,Incomplete,951,5,1721.7
623,195,2024-10-28 10:14:09.390994,Complete,811,4,627.88
624,171,2023-06-14 10:10:41.063465,Incomplete,51,3,1227.15
625,517,2024-06-20 16:32:53.320707,Incomplete,556,2,440.54
626,511,2025-01-03 21:44:07.453309,Complete,300,4,901.68
627,523,2023-03-11 22:45:41.166776,Complete,352,1,356.61
628,77,2024-10-21 06:06:12.922009,Incomplete,29,2,473.26
629,402,2024-01-11 19:31:14.335583,Complete,711,1,249.34
630,702,2024-09-28 14:43:29.868706,Complete,91,3,661.83
631,123,2023-04-18 08:54:25.710757,Incomplete,416,3,427.29
632,493,2024-12-27 19:41:50.334577,Incomplete,756,4,624.24
633,206,2023-05-18 16:36:55.009630,Complete,190,5,54.7
634,262,2024-02-26 01:03:57.841918,Complete,688,3,1425.87
635,790,2024-02-23 22:42:40.808858,Incomplete,622,3,1442.85
636,109,2024-01-07 04:42:31.357182,Complete,118,2,651.56
637,741,2023-08-22 13:29:07.591079,Incomplete,942,4,670.84
638,740,2024-06-04 02:44:44.490449,Complete,7,4,90.72
639,583,2024-12-30 14:28:28.431032,Complete,247,3,1371.63
640,378,2024-08-09 04:56:53.041777,Complete,803,1,350.4
641,312,2024-02-26 21:50:18.532567,Complete,422,5,2115.6
642,917,2023-12-14 20:39:27.573054,Complete,705,1,178.7
643,300,2024-01-09 18:43:57.416996,Incomplete,889,2,695.26
644,716,2024-05-03 18:24:53.104442,Complete,778,3,1064.22
645,849,2024-10-27 15:20:19.702549,Complete,110,5,147.05
646,568,2024-08-06 06:40:35.259885,Incomplete,82,3,508.05
647,759,2023-10-21 04:45:44.927107,Complete,100,3,138.03
648,349,2023-07-23 22:47:59.805282,Incomplete,426,1,321.64
649,185,2023-08-06 19:38:43.925162,Complete,530,2,993.1
650,71,2024-02-10 17:33:38.866760,Complete,699,5,711.5
651,243,2023-10-30 05:00:51.356556,Complete,925,1,135.9
652,902,2023-05-23 07:30:17.740885,Incomplete,97,2,852.22
653,892,2024-12-11 10:05:25.079940,Complete,752,1,101.8
654,521,2024-08-22 05:34:56.739465,Complete,112,5,1970.75
655,574,2024-06-08 06:48:14.972231,Complete,41,5,1120.95
656,38,2023-06-02 04:33:23.175372,Incomplete,257,5,902.5
657,549,2024-05-08 21:03:11.099072,Incomplete,672,1,278.77
658,690,2024-06-09 12:52:26.110399,Incomplete,445,5,413.15
659,859,2023-10-23 05:39:20.908333,Complete,146,3,955.44
660,797,2024-07-18 12:33:10.369483,Complete,844,1,210.4
661,287,2024-03-15 19:58:04.984790,Incomplete,825,4,1085.76
662,215,2023-12-17 21:46:06.378994,Incomplete,317,1,411.44
663,297,2024-09-03 19:56:52.928035,Complete,531,2,913.98
664,141,2023-02-10 23:06:24.342934,Incomplete,260,5,1024.0
665,282,2023-07-31 19:15:09.190990,Complete,550,4,151.4
666,650,2024-01-01 05:44:41.927547,Complete,264,1,483.5
667,123,2025-01-11 04:09:30.163469,Complete,463,3,299.22
668,655,2023-08-15 07:35:27.152648,Incomplete,158,3,1322.7
669,861,2023-06-19 06:05:28.785982,Complete,648,2,66.72
670,253,2024-06-27 16:52:45.372564,Incomplete,893,1,337.19
671,979,2023-12-15 20:05:20.868073,Complete,72,3,532.05
672,979,2023-03-07 15:54:11.949644,Complete,956,5,187.55
673,843,2023-03-06 21:55:45.206729,Incomplete,200,3,1089.42
674,239,2024-05-12 07:16:50.009196,Incomplete,789,3,463.8
675,236,2023-11-02 04:55:34.672005,Complete,600,1,396.8
676,459,2024-12-06 03:06:19.130280,Incomplete,322,4,1834.04
677,944,2024-07-19 23:15:17.237194,Complete,223,3,958.26
678,32,2024-08-31 18:19:30.562577,Incomplete,922,4,839.24
679,383,2023-06-14 22:00:45.854299,Complete,579,4,1241.96
680,656,2024-12-09 03:38:13.267627,Complete,771,5,333.95
681,492,2023-12-12 05:04:07.808184,Complete,307,1,457.57
682,919,2023-03-29 18:29:18.278794,Incomplete,137,5,1600.95
683,840,2024-12-26 04:52:33.153669,Incomplete,614,1,162.32
684,270,2023-11-25 15:07:15.235315,Complete,788,5,309.35
685,691,2024-05-21 03:59:51.610646,Complete,509,5,1197.75
686,376,2023-08-20 13:58:10.962620,Complete,253,4,1461.64
687,773,2023-05-14 02:38:30.309382,Complete,892,4,1366.44
688,89,2024-07-01 10:23:03.312293,Incomplete,492,1,15.49
689,326,2024-06-05 09:45:28.848036,Complete,114,5,1499.55
690,920,2024-06-23 13:38:57.244924,Complete,534,2,771.82
691,849,2024-02-12 08:11:28.966437,Incomplete,328,3,1014.45
692,268,2024-04-29 01:43:25.491849,Complete,618,4,602.48
693,801,2024-10-12 10:52:56.108890,Complete,964,5,1124.15
694,701,2024-12-16 19:57:09.070001,Incomplete,283,1,386.21
695,954,2024-01-18 16:16:26.245081,Incomplete,660,3,1116.27
696,782,2024-08-04 23:29:56.901394,Incomplete,513,1,197.75
697,10,2024-08-11 05:11:51.539539,Incomplete,814,2,369.98
698,120,2024-05-04 17:35:30.868461,Incomplete,48,3,256.59
699,638,2023-03-16 14:13:08.614913,Complete,316,1,99.9
700,434,2023-12-28 08:49:37.331348,Incomplete,324,1,143.13
701,567,2024-06-23 11:49:24.360354,Incomplete,53,1,399.92
702,461,2024-01-03 06:25:36.011136,Complete,396,4,510.32
703,778,2023-10-15 16:49:21.486852,Incomplete,278,4,1406.24
704,369,2024-11-13 08:28:37.916542,Complete,457,1,169.79
705,592,2024-08-11 09:33:35.674029,Complete,37,1,74.81
706,637,2025-01-09 02:46:11.522682,Incomplete,459,4,547.56
707,614,2023-11-03 19:41:51.646796,Complete,366,3,271.05
708,643,2023-09-08 17:36:57.896449,Incomplete,199,1,179.82
709,988,2023-06-12 19:22:06.513323,Complete,729,1,84.96
710,57,2023-06-14 20:43:37.986927,Complete,344,3,1245.81
711,84,2023-11-07 19:36:45.584096,Complete,449,1,401.98
712,967,2023-12-29 16:53:57.754793,Complete,511,2,664.2
713,295,2024-11-18 01:52:26.265922,Incomplete,215,3,856.65
714,654,2023-03-04 20:21:40.566993,Complete,135,4,442.92
715,926,2024-09-15 05:53:10.955391,Complete,826,1,350.42
716,824,2024-10-30 04:49:09.296062,Complete,589,3,1345.92
717,997,2024-09-12 18:44:21.106869,Incomplete,686,3,1253.7
718,234,2025-01-22 23:06:39.380961,Incomplete,849,2,463.84
719,629,2023-08-20 18:00:19.576011,Incomplete,212,3,1490.34
720,742,2024-01-06 16:34:37.320896,Complete,569,3,961.98
721,134,2023-03-09 02:39:42.335222,Complete,60,3,630.72
722,918,2024-12-20 07:12:24.423638,Complete,317,1,332.71
723,98,2023-12-19 01:33:19.238201,Complete,694,2,284.04
724,147,2024-10-12 04:53:11.349915,Complete,288,1,109.59
725,317,2023-10-07 11:37:46.404757,Incomplete,478,2,494.16
726,959,2023-01-29 14:14:20.564856,Complete,561,5,2385.05
727,148,2023-07-28 07:12:41.367636,Complete,416,5,943.75
728,922,2024-09-09 17:29:27.355540,Complete,577,2,403.48
729,45,2023-04-21 11:46:34.597857,Complete,903,1,487.57
730,824,2023-03-27 14:24:30.274857,Incomplete,584,4,144.28
731,440,2024-11-20 08:04:47.819004,Incomplete,2,2,351.86
732,452,2024-12-09 22:57:16.726082,Incomplete,507,2,27.04
733,376,2024-10-02 17:46:30.723667,Complete,49,3,134.34
734,397,2024-01-07 15:10:07.187628,Complete,389,2,836.72
735,324,2023-05-07 12:20:41.433634,Complete,794,1,255.22
736,366,2024-01-13 16:43:43.930058,Incomplete,741,1,247.58
737,734,2023-04-22 02:02:45.140954,Complete,203,4,1530.48
738,725,2023-07-30 19:27:15.145798,Incomplete,277,3,986.94
739,337,2023-12-27 12:45:15.143342,Complete,527,2,91.38
740,197,2023-04-04 19:06:09.131986,Incomplete,336,3,936.75
741,423,2024-12-03 00:47:23.198225,Incomplete,542,5,1173.85
742,237,2024-06-26 20:02:04.907736,Complete,585,5,2201.95
743,768,2023-11-08 02:30:53.234104,Incomplete,535,2,434.08
744,441,2023-10-10 09:57:00.134663,Incomplete,400,2,195.88
745,50,2023-09-02 16:40:51.998262,Complete,80,5,1168.1
746,91,2023-08-25 00:13:35.564975,Incomplete,277,4,487.76
747,804,2023-05-17 17:29:56.575833,Incomplete,984,1,44.07
748,587,2024-03-07 01:09:15.757001,Incomplete,172,1,319.12
749,564,2025-01-25 02:51:24.534954,Incomplete,980,1,117.11
750,322,2024-03-30 00:12:52.382258,Complete,850,2,616.18
751,451,2023-06-04 16:31:50.946027,Complete,818,2,648.38
752,730,2023-10-08 19:22:16.600756,Incomplete,901,1,417.19
753,488,2023-09-18 23:46:06.716805,Incomplete,318,5,1214.55
754,344,2023-10-10 07:53:47.714136,Incomplete,97,5,2440.15
755,748,2024-09-15 14:57:48.350308,Complete,959,1,13.64
756,574,2024-10-30 21:22:26.044697,Complete,467,5,1728.35
757,333,2023-02-15 10:17:18.945247,Complete,693,4,1161.24
758,650,2024-02-14 12:23:02.650134,Incomplete,992,5,550.35
759,230,2025-01-08 22:37:22.751498,Complete,187,5,2018.75
760,830,2024-03-13 04:02:44.842642,Complete,172,5,1062.45
761,900,2023-05-13 09:31:39.297153,Complete,557,1,468.68
762,475,2024-10-23 15:36:01.631486,Incomplete,338,2,248.98
763,4,2024-01-01 12:26:36.933713,Complete,403,4,112.12
764,428,2023-10-02 08:53:21.561918,Complete,743,3,405.51
765,264,2023-03-22 14:02:51.154020,Complete,4,3,797.61
766,617,2024-10-07 14:48:35.166157,Incomplete,67,4,312.8
767,474,2023-03-22 20:25:29.831566,Complete,729,5,1217.2
768,604,2024-01-29 03:36:42.050524,Incomplete,849,2,480.02
769,187,2023-05-27 04:42:33.429102,Complete,467,2,230.74
770,474,2024-03-26 21:57:09.869576,Incomplete,464,5,1442.2
771,33,2023-12-05 10:41:22.964009,Complete,789,4,661.44
772,925,2023-10-15 14:14:03.880470,Incomplete,860,2,560.36
773,41,2024-12-02 03:53:49.886802,Incomplete,669,5,546.3
774,558,2023-08-23 03:52:00.739021,Incomplete,91,3,1242.21
775,993,2023-09-21 17:05:26.414219,Incomplete,187,3,1218.15
776,312,2024-05-01 08:50:54.958389,Complete,47,4,1422.92
777,479,2024-03-15 16:27:12.035445,Complete,555,4,445.0
778,125,2024-06-01 16:06:45.119939,Complete,457,2,388.66
779,338,2024-04-01 12:55:24.158591,Incomplete,412,3,324.06
780,131,2024-11-25 13:12:40.816262,Incomplete,835,4,1214.4
781,598,2024-01-11 11:54:18.015196,Complete,487,1,496.1
782,115,2025-01-08 08:49:42.065477,Incomplete,891,2,31.18
783,156,2024-09-25 11:39:01.946019,Incomplete,38,1,282.73
784,945,2024-06-05 08:33:58.915997,Incomplete,929,5,26.25
785,316,2023-05-31 21:59:32.135973,Complete,427,2,273.14
786,763,2025-01-13 19:48:47.538811,Incomplete,700,2,452.3
787,911,2024-12-06 23:23:39.062257,Complete,335,5,788.7
788,916,2024-05-02 22:32:20.262763,Complete,966,5,1378.9
789,297,2024-06-10 05:39:03.231721,Complete,315,2,471.64
790,99,2023-03-09 03:35:53.758564,Incomplete,937,1,224.92
791,416,2024-02-20 02:32:46.273003,Complete,869,1,479.62
792,461,2024-12-05 13:49:48.188447,Incomplete,751,3,1086.12
793,95,2024-08-21 17:37:48.747982,Incomplete,295,3,870.21
794,838,2024-01-08 16:35:03.536654,Complete,171,4,1631.92
795,876,2024-08-31 16:37:03.674548,Complete,260,4,1723.72
796,522,2024-06-21 23:50:53.215254,Complete,180,4,1445.88
797,913,2023-08-24 13:25:06.929348,Incomplete,11,5,1281.85
798,217,2024-02-03 12:25:15.744591,Incomplete,19,2,118.42
799,430,2024-05-17 07:59:52.706670,Incomplete,837,1,407.78
800,113,2023-05-14 08:20:38.747827,Complete,861,3,1045.47
801,190,2024-03-27 23:47:57.841891,Complete,919,2,611.4
802,734,2024-03-11 11:54:10.608416,Incomplete,916,2,55.32
803,447,2023-10-06 13:11:02.138257,Complete,49,2,520.26
804,83,2024-06-07 13:17:36.391955,Complete,295,3,883.56
805,500,2023-06-01 15:51:24.004949,Complete,119,3,159.84
806,269,2024-01-02 11:22:05.015804,Complete,665,2,982.56
807,700,2024-07-05 03:47:12.591478,Complete,296,1,154.0
808,736,2024-03-04 10:51:26.851087,Complete,669,2,806.62
809,923,2023-09-01 21:27:38.500270,Incomplete,310,2,444.96
810,532,2024-02-15 06:53:03.684524,Complete,403,4,925.04
811,237,2023-08-29 15:17:32.779511,Complete,959,2,41.98
812,328,2024-09-02 22:52:25.486327,Complete,293,3,813.45
813,958,2024-03-02 06:04:42.240683,Complete,31,1,5.7
814,516,2023-09-08 00:22:19.264410,Incomplete,554,3,641.34
815,812,2023-02-01 14:44:21.470912,Complete,380,1,117.31
816,760,2023-04-16 07:44:47.854498,Complete,365,2,253.96
817,177,2024-08-30 03:10:13.606116,Complete,374,3,883.74
818,954,2023-04-27 04:22:07.392989,Incomplete,738,2,857.78
819,121,2024-11-26 17:24:22.391013,Complete,464,5,1487.9
820,407,2024-11-05 23:57:24.505206,Complete,423,3,520.59
821,505,2023-06-11 23:44:01.765410,Incomplete,596,5,2464.1
822,583,2025-01-16 14:42:24.486403,Incomplete,650,2,836.36
823,616,2024-12-12 00:43:39.903784,Complete,515,2,144.44
824,586,2023-12-28 20:00:43.745980,Complete,120,1,316.82
825,577,2024-11-29 01:43:20.068655,Complete,640,4,1815.44
826,706,2024-09-07 08:43:43.251822,Incomplete,355,1,85.46
827,688,2023-06-07 21:16:59.781760,Complete,166,1,10.81
828,906,2023-08-01 01:44:44.689507,Complete,37,1,426.58
829,485,2023-05-27 18:54:41.738128,Incomplete,970,3,262.68
830,475,2024-07-30 21:09:23.799000,Complete,585,3,711.63
831,610,2024-11-04 11:23:56.341391,Incomplete,245,1,21.44
832,162,2024-01-04 09:56:51.825088,Incomplete,619,1,282.79
833,284,2023-02-08 09:08:35.648054,Complete,679,5,1726.9
834,749,2023-06-11 08:11:45.024191,Incomplete,987,5,2189.45
835,408,2024-06-09 12:32:16.484222,Complete,162,5,2002.55
836,322,2023-10-24 21:43:56.175755,Incomplete,666,1,453.57
837,426,2024-01-02 10:47:14.463609,Incomplete,787,4,1900.72
838,688,2024-01-18 08:52:58.253732,Complete,604,1,19.36
839,939,2023-03-09 10:18:01.025628,Incomplete,473,1,271.94
840,934,2023-05-13 03:15:49.680659,Complete,495,3,963.69
841,187,2024-11-29 13:29:35.955050,Complete,440,2,174.16
842,34,2024-07-01 14:36:33.490920,Incomplete,306,5,108.6
843,345,2024-07-19 16:30:17.756549,Incomplete,427,1,225.15
844,828,2023-07-01 19:54:49.325411,Complete,407,5,692.4
845,42,2023-05-16 22:24:15.489374,Complete,70,2,724.68
846,687,2023-01-29 00:22:10.796483,Incomplete,964,2,813.98
847,387,2023-09-27 10:31:31.722035,Complete,77,2,549.94
848,641,2024-01-16 19:52:09.570464,Incomplete,421,1,169.27
849,784,2024-01-22 12:16:28.979361,Complete,654,2,792.38
850,13,2023-08-31 01:19:14.546761,Incomplete,646,3,132.06
851,962,2023-02-17 22:40:38.588689,Complete,296,2,864.28
852,456,2023-02-19 11:04:56.988293,Incomplete,769,4,101.48
853,727,2024-12-04 16:59:47.638023,Incomplete,948,2,82.42
854,447,2024-03-06 15:20:25.818920,Incomplete,869,2,499.78
855,603,2023-11-24 13:53:35.151818,Complete,750,1,279.97
856,430,2023-12-24 19:28:13.150815,Complete,839,3,452.04
857,100,2023-08-22 12:35:41.739288,Complete,91,2,903.2
858,815,2023-06-01 18:39:09.072378,Incomplete,411,1,191.33
859,323,2024-11-08 01:54:47.764083,Complete,298,3,860.73
860,902,2024-05-22 05:06:48.945410,Complete,260,4,1877.8
861,397,2024-01-22 04:45:17.603829,Incomplete,723,2,731.78
862,9,2025-01-05 04:54:54.436833,Incomplete,592,2,343.98
863,140,2024-07-09 21:23:08.040668,Incomplete,970,3,1084.71
864,708,2024-05-09 11:50:13.636281,Incomplete,740,1,37.85
865,782,2024-11-10 14:22:43.513992,Incomplete,654,1,215.46
866,937,2023-09-02 12:11:28.032620,Complete,155,5,1519.45
867,134,2024-12-14 07:37:57.266996,Complete,658,1,252.53
868,583,2024-07-10 15:31:04.738684,Complete,343,5,787.15
869,766,2024-01-31 15:29:25.093014,Incomplete,504,5,1725.6
870,22,2024-10-18 20:11:45.402413,Incomplete,186,3,237.0
871,260,2024-06-18 23:54:00.368696,Complete,786,5,1459.55
872,336,2024-05-15 23:23:41.798841,Complete,273,3,1170.15
873,572,2024-12-12 06:28:12.230518,Incomplete,248,4,1738.04
874,646,2023-12-25 17:51:36.748162,Incomplete,730,5,262.05
875,711,2023-07-02 13:54:36.596409,Incomplete,193,3,776.82
876,555,2023-08-31 02:14:43.543510,Complete,398,5,1824.15
877,250,2023-03-29 11:21:08.664944,Incomplete,923,3,160.8
878,307,2023-04-10 04:08:23.767891,Incomplete,79,2,214.3
879,747,2023-07-10 18:19:06.838674,Incomplete,314,3,1278.45
880,155,2023-09-10 03:07:59.879154,Complete,307,2,977.86
881,915,2024-12-29 17:20:42.573298,Incomplete,502,1,310.74
882,314,2023-03-15 06:35:32.315746,Complete,238,3,862.08
883,708,2023-02-17 09:51:50.684215,Incomplete,329,3,702.93
884,954,2024-05-18 00:35:14.544302,Incomplete,409,1,92.09
885,305,2024-09-15 23:15:55.749866,Incomplete,983,5,1033.45
886,449,2023-02-27 22:27:59.460756,Incomplete,745,1,390.24
887,442,2024-11-24 02:13:05.367474,Incomplete,245,1,70.09
888,972,2024-11-15 09:16:44.587563,Incomplete,946,3,413.88
889,277,2023-09-18 18:16:22.185429,Complete,24,4,1356.08
890,230,2024-06-21 01:08:12.167150,Complete,590,1,291.2
891,390,2023-09-19 22:45:18.373042,Incomplete,502,3,953.73
892,115,2024-06-27 09:57:58.099113,Incomplete,498,1,98.28
893,353,2023-12-04 17:32:58.749024,Incomplete,361,4,1745.96
894,831,2024-10-08 03:37:13.348502,Complete,980,1,51.54
895,72,2023-09-21 22:04:46.760804,Complete,909,1,73.64
896,253,2024-01-18 23:06:27.465327,Complete,785,1,248.29
897,29,2023-04-11 05:32:42.537406,Incomplete,312,4,1203.2
898,435,2023-05-01 11:07:21.957192,Incomplete,229,1,470.25
899,281,2023-05-19 15:12:52.836030,Complete,636,1,330.19
900,925,2024-03-23 03:37:28.838348,Incomplete,26,1,332.34
901,600,2024-01-29 08:35:21.390713,Incomplete,125,2,437.3
902,79,2023-05-07 14:30:59.624659,Complete,293,5,2307.2
903,601,2023-07-18 13:26:09.541120,Complete,646,4,35.88
904,272,2024-03-02 05:32:57.789546,Complete,442,2,753.02
905,937,2025-01-23 00:50:47.039148,Complete,841,1,31.88
906,842,2024-09-03 23:44:43.487169,Incomplete,501,3,624.75
907,985,2024-04-19 17:32:05.033315,Incomplete,312,3,313.92
908,205,2024-01-29 01:44:27.204532,Complete,239,2,914.48
909,387,2023-08-13 04:06:40.774165,Complete,399,1,173.94
910,861,2024-10-27 17:09:11.103911,Incomplete,606,4,1156.32
911,543,2023-02-11 18:55:03.345595,Complete,531,4,1215.2
912,673,2024-05-24 00:38:50.684161,Incomplete,776,5,1394.85
913,147,2024-04-13 17:17:32.813820,Complete,268,1,396.32
914,611,2024-08-09 11:46:02.695927,Complete,457,2,689.26
915,898,2024-12-30 11:11:52.839030,Incomplete,230,2,560.44
916,54,2024-06-03 17:03:25.147396,Incomplete,309,3,965.37
917,115,2024-02-27 08:32:04.015104,Incomplete,109,1,492.94
918,583,2024-12-01 18:32:15.874257,Complete,194,3,824.91
919,974,2024-01-13 10:02:35.220300,Complete,570,5,935.05
920,6,2024-11-14 09:33:35.399864,Complete,710,1,367.83
921,26,2024-12-11 03:26:10.749839,Incomplete,7,4,1955.24
922,175,2025-01-05 19:22:09.298126,Incomplete,929,2,317.48
923,863,2023-04-21 05:30:20.090742,Incomplete,767,2,833.72
924,226,2024-10-14 09:43:58.090826,Incomplete,3,2,989.8
925,245,2024-10-02 13:18:39.061129,Complete,315,1,246.54
926,107,2023-05-01 00:47:15.368846,Incomplete,775,1,20.18
927,971,2024-06-17 14:35:22.774913,Incomplete,759,1,243.37
928,823,2023-09-27 21:25:06.277833,Incomplete,456,4,1521.48
929,380,2024-09-08 12:36:33.882779,Incomplete,672,5,592.35
930,110,2023-07-03 21:03:06.083786,Incomplete,552,5,267.2
931,527,2024-09-09 15:33:58.881215,Complete,454,5,439.1
932,204,2024-05-23 20:01:16.151123,Incomplete,708,4,1907.6
933,860,2023-02-20 22:39:44.891327,Complete,498,4,422.16
934,198,2024-03-29 04:28:45.921440,Complete,157,3,194.07
935,426,2024-01-30 15:41:04.442628,Incomplete,202,5,1328.4
936,268,2023-02-17 10:35:54.297770,Incomplete,965,2,104.62
937,722,2025-01-18 13:13:29.267491,Complete,162,2,843.98
938,756,2023-03-31 14:53:53.709987,Incomplete,157,4,1466.64
939,477,2023-03-07 02:29:37.695582,Complete,721,4,628.68
940,885,2024-01-23 23:44:08.585675,Incomplete,924,1,230.98
941,67,2024-09-11 19:50:40.823590,Incomplete,994,1,120.1
942,285,2023-05-31 02:26:35.085994,Incomplete,910,2,880.82
943,91,2023-03-25 10:06:22.633706,Incomplete,223,4,1690.44
944,89,2023-09-29 07:00:44.332514,Incomplete,247,2,985.92
945,2,2023-09-16 12:48:48.285605,Incomplete,36,2,474.94
946,26,2025-01-05 17:57:04.189529,Incomplete,877,4,171.96
947,874,2024-04-29 00:01:51.583960,Complete,353,2,648.44
948,483,2023-07-26 10:37:12.053665,Complete,198,3,788.19
949,277,2023-11-06 21:54:22.697128,Incomplete,435,1,430.15
950,934,2024-05-11 20:17:02.390630,Complete,700,4,1979.44
951,797,2024-03-26 02:56:17.953427,Incomplete,457,3,599.28
952,322,2023-03-14 12:32:07.013409,Incomplete,507,2,873.0
953,636,2023-07-08 01:46:20.408374,Incomplete,79,4,1653.72
954,366,2024-12-09 09:26:45.798615,Complete,693,5,371.35
955,65,2023-06-19 10:21:09.731830,Complete,205,2,276.18
956,386,2024-05-11 07:13:45.517362,Incomplete,255,2,595.52
957,36,2023-05-12 03:29:47.935112,Complete,69,2,908.44
958,181,2023-04-25 02:02:38.088122,Complete,701,4,1686.48
959,510,2024-03-22 18:24:20.041765,Incomplete,239,4,1334.36
960,660,2023-03-17 04:28:52.250235,Incomplete,28,2,322.9
961,74,2024-01-11 07:19:07.226138,Incomplete,209,1,488.72
962,820,2023-08-25 07:03:17.650198,Incomplete,424,5,1093.0
963,319,2024-11-26 21:41:52.741764,Complete,935,2,798.38
964,990,2024-09-26 16:21:00.651307,Complete,520,3,428.7
965,140,2024-05-31 01:35:45.332181,Incomplete,307,2,867.58
966,252,2023-08-10 07:14:27.119327,Complete,860,4,1893.52
967,149,2025-01-17 18:43:52.779831,Incomplete,381,5,1816.15
968,230,2024-05-18 08:47:59.847920,Incomplete,872,4,411.44
969,297,2023-08-03 07:24:29.105189,Incomplete,269,4,1210.92
970,933,2024-07-17 17:14:39.167340,Incomplete,509,4,568.16
971,631,2025-01-18 07:12:54.613184,Incomplete,444,1,205.53
972,509,2023-08-08 19:02:13.073771,Incomplete,889,1,459.51
973,122,2023-07-05 21:03:04.507798,Complete,178,4,1285.48
974,506,2023-06-06 13:53:59.304065,Complete,437,5,474.2
975,782,2024-12-05 18:54:22.803776,Incomplete,692,2,716.94
976,833,2024-10-02 18:23:36.521274,Incomplete,506,2,631.92
977,982,2023-02-04 14:38:30.853632,Incomplete,232,2,589.86
978,363,2024-05-11 06:01:39.372584,Complete,422,5,1537.35
979,785,2023-07-22 12:32:18.453712,Incomplete,944,5,773.6
980,521,2025-01-07 20:08:38.073205,Incomplete,183,5,1398.3
981,690,2023-09-18 17:42:20.480088,Incomplete,652,2,624.18
982,672,2023-02-08 05:48:21.283544,Complete,963,2,511.12
983,745,2023-10-03 18:32:33.342504,Complete,962,2,824.58
984,384,2024-11-27 06:39:52.487626,Incomplete,617,5,1275.25
985,16,2023-02-10 07:02:13.170078,Incomplete,524,3,76.08
986,122,2024-10-30 11:09:02.391577,Incomplete,709,3,450.57
987,898,2024-06-19 02:50:09.200575,Complete,701,5,2344.05
988,304,2024-09-27 13:48:52.665016,Incomplete,919,4,1810.16
989,651,2023-12-23 19:23:57.186790,Complete,73,2,89.18
990,314,2024-08-05 05:04:46.477149,Complete,608,3,1251.75
991,431,2024-07-23 04:11:49.662369,Complete,900,1,80.87
992,972,2023-10-03 18:58:59.501523,Complete,185,2,250.92
993,998,2024-11-23 13:52:36.665877,Complete,668,2,297.26
994,281,2023-03-03 01:13:09.966625,Complete,795,2,419.5
995,519,2023-04-22 02:06:21.543145,Complete,884,3,106.2
996,349,2024-01-13 13:45:58.653430,Complete,135,2,172.08
997,614,2023-03-28 15:18:26.677464,Incomplete,552,5,300.95
998,560,2023-10-19 21:35:29.062089,Complete,544,1,383.41
999,195,2024-04-27 09:19:47.235636,Complete,629,1,263.59
1000,573,2023-02-22 06:03:14.604468,Incomplete,336,5,2182.55
1001,490,2024-07-07 23:02:01.117470,Complete,986,5,1108.45
1002,37,2025-01-08 22:14:05.991092,Complete,344,2,552.12
1003,892,2024-02-13 15:40:55.948865,Incomplete,758,1,137.85
1004,197,2024-05-15 06:21:23.474268,Incomplete,60,4,1253.12
1005,402,2024-08-12 23:55:14.918991,Incomplete,886,3,914.94
1006,194,2024-12-07 15:37:07.230042,Incomplete,867,5,476.7
1007,229,2024-01-02 14:52:33.866386,Complete,361,5,109.65
1008,77,2023-12-03 03:17:12.083711,Complete,533,2,544.14
1009,319,2024-03-18 02:27:25.200464,Complete,60,4,1525.04
1010,664,2023-06-16 13:36:27.848307,Incomplete,288,2,353.22
1011,278,2023-03-16 01:30:43.619383,Complete,840,3,1272.0
1012,525,2024-06-07 04:56:27.399120,Complete,988,1,42.71
1013,516,2024-03-26 07:54:17.598397,Complete,222,1,215.56
1014,755,2024-09-14 23:31:02.886103,Incomplete,663,3,386.91
1015,445,2024-03-16 02:17:53.522540,Complete,185,3,827.82
1016,825,2024-01-29 20:45:43.967757,Incomplete,362,3,1056.0
1017,989,2024-04-13 03:56:40.225637,Complete,926,3,150.39
1018,295,2024-10-26 18:31:06.336360,Complete,889,3,240.36
1019,416,2023-09-16 21:11:56.473235,Complete,278,5,1794.05
1020,44,2023-12-07 01:12:42.984752,Complete,24,2,728.84
1021,291,2023-08-31 13:50:41.020697,Incomplete,12,5,1067.05
1022,662,2023-06-08 18:50:36.849937,Incomplete,176,2,405.32
1023,397,2023-03-28 00:25:16.457125,Incomplete,658,5,2304.05
1024,938,2024-07-03 04:48:36.189056,Incomplete,769,4,1144.72
1025,530,2024-04-04 22:55:46.363127,Complete,939,1,51.49
1026,137,2024-08-18 03:43:16.912656,Incomplete,878,3,1170.24
1027,882,2024-08-22 18:19:11.580134,Incomplete,580,5,1692.35
1028,821,2023-12-31 11:39:38.742077,Incomplete,487,3,711.21
1029,978,2024-07-03 06:25:51.222831,Incomplete,363,5,1235.4
1030,273,2024-06-02 09:20:37.949912,Incomplete,540,4,1904.08
1031,203,2024-07-02 15:31:07.934759,Incomplete,180,4,871.2
1032,436,2023-07-31 17:32:09.405977,Incomplete,384,5,75.25
1033,766,2024-07-15 17:23:25.391385,Complete,470,1,235.11
1034,142,2025-01-19 20:07:36.415028,Complete,702,3,1450.32
1035,573,2023-05-02 09:47:38.809912,Incomplete,912,4,863.0
1036,243,2023-06-25 11:36:39.541220,Complete,532,5,105.3
1037,985,2024-01-02 12:03:40.252642,Complete,405,3,942.81
1038,141,2023-04-06 00:44:30.800759,Incomplete,677,2,907.22
1039,803,2024-06-16 03:58:24.462594,Incomplete,1000,3,1215.12
1040,845,2023-08-16 18:08:52.231020,Complete,986,2,718.16
1041,490,2023-11-07 04:09:08.567370,Complete,374,1,155.42
1042,358,2024-06-01 23:52:11.467331,Complete,319,2,393.78
1043,437,2024-08-07 14:45:16.202639,Complete,240,4,1418.32
1044,734,2023-12-06 10:19:23.746659,Complete,196,5,1342.05
1045,291,2024-05-29 12:09:43.550452,Complete,152,3,965.04
1046,286,2023-09-09 14:42:43.628774,Incomplete,515,2,940.4
1047,605,2024-04-08 08:00:58.789925,Complete,285,5,2301.6
1048,377,2023-05-24 16:08:06.007652,Complete,876,3,91.47
1049,372,2023-02-07 04:38:01.135636,Incomplete,909,2,549.18
1050,231,2023-04-20 21:24:33.168757,Incomplete,846,1,41.02
1051,458,2023-08-23 07:40:14.927391,Incomplete,658,2,952.84
1052,32,2024-07-23 11:12:37.413333,Complete,397,1,177.03
1053,680,2024-08-08 15:32:41.781414,Incomplete,684,4,157.84
1054,604,2024-04-03 01:54:21.808923,Incomplete,589,4,1570.64
1055,211,2023-10-21 06:20:39.841557,Incomplete,471,3,765.24
1056,501,2024-08-02 17:11:56.600915,Complete,155,2,979.78
1057,619,2024-10-27 07:26:53.249377,Complete,427,5,1626.85
1058,570,2024-12-13 22:00:48.103687,Complete,604,5,66.9
1059,994,2024-06-24 14:56:37.676128,Complete,29,5,1585.3
1060,866,2024-02-01 15:09:05.788424,Incomplete,206,3,1248.33
1061,685,2023-12-30 14:09:45.135134,Incomplete,279,1,96.57
1062,938,2024-12-14 08:09:58.909836,Incomplete,233,2,527.86
1063,29,2023-01-29 03:17:56.470574,Complete,347,2,431.68
1064,726,2024-09-18 23:34:42.739437,Complete,541,1,72.9
1065,261,2024-05-05 08:47:16.117411,Incomplete,329,2,644.4
1066,521,2024-10-12 17:21:53.236989,Complete,950,4,469.24
1067,835,2025-01-22 11:16:22.108506,Incomplete,997,2,323.42
1068,44,2024-10-04 17:22:28.072708,Incomplete,77,5,1958.3
1069,735,2024-05-02 22:01:44.786926,Complete,884,5,309.1
1070,298,2023-03-16 09:46:37.253046,Complete,551,2,481.42
1071,756,2023-02-05 15:48:37.335028,Complete,217,1,400.13
1072,658,2024-11-28 21:25:18.928962,Incomplete,917,3,413.22
1073,74,2023-09-09 08:19:25.237741,Complete,888,1,499.11
1074,135,2024-05-19 21:36:12.018362,Complete,994,1,202.03
1075,973,2023-08-09 21:23:46.661527,Incomplete,719,5,515.3
1076,519,2023-05-30 03:46:45.548652,Incomplete,663,5,1407.4
1077,176,2023-07-01 18:03:18.357620,Complete,694,2,439.46
1078,341,2024-11-18 01:38:40.000411,Incomplete,967,2,51.48
1079,48,2024-10-15 07:15:13.613060,Incomplete,931,1,13.07
1080,249,2023-11-12 18:56:30.101236,Complete,877,4,1606.88
1081,250,2025-01-10 16:44:04.162346,Complete,283,3,1450.35
1082,874,2024-08-25 06:41:43.884955,Complete,957,3,1435.26
1083,495,2024-02-24 19:14:00.745023,Complete,432,4,539.88
1084,680,2023-03-07 11:41:13.837782,Incomplete,388,1,39.82
1085,44,2024-12-18 23:52:03.222623,Incomplete,491,2,342.56
1086,584,2024-08-10 02:48:07.476358,Complete,406,3,493.65
1087,562,2023-05-27 07:05:38.123812,Incomplete,991,5,776.15
1088,375,2023-11-13 22:55:45.275457,Complete,615,1,424.05
1089,73,2024-09-29 20:24:09.113499,Complete,877,4,437.2
1090,329,2024-09-21 07:00:44.697567,Incomplete,861,5,1533.15
1091,932,2023-11-28 22:03:09.678905,Complete,719,4,1667.92
1092,556,2023-04-10 21:51:19.854711,Complete,765,1,466.13
1093,14,2023-04-01 12:55:02.736746,Incomplete,92,5,870.2
1094,648,2024-08-16 14:50:36.618579,Complete,828,2,845.92
1095,400,2025-01-04 11:07:27.287733,Incomplete,727,2,505.1
1096,368,2024-06-28 12:10:29.344902,Incomplete,200,2,788.4
1097,600,2024-05-09 06:08:23.179360,Incomplete,76,4,141.2
1098,183,2024-10-31 10:24:17.260886,Complete,828,2,900.58
1099,97,2024-11-14 18:34:47.030866,Complete,729,1,75.03
1100,19,2023-10-30 14:11:26.970528,Incomplete,130,2,996.64
1101,261,2023-10-24 05:58:57.655506,Incomplete,743,4,1118.24
1102,36,2023-04-16 05:42:11.007245,Incomplete,462,1,16.12
1103,760,2024-02-13 00:49:15.840918,Complete,792,5,897.4
1104,571,2024-03-04 15:05:59.093253,Incomplete,102,5,1207.4
1105,146,2023-05-22 19:54:16.782647,Complete,890,2,246.78
1106,73,2023-10-24 08:48:07.313253,Incomplete,887,4,1098.04
1107,842,2024-11-21 14:36:25.414967,Incomplete,129,5,2015.6
1108,671,2024-02-27 07:37:14.222516,Complete,686,1,458.09
1109,413,2024-12-26 03:05:40.051771,Complete,989,3,816.33
1110,968,2024-12-29 20:49:07.960968,Complete,81,5,2239.85
1111,739,2024-06-21 18:12:02.757444,Complete,309,4,835.96
1112,212,2024-03-16 07:10:55.826824,Incomplete,581,2,376.42
1113,300,2023-07-11 14:46:13.069201,Complete,288,1,111.3
1114,405,2024-08-05 22:58:26.438129,Incomplete,614,4,1916.72
1115,481,2024-10-13 21:25:21.645551,Complete,806,5,1948.75
1116,182,2023-08-20 11:50:43.680798,Complete,943,2,476.36
1117,150,2023-07-25 21:47:03.772976,Complete,938,5,2482.0
1118,501,2023-12-07 06:44:16.306855,Complete,56,4,1784.52
1119,899,2023-07-22 09:56:28.496866,Complete,34,1,494.31
1120,358,2023-09-06 18:32:19.812107,Incomplete,273,1,291.9
1121,845,2023-02-10 12:41:40.311989,Incomplete,389,4,321.52
1122,585,2023-04-14 22:05:19.270434,Incomplete,775,2,924.06
1123,110,2024-08-23 01:52:16.803578,Incomplete,85,5,877.45
1124,587,2023-02-06 01:08:43.465163,Complete,513,3,16.74
1125,488,2023-03-01 18:43:19.063726,Complete,259,4,1477.0
1126,986,2023-04-01 05:06:43.924115,Complete,990,3,968.34
1127,720,2023-03-31 11:27:02.556775,Complete,29,4,1847.36
1128,733,2023-01-30 18:00:08.356418,Complete,22,1,483.73
1129,645,2024-04-18 22:18:59.413925,Complete,856,4,1842.88
1130,381,2024-03-15 06:15:59.961010,Complete,395,2,446.08
1131,202,2023-08-03 14:05:46.560614,Incomplete,83,5,1551.3
1132,590,2023-05-24 11:19:34.977731,Incomplete,167,5,775.05
1133,708,2023-02-03 00:50:12.424178,Complete,716,3,1110.87
1134,825,2024-12-15 21:23:10.443860,Incomplete,302,2,463.88
1135,696,2024-02-23 09:48:13.597557,Incomplete,186,3,91.26
1136,93,2024-05-18 12:27:21.758029,Incomplete,226,1,343.82
1137,234,2024-12-13 16:03:15.110449,Incomplete,699,1,317.09
1138,227,2024-10-12 21:06:23.050592,Incomplete,498,4,1652.68
1139,243,2024-09-07 08:15:17.305303,Complete,714,1,368.32
1140,42,2024-11-24 01:32:00.565139,Incomplete,648,2,55.66
1141,106,2023-07-29 13:05:18.354861,Complete,256,5,526.05
1142,438,2024-05-11 06:31:43.530683,Complete,144,1,348.03
1143,406,2023-07-02 20:36:36.854590,Complete,760,4,1814.2
1144,609,2024-12-03 20:18:00.092750,Complete,655,5,89.7
1145,295,2024-08-05 08:26:46.080652,Complete,334,4,531.48
1146,995,2023-12-23 07:42:38.714322,Complete,436,1,257.19
1147,448,2024-04-21 13:02:35.453061,Complete,989,2,806.72
1148,674,2024-11-21 01:16:36.147787,Incomplete,11,4,443.56
1149,934,2023-03-10 08:12:34.237389,Incomplete,366,2,259.26
1150,812,2023-09-30 04:22:04.339467,Incomplete,343,4,1811.12
1151,453,2024-04-05 09:20:33.822780,Complete,832,1,461.29
1152,760,2025-01-24 06:04:20.632514,Complete,927,5,567.35
1153,557,2024-01-22 17:33:20.541992,Complete,200,5,2482.35
1154,434,2025-01-21 01:52:03.896375,Incomplete,439,5,1991.5
1155,635,2024-04-18 12:06:33.229467,Complete,743,1,161.37
1156,881,2024-11-21 06:55:33.143981,Complete,99,4,1248.0
1157,999,2024-02-13 10:16:28.112061,Complete,689,5,842.4
1158,130,2024-04-27 09:08:45.838263,Complete,985,1,286.71
1159,156,2023-07-12 06:38:48.901059,Incomplete,357,5,168.5
1160,758,2023-04-20 13:39:22.724916,Incomplete,748,2,635.64
1161,48,2024-10-15 12:41:41.717877,Incomplete,667,1,38.58
1162,783,2025-01-05 00:12:35.628761,Complete,886,3,1177.62
1163,523,2023-03-10 05:09:46.729198,Incomplete,584,3,475.62
1164,13,2024-08-27 09:58:16.225564,Incomplete,31,4,1763.08
1165,94,2023-02-13 18:54:38.169872,Incomplete,759,5,792.45
1166,739,2024-11-26 05:39:53.357600,Incomplete,300,1,378.04
1167,720,2023-08-15 19:04:51.024511,Incomplete,654,4,989.28
1168,961,2024-02-08 22:40:49.992550,Complete,18,1,82.97
1169,638,2024-01-13 08:25:24.727229,Incomplete,395,1,206.98
1170,341,2023-12-06 22:10:12.548248,Complete,749,1,450.78
1171,696,2024-11-04 21:51:07.731842,Complete,738,2,376.32
1172,24,2023-05-17 03:31:57.917304,Complete,108,4,222.44
1173,184,2023-11-04 05:34:22.464009,Incomplete,874,3,541.17
1174,271,2025-01-13 10:26:28.065413,Complete,649,2,956.78
1175,556,2025-01-12 23:45:38.328530,Complete,559,4,363.4
1176,608,2024-06-28 21:36:51.352139,Incomplete,259,1,286.24
1177,957,2023-09-01 18:28:58.458636,Complete,635,1,430.84
1178,485,2023-10-30 11:29:07.374369,Complete,921,4,1685.0
1179,93,2024-03-12 07:45:44.581946,Complete,687,4,682.12
1180,352,2025-01-11 17:40:33.600826,Complete,350,4,942.48
1181,318,2024-11-15 06:56:07.790767,Complete,332,4,1130.4
1182,637,2023-10-13 11:44:45.068231,Complete,300,1,445.31
1183,384,2023-10-28 05:13:52.159399,Incomplete,522,3,1412.91
1184,639,2023-12-08 21:06:15.152848,Incomplete,779,3,838.62
1185,56,2024-09-17 08:16:48.645381,Incomplete,559,1,181.63
1186,33,2024-02-05 10:18:30.343637,Incomplete,535,2,400.86
1187,534,2023-06-21 17:22:24.699040,Complete,361,3,1101.63
1188,272,2024-05-06 11:29:42.311074,Incomplete,608,1,266.01
1189,493,2024-07-03 00:34:31.329244,Incomplete,797,3,564.0
1190,385,2023-04-01 04:24:07.885282,Complete,367,3,472.44
1191,7,2023-01-30 08:05:18.451172,Complete,86,1,420.21
1192,30,2023-08-02 03:07:09.892487,Incomplete,879,5,1042.15
1193,934,2023-04-15 03:02:58.419791,Complete,838,2,726.9
1194,200,2023-11-16 23:01:30.147268,Complete,285,2,307.12
1195,11,2025-01-15 03:34:17.608728,Complete,165,4,221.64
1196,873,2024-03-28 01:43:22.910256,Complete,630,5,2307.3
1197,695,2023-06-22 22:00:36.500263,Complete,364,2,543.86
1198,597,2023-08-15 22:12:36.833719,Complete,229,4,1378.52
1199,828,2024-10-19 19:32:53.293621,Complete,439,2,17.44
1200,350,2024-11-16 03:53:01.377837,Incomplete,769,2,952.86
1201,723,2024-06-30 02:06:50.796104,Incomplete,157,1,395.16
1202,466,2024-10-08 19:18:09.021070,Incomplete,563,3,930.24
1203,274,2024-05-09 10:31:32.829643,Complete,233,2,769.88
1204,809,2023-05-08 07:03:22.672475,Incomplete,440,2,633.94
1205,837,2024-11-27 00:53:51.075181,Complete,462,3,1087.92
1206,994,2025-01-12 02:03:24.360375,Complete,719,2,711.78
1207,912,2023-11-25 10:02:38.293477,Complete,1000,5,1273.55
1208,451,2024-10-30 11:11:29.998676,Complete,468,5,2417.55
1209,121,2023-09-15 18:07:29.114668,Complete,421,2,691.9
1210,364,2024-09-16 16:20:59.823575,Incomplete,270,4,1274.88
1211,695,2023-06-24 22:34:53.995617,Incomplete,887,5,1892.6
1212,425,2024-07-31 10:02:28.154376,Incomplete,339,4,242.32
1213,311,2024-10-31 04:40:05.328845,Incomplete,165,1,476.76
1214,656,2023-07-12 03:15:06.575063,Incomplete,499,1,410.19
1215,917,2023-08-27 10:35:12.342152,Complete,785,4,382.88
1216,194,2023-11-02 17:08:49.964302,Incomplete,530,2,840.98
1217,946,2024-12-21 20:40:35.074339,Incomplete,432,3,1466.49
1218,584,2025-01-25 09:03:45.559641,Complete,395,4,316.36
1219,414,2024-01-10 11:32:00.482843,Incomplete,465,1,324.55
1220,18,2024-03-29 21:37:40.834170,Complete,98,3,276.18
1221,886,2023-05-01 00:32:14.192762,Incomplete,661,1,242.79
1222,823,2024-08-01 11:47:15.196448,Incomplete,444,3,1008.48
1223,377,2024-11-16 15:43:35.388232,Incomplete,504,5,1830.95
1224,766,2024-04-23 23:26:27.895397,Complete,947,5,2195.85
1225,121,2024-12-14 10:18:05.739322,Incomplete,661,4,1464.72
1226,730,2023-06-19 09:10:56.781313,Incomplete,620,4,1362.44
1227,697,2023-12-01 06:18:49.272443,Incomplete,875,4,1500.32
1228,889,2024-03-03 16:42:37.867955,Complete,275,5,1930.8
1229,464,2023-08-01 17:30:48.829365,Incomplete,583,3,1072.23
1230,708,2023-07-02 00:28:05.856410,Complete,866,4,1227.12
1231,131,2024-07-13 12:30:18.157848,Incomplete,252,4,879.48
1232,682,2023-11-04 12:00:33.459855,Complete,268,4,184.36
1233,469,2024-01-13 05:27:27.264644,Incomplete,729,5,1639.35
1234,97,2024-09-03 15:49:08.037127,Incomplete,883,3,550.98
1235,647,2024-12-18 15:04:21.498432,Incomplete,438,5,108.15
1236,39,2023-10-11 16:38:18.480647,Complete,449,2,876.14
1237,565,2023-04-02 14:02:12.831830,Incomplete,877,2,298.2
1238,528,2023-10-16 14:35:33.652903,Complete,755,2,844.42
1239,948,2024-01-20 12:38:54.757773,Complete,854,4,832.28
1240,825,2024-09-09 18:35:37.363125,Incomplete,561,5,619.15
1241,95,2024-05-28 19:21:54.195246,Complete,657,2,615.58
1242,486,2024-08-17 13:27:30.375151,Incomplete,850,5,714.3
1243,835,2025-01-15 12:46:35.778335,Complete,141,4,1069.04
1244,708,2024-05-04 00:58:29.107803,Complete,796,1,222.15
1245,96,2024-12-09 08:03:02.245692,Complete,11,2,84.6
1246,48,2023-06-19 20:59:56.533638,Complete,613,4,1604.8
1247,636,2024-06-15 11:03:04.449343,Incomplete,415,3,1217.1
1248,40,2024-05-14 20:13:03.197940,Incomplete,95,4,1931.8
1249,374,2024-01-30 04:47:24.444893,Incomplete,126,1,433.59
1250,234,2024-03-07 21:05:20.957999,Incomplete,358,2,15.72
1251,913,2024-03-10 22:53:49.763321,Incomplete,567,3,133.53
1252,620,2024-11-04 05:16:33.291404,Complete,852,3,267.3
1253,236,2024-02-06 05:31:31.830649,Complete,805,2,199.22
1254,381,2024-03-23 17:22:57.984596,Incomplete,744,1,245.62
1255,307,2023-05-13 11:46:30.750496,Complete,747,3,651.36
1256,245,2023-05-03 20:37:20.208328,Incomplete,100,3,696.78
1257,118,2024-05-23 07:38:20.647216,Incomplete,462,2,611.72
1258,953,2023-11-30 08:43:41.560436,Incomplete,714,4,1433.12
1259,28,2024-07-04 12:11:59.682767,Complete,175,4,1082.88
1260,856,2024-11-12 17:21:39.358419,Incomplete,623,1,121.19
1261,447,2023-04-03 00:31:13.841306,Incomplete,38,3,1177.8
1262,901,2023-07-15 21:22:54.478250,Complete,252,2,498.42
1263,775,2025-01-07 20:23:52.853757,Complete,622,3,379.47
1264,461,2024-11-03 06:36:00.633549,Complete,388,4,442.6
1265,908,2024-11-26 04:08:10.574318,Incomplete,237,1,414.47
1266,854,2023-10-31 02:03:20.735426,Incomplete,163,4,381.84
1267,339,2024-02-10 23:55:58.284116,Incomplete,800,4,439.12
1268,290,2023-02-27 20:35:10.436827,Incomplete,299,3,1181.07
1269,641,2023-07-17 09:51:53.022435,Complete,837,2,843.94
1270,48,2023-10-22 23:06:31.681786,Incomplete,677,1,308.92
1271,939,2023-06-24 16:40:05.776540,Incomplete,29,1,454.68
1272,493,2023-08-28 05:36:59.741872,Incomplete,601,2,487.98
1273,396,2023-11-20 08:31:14.650878,Complete,39,4,203.76
1274,833,2024-09-08 06:17:24.512739,Incomplete,637,2,924.5
1275,685,2024-06-23 02:56:45.338642,Incomplete,994,2,127.2
1276,369,2023-12-22 04:12:11.175777,Complete,1000,3,166.89
1277,559,2024-12-09 08:38:57.118582,Incomplete,714,2,180.88
1278,601,2023-07-23 08:40:59.982541,Complete,788,1,22.56
1279,127,2025-01-27 09:08:48.762880,Complete,616,4,243.12
1280,305,2024-02-13 03:28:53.203390,Incomplete,552,4,1027.28
1281,647,2023-06-16 13:14:26.264821,Incomplete,692,2,897.46
1282,260,2023-12-12 06:56:08.755699,Complete,275,3,338.64
1283,78,2024-08-03 11:45:08.918943,Complete,778,4,23.76
1284,971,2023-12-16 00:34:52.294748,Complete,291,1,397.62
1285,191,2023-08-14 21:53:41.370629,Complete,593,3,1139.52
1286,384,2024-01-04 14:58:42.402395,Incomplete,165,3,1048.56
1287,467,2024-01-21 18:15:50.142091,Complete,807,2,933.78
1288,287,2024-07-11 17:14:36.403565,Incomplete,887,3,719.64
1289,875,2024-10-12 11:34:38.328037,Incomplete,87,4,1318.2
1290,735,2024-07-14 16:22:22.900189,Incomplete,581,5,2410.85
1291,321,2023-08-05 18:18:01.162439,Incomplete,888,3,926.94
1292,430,2023-08-27 22:57:46.594222,Incomplete,634,5,563.95
1293,641,2024-01-07 20:04:42.498143,Complete,635,4,1352.84
1294,522,2024-07-04 05:42:25.973539,Incomplete,385,4,1799.04
1295,542,2024-08-20 20:36:14.838631,Incomplete,236,2,19.46
1296,20,2023-11-30 06:22:33.997915,Incomplete,730,2,54.26
1297,445,2024-07-18 13:06:47.708713,Complete,315,5,316.05
1298,448,2024-03-05 16:29:46.443586,Complete,526,1,449.44
1299,105,2023-10-26 07:52:21.224993,Complete,389,2,760.12
1300,844,2024-05-04 07:37:29.722320,Complete,886,2,530.36
1301,347,2023-08-17 13:50:30.320048,Incomplete,995,5,1801.3
1302,104,2024-10-29 23:40:40.075333,Incomplete,630,5,1724.45
1303,989,2024-10-21 10:33:46.941585,Incomplete,245,5,45.45
1304,931,2024-10-18 21:44:53.456362,Incomplete,71,3,106.71
1305,512,2023-09-14 04:33:31.843580,Complete,675,4,1875.48
1306,810,2024-06-14 22:16:40.407017,Complete,766,2,77.72
1307,261,2023-10-09 21:01:46.073288,Incomplete,782,5,487.6
1308,115,2023-07-27 15:15:48.489704,Complete,875,3,1302.0
1309,805,2024-08-20 12:08:19.333179,Incomplete,851,4,705.68
1310,286,2024-04-11 23:05:39.343221,Incomplete,15,2,109.86
1311,65,2024-05-08 12:27:23.392066,Complete,182,1,200.19
1312,467,2024-12-04 12:26:40.313075,Incomplete,194,3,1008.99
1313,289,2024-03-15 01:09:46.212559,Complete,666,2,460.76
1314,742,2024-03-21 18:35:47.423939,Complete,136,4,384.52
1315,853,2025-01-10 07:03:57.928297,Incomplete,104,4,1165.32
1316,778,2023-09-11 03:16:43.508096,Incomplete,95,4,1445.2
1317,887,2023-07-08 20:13:12.756569,Incomplete,592,4,1559.56
1318,218,2024-02-11 11:35:20.465162,Complete,943,1,58.5
1319,5,2023-06-28 22:06:25.162874,Incomplete,736,2,668.46
1320,152,2023-09-18 06:29:50.939805,Incomplete,198,5,1365.6
1321,527,2024-05-26 22:19:11.222297,Complete,209,3,265.98
1322,834,2024-02-28 05:14:34.773745,Incomplete,229,1,453.72
1323,811,2023-07-03 11:29:19.390749,Incomplete,569,3,675.51
1324,930,2024-10-26 17:21:48.378799,Incomplete,146,1,392.65
1325,880,2025-01-22 12:15:44.055264,Complete,760,4,1487.28
1326,261,2024-11-23 13:37:35.983850,Incomplete,718,4,95.6
1327,577,2025-01-20 21:35:10.968537,Incomplete,515,1,434.69
1328,223,2024-03-04 15:35:59.864153,Complete,768,1,43.99
1329,884,2024-02-05 13:04:25.087244,Complete,28,1,25.73
1330,178,2023-07-16 04:31:51.395635,Complete,410,2,334.32
1331,493,2024-02-06 09:28:58.136604,Complete,372,1,272.1
1332,772,2023-11-03 05:49:24.229806,Complete,474,5,1753.2
1333,366,2023-06-19 08:57:21.894313,Complete,813,2,399.7
1334,178,2024-09-25 05:01:26.604848,Complete,596,4,1722.92
1335,831,2024-10-03 08:34:57.135417,Incomplete,840,3,322.29
1336,765,2023-08-18 16:12:46.908932,Incomplete,206,3,1163.13
1337,838,2023-04-15 23:16:02.313942,Incomplete,913,1,27.99
1338,384,2023-10-12 01:29:23.244718,Incomplete,241,3,800.85
1339,306,2024-06-02 23:44:56.380140,Incomplete,28,4,1283.24
1340,724,2023-08-15 17:20:33.447527,Incomplete,433,4,1318.48
1341,515,2023-09-10 22:49:57.629992,Incomplete,801,5,1256.2
1342,281,2023-04-21 11:09:03.682012,Incomplete,625,2,333.98
1343,761,2024-11-09 15:45:49.204774,Incomplete,497,4,487.52
1344,886,2023-07-05 00:46:54.163091,Complete,747,2,862.38
1345,96,2023-08-27 06:03:02.114830,Complete,69,1,16.45
1346,80,2023-03-25 18:54:56.332084,Incomplete,308,2,316.48
1347,814,2024-07-12 23:36:37.873103,Incomplete,503,4,1588.92
1348,782,2023-07-31 02:14:44.846441,Incomplete,585,5,525.45
1349,269,2023-05-09 09:15:26.819175,Complete,573,2,96.08
1350,944,2023-11-30 02:16:14.439026,Complete,786,5,536.8
1351,470,2023-10-09 09:05:11.594591,Complete,197,1,68.53
1352,919,2023-08-26 02:49:59.446144,Incomplete,310,3,1207.32
1353,728,2023-08-18 21:01:23.740419,Complete,661,1,150.7
1354,491,2024-06-12 04:01:15.804937,Complete,858,5,2436.75
1355,712,2023-11-29 12:55:38.075027,Complete,708,4,1147.68
1356,692,2024-09-09 09:41:49.349806,Incomplete,297,3,314.58
1357,869,2023-10-30 22:11:49.620584,Complete,196,5,1672.3
1358,240,2023-04-25 00:15:41.052571,Incomplete,553,1,130.1
1359,681,2024-09-16 05:19:38.188942,Incomplete,313,3,70.05
1360,114,2023-10-21 05:37:19.621789,Incomplete,47,1,432.2
1361,973,2024-04-14 14:44:49.933114,Complete,547,5,43.05
1362,441,2025-01-10 18:58:12.990924,Incomplete,580,3,968.58
1363,317,2024-05-28 16:47:45.679729,Incomplete,535,2,232.9
1364,37,2023-08-03 06:02:19.328551,Complete,761,1,180.06
1365,375,2024-04-19 10:31:41.883340,Complete,717,3,66.48
1366,899,2023-05-29 22:31:14.297385,Incomplete,301,5,2380.85
1367,294,2024-03-07 05:22:07.864698,Complete,206,1,254.76
1368,594,2024-12-28 01:18:12.518363,Complete,66,2,420.98
1369,925,2024-02-19 11:57:32.268064,Incomplete,493,3,760.26
1370,141,2024-05-01 06:45:25.378835,Incomplete,93,4,1111.16
1371,741,2025-01-24 06:26:23.226993,Incomplete,912,2,610.24
1372,682,2025-01-10 10:51:14.895127,Complete,535,1,334.49
1373,604,2024-05-11 23:44:47.739241,Complete,786,5,59.1
1374,392,2023-02-23 17:22:44.624481,Complete,145,2,845.32
1375,99,2023-06-17 07:19:45.176177,Complete,170,2,465.44
1376,924,2023-12-06 19:23:07.284674,Complete,991,5,2157.5
1377,154,2024-10-06 01:47:09.881879,Complete,513,4,453.72
1378,354,2023-08-13 06:21:22.730568,Complete,972,3,1316.25
1379,557,2024-10-17 14:48:38.952972,Complete,786,3,762.45
1380,284,2024-02-29 19:12:08.832750,Incomplete,397,5,221.45
1381,148,2024-07-18 02:27:29.544404,Incomplete,450,2,281.88
1382,39,2025-01-08 09:54:22.187632,Complete,344,5,314.8
1383,709,2024-10-26 13:40:09.971619,Complete,92,3,1288.95
1384,657,2023-11-27 08:05:26.100398,Incomplete,695,3,279.51
1385,857,2024-01-08 19:34:40.100996,Complete,725,1,258.7
1386,727,2023-07-22 20:00:50.975005,Incomplete,859,1,287.61
1387,555,2024-01-23 20:11:51.550710,Complete,124,1,338.67
1388,255,2023-03-22 11:47:29.773180,Incomplete,488,2,35.52
1389,124,2023-12-05 10:39:36.662515,Complete,613,2,269.34
1390,288,2023-06-15 17:45:36.569598,Incomplete,522,5,1267.65
1391,7,2023-10-30 19:57:13.246740,Complete,317,3,730.62
1392,847,2023-08-03 18:07:10.154118,Complete,299,5,317.05
1393,615,2024-09-29 22:08:59.778959,Complete,327,5,458.35
1394,428,2023-05-13 02:04:09.239707,Complete,883,2,415.96
1395,863,2024-12-22 00:56:25.564664,Complete,185,3,871.26
1396,36,2023-07-28 18:04:46.006051,Complete,756,1,362.99
1397,784,2023-06-17 04:59:53.756404,Complete,991,4,66.72
1398,419,2023-11-13 20:04:05.627861,Complete,163,4,318.88
1399,635,2023-12-27 07:59:23.701027,Incomplete,944,2,936.84
1400,979,2023-07-08 13:30:47.520501,Complete,22,3,441.0
1401,756,2023-05-16 14:59:04.043062,Complete,579,5,1221.1
1402,450,2024-11-23 09:12:33.832463,Incomplete,55,3,758.13
1403,617,2024-01-04 02:39:12.688620,Incomplete,900,4,1839.44
1404,342,2023-09-14 12:32:34.136797,Incomplete,715,3,294.54
1405,811,2023-04-08 19:20:06.395935,Complete,191,4,1485.12
1406,558,2023-06-26 18:40:16.566972,Incomplete,923,5,1806.2
1407,271,2023-08-30 06:17:12.951282,Incomplete,189,2,32.7
1408,207,2024-06-18 19:13:38.198593,Complete,879,3,1371.15
1409,764,2023-03-06 02:40:27.920091,Incomplete,70,1,168.99
1410,802,2024-09-05 05:44:16.605444,Complete,6,5,2090.85
1411,177,2024-04-26 05:59:07.599857,Incomplete,817,5,2060.2
1412,860,2024-05-16 10:49:16.826285,Incomplete,791,5,471.4
1413,363,2024-01-09 05:31:58.877496,Complete,362,5,1617.1
1414,279,2023-07-08 15:33:48.910166,Complete,232,4,124.48
1415,350,2023-06-10 19:37:28.145377,Incomplete,583,4,1211.08
1416,19,2024-03-25 13:36:13.059489,Complete,562,2,238.22
1417,392,2024-11-28 03:20:07.957134,Incomplete,273,3,1155.51
1418,243,2023-09-17 11:15:16.363638,Incomplete,855,1,215.26
1419,97,2024-11-29 17:14:03.310131,Incomplete,266,1,327.7
1420,83,2023-07-26 12:12:37.417934,Incomplete,339,3,1317.0
1421,893,2024-07-02 05:38:09.086551,Incomplete,980,5,2441.65
1422,255,2023-11-29 08:15:13.900537,Complete,159,3,358.29
1423,733,2023-02-13 18:16:27.403720,Incomplete,879,2,203.7
1424,985,2024-08-29 00:46:02.422780,Incomplete,576,1,70.55
1425,404,2024-07-13 20:07:18.415278,Incomplete,205,1,443.21
1426,658,2023-07-01 04:03:56.031136,Complete,352,5,2119.1
1427,216,2023-10-22 12:26:09.106605,Incomplete,900,2,872.62
1428,709,2023-07-03 21:45:51.942547,Incomplete,948,4,441.2
1429,578,2024-07-08 19:28:55.068398,Incomplete,504,4,1218.64
1430,462,2023-10-08 17:34:00.650803,Complete,332,3,202.17
1431,505,2023-04-12 18:36:34.295177,Complete,154,4,1188.0
1432,567,2024-06-21 08:49:12.267065,Incomplete,924,2,311.94
1433,482,2024-06-08 06:50:06.881193,Incomplete,548,5,691.45
1434,979,2023-12-16 15:38:11.630778,Incomplete,342,3,1080.66
1435,342,2024-02-06 08:22:46.059837,Incomplete,962,1,116.64
1436,80,2024-04-09 11:25:54.398109,Incomplete,172,5,159.95
1437,186,2023-07-20 10:12:29.930212,Incomplete,879,4,1687.72
1438,788,2024-01-20 00:47:20.386519,Complete,125,1,75.81
1439,512,2025-01-13 18:06:00.700925,Incomplete,814,3,952.53
1440,579,2024-02-19 14:08:03.194105,Incomplete,640,3,599.73
1441,374,2023-06-09 17:36:08.146524,Incomplete,771,4,423.84
1442,660,2023-04-18 09:50:16.831259,Incomplete,208,3,36.6
1443,832,2023-09-21 02:06:29.064234,Incomplete,448,1,233.57
1444,658,2023-10-15 22:27:06.253517,Incomplete,675,5,2351.85
1445,268,2023-10-03 15:32:20.372946,Complete,407,4,179.48
1446,619,2023-08-21 01:48:08.158634,Complete,583,3,437.55
1447,659,2023-05-04 05:06:46.397913,Complete,186,4,347.24
1448,168,2024-01-20 19:54:12.423043,Incomplete,658,1,496.96
1449,245,2024-08-30 20:05:49.581649,Complete,488,3,678.0
1450,917,2023-08-02 23:02:14.103337,Incomplete,898,2,382.66
1451,604,2024-06-26 05:21:35.442604,Complete,49,3,740.22
1452,951,2024-01-27 01:29:20.577048,Complete,288,4,129.12
1453,825,2023-09-11 15:14:39.038031,Incomplete,699,3,647.88
1454,96,2023-02-08 03:46:02.705727,Complete,449,5,661.9
1455,398,2024-09-19 09:33:59.465550,Complete,615,1,388.04
1456,221,2024-09-21 07:38:07.858237,Incomplete,84,5,2265.55
1457,928,2023-03-17 21:56:48.107043,Complete,42,4,134.04
1458,357,2023-12-25 17:03:32.208401,Complete,574,4,402.8
1459,888,2024-08-24 07:26:59.570427,Complete,142,4,419.24
1460,61,2023-05-05 17:20:52.459500,Incomplete,212,1,315.65
1461,544,2023-02-09 12:44:48.591491,Complete,295,2,18.96
1462,270,2024-09-30 23:51:05.841044,Incomplete,323,3,1446.75
1463,15,2024-07-04 02:14:42.945923,Complete,55,5,2486.3
1464,487,2024-09-05 17:09:58.770365,Incomplete,706,5,1864.8
1465,422,2023-02-27 07:16:37.139035,Incomplete,785,4,1778.36
1466,993,2023-11-15 06:08:35.726284,Incomplete,304,3,217.26
1467,968,2024-02-29 15:56:33.490356,Incomplete,75,3,583.92
1468,613,2024-09-28 05:15:16.825245,Complete,745,3,1038.33
1469,108,2023-02-24 07:41:31.345954,Complete,106,3,1093.44
1470,968,2023-05-19 16:56:40.805228,Incomplete,237,3,1164.99
1471,359,2024-07-30 07:41:44.166868,Incomplete,917,4,351.8
1472,280,2023-09-08 18:00:02.732977,Complete,821,4,1501.96
1473,507,2024-01-01 23:30:31.641502,Incomplete,161,3,78.63
1474,720,2023-11-22 23:39:58.179868,Complete,634,4,45.76
1475,165,2023-09-02 12:20:40.347042,Incomplete,689,3,671.67
1476,723,2023-11-24 02:27:02.137613,Complete,525,3,698.07
1477,75,2024-11-24 22:39:06.754914,Complete,712,1,243.42
1478,936,2023-06-24 10:33:44.399150,Incomplete,786,2,119.1
1479,48,2023-04-27 07:05:50.618260,Incomplete,157,1,358.54
1480,917,2023-09-23 23:17:59.549409,Incomplete,781,2,922.52
1481,435,2024-04-20 12:55:29.357182,Complete,33,4,788.44
1482,320,2023-09-26 10:33:10.898453,Complete,392,3,276.06
1483,68,2023-04-23 19:38:28.056624,Incomplete,627,1,443.62
1484,140,2023-08-22 13:49:09.744563,Complete,737,2,931.32
1485,160,2024-05-03 19:54:26.476198,Incomplete,834,4,1448.44
1486,31,2023-06-25 09:03:35.573447,Complete,148,5,719.3
1487,575,2023-10-03 23:19:04.645808,Incomplete,251,3,714.66
1488,312,2024-03-03 17:15:07.842897,Complete,118,2,73.08
1489,995,2023-06-04 21:24:25.569788,Complete,522,2,176.26
1490,860,2024-08-28 02:16:40.236219,Complete,644,5,1290.6
1491,181,2023-12-30 20:09:25.959331,Complete,296,2,23.94
1492,791,2024-03-18 04:37:40.447145,Complete,773,1,123.79
1493,711,2024-12-30 17:48:55.883427,Complete,859,2,663.46
1494,229,2023-07-27 06:41:39.297218,Complete,644,1,426.78
1495,30,2024-02-21 10:07:54.120672,Incomplete,759,1,341.58
1496,499,2023-05-22 20:31:35.128760,Incomplete,733,3,804.75
1497,903,2024-01-23 18:52:51.081252,Incomplete,831,3,510.75
1498,114,2023-09-30 04:42:35.613440,Incomplete,730,4,151.64
1499,389,2024-08-07 09:09:10.355437,Complete,740,1,63.4
1500,322,2025-01-08 00:32:06.713895,Complete,943,2,797.8
1501,665,2024-08-24 14:39:59.831982,Incomplete,496,5,207.95
1502,695,2023-03-10 16:27:31.175643,Incomplete,432,1,150.54
1503,532,2023-12-12 01:16:02.327024,Complete,666,4,1274.84
1504,949,2023-07-22 02:19:46.857941,Complete,774,5,1037.65
1505,30,2024-03-30 17:39:23.851397,Incomplete,660,5,2286.6
1506,286,2024-08-23 08:20:36.827231,Complete,230,4,200.24
1507,182,2023-04-26 08:35:09.893187,Complete,96,4,676.44
1508,484,2024-04-21 06:58:51.832857,Incomplete,169,1,94.64
1509,354,2023-04-29 03:40:01.759859,Complete,474,3,1006.35
1510,115,2023-10-15 01:19:04.449019,Complete,346,2,741.88
1511,449,2023-10-19 06:33:42.667846,Complete,178,4,412.2
1512,956,2024-04-16 11:55:02.850479,Incomplete,138,2,322.4
1513,430,2024-12-23 06:38:58.259866,Incomplete,64,5,980.05
1514,233,2024-02-09 06:36:23.578602,Complete,472,2,565.0
1515,416,2024-11-22 09:19:30.505746,Complete,652,2,680.92
1516,365,2023-06-01 15:35:36.044074,Incomplete,972,2,844.64
1517,970,2024-12-11 11:46:16.610551,Incomplete,798,3,704.22
1518,262,2023-04-02 05:06:38.164622,Complete,154,5,2217.45
1519,167,2024-12-18 12:01:53.485196,Incomplete,591,2,89.44
1520,586,2024-10-11 02:29:08.680660,Complete,31,1,174.78
1521,897,2024-12-04 16:58:29.341664,Complete,596,5,391.25
1522,36,2024-09-25 05:49:39.040420,Complete,473,3,644.49
1523,811,2023-12-07 09:25:27.847663,Complete,308,5,163.65
1524,282,2024-05-21 18:53:09.138299,Incomplete,91,5,140.1
1525,240,2023-03-24 08:26:44.867554,Incomplete,149,2,884.28
1526,387,2024-09-05 02:58:15.566710,Incomplete,277,5,525.1
1527,347,2024-03-27 19:17:46.554382,Complete,889,1,326.57
1528,203,2024-04-22 18:42:40.124464,Incomplete,214,4,479.36
1529,524,2024-08-04 00:29:51.337338,Complete,478,3,178.56
1530,349,2024-02-22 03:55:34.528762,Incomplete,487,5,784.4
1531,418,2023-08-12 08:48:03.965909,Incomplete,955,3,178.59
1532,316,2024-09-17 07:21:28.069733,Incomplete,320,5,981.0
1533,265,2024-01-06 07:18:04.339433,Incomplete,990,2,855.06
1534,224,2024-08-18 21:34:40.366000,Complete,884,5,1979.95
1535,205,2023-05-30 07:48:00.107859,Incomplete,845,2,431.86
1536,269,2024-03-22 17:29:57.813262,Complete,137,5,2428.5
1537,644,2025-01-14 21:57:26.716636,Complete,138,4,1530.72
1538,590,2024-10-04 18:21:26.427733,Complete,91,2,91.22
1539,105,2024-04-11 03:16:58.673298,Complete,427,1,375.72
1540,650,2023-08-06 04:50:53.174308,Incomplete,987,1,424.79
1541,507,2024-08-13 19:17:32.741878,Complete,90,2,614.24
1542,483,2024-07-07 06:35:51.316507,Complete,795,4,41.44
1543,862,2024-06-02 06:55:28.146133,Incomplete,587,2,310.78
1544,967,2023-08-24 17:42:28.365703,Incomplete,169,5,1996.65
1545,150,2024-05-02 06:57:30.439765,Complete,175,1,281.83
1546,873,2024-06-10 06:25:31.230951,Incomplete,81,3,485.1
1547,125,2023-11-10 17:48:28.108968,Complete,697,1,112.2
1548,228,2024-01-08 02:03:38.096045,Incomplete,869,1,294.63
1549,276,2024-04-17 23:53:23.747734,Complete,969,3,1002.45
1550,471,2024-12-16 01:12:53.117443,Complete,462,5,1382.85
1551,767,2023-05-10 05:02:41.784009,Complete,390,4,1498.64
1552,21,2024-08-07 14:38:49.458649,Complete,172,4,656.88
1553,187,2024-01-09 05:12:35.948499,Incomplete,25,2,739.48
1554,578,2024-05-23 00:50:36.110525,Incomplete,647,3,1033.14
1555,378,2023-04-30 08:23:05.939762,Complete,41,4,206.32
1556,258,2023-06-01 01:38:20.160525,Complete,144,3,1410.12
1557,882,2025-01-21 22:16:14.384340,Complete,375,5,40.85
1558,923,2023-05-27 20:54:25.401633,Incomplete,83,5,949.9
1559,127,2024-09-21 09:05:59.246423,Incomplete,250,5,1549.05
1560,314,2024-01-11 10:56:12.983202,Incomplete,793,1,306.06
1561,487,2023-04-19 06:45:21.820199,Complete,101,2,796.22
1562,878,2024-10-28 17:40:37.550475,Incomplete,852,2,487.06
1563,124,2024-11-24 13:54:25.979437,Complete,957,4,1813.6
1564,45,2024-11-18 05:03:11.099947,Incomplete,518,4,1054.36
1565,220,2024-07-08 02:28:51.459026,Complete,758,3,1431.42
1566,531,2025-01-21 12:38:32.707717,Complete,295,2,147.3
1567,903,2023-09-27 04:12:15.084283,Incomplete,939,5,2392.6
1568,290,2023-03-06 05:16:23.426508,Incomplete,699,5,1897.7
1569,921,2023-02-17 09:45:40.099432,Complete,758,2,714.76
1570,74,2024-10-23 06:00:51.721083,Incomplete,398,2,633.68
1571,192,2023-07-29 18:07:27.823388,Incomplete,37,4,1255.24
1572,657,2024-03-07 14:47:17.093081,Incomplete,481,1,423.31
1573,513,2024-08-25 08:21:01.324400,Incomplete,673,2,992.88
1574,687,2024-04-03 05:46:01.823845,Incomplete,203,5,1754.85
1575,636,2024-04-13 01:07:00.642282,Incomplete,595,2,349.64
1576,113,2024-07-13 12:21:33.916727,Incomplete,182,3,910.17
1577,607,2024-02-14 18:54:15.947226,Complete,106,3,514.86
1578,19,2024-09-18 22:10:35.075863,Incomplete,311,3,237.81
1579,226,2023-05-22 17:44:01.628596,Complete,278,4,187.84
1580,715,2023-08-19 13:16:20.077579,Incomplete,606,5,246.3
1581,955,2024-11-05 12:53:59.156087,Incomplete,260,1,422.22
1582,581,2023-10-22 06:55:11.801210,Incomplete,169,5,1739.1
1583,595,2023-09-13 05:46:43.163661,Complete,80,2,639.06
1584,5,2023-07-02 19:33:04.053951,Complete,905,5,2052.25
1585,902,2024-01-09 08:22:04.912190,Complete,968,4,209.88
1586,555,2024-03-15 23:53:39.245626,Complete,768,4,569.2
1587,91,2024-12-25 08:20:39.922478,Complete,165,4,438.16
1588,424,2023-02-23 03:27:58.347517,Incomplete,960,2,346.08
1589,261,2024-09-01 02:24:28.854336,Incomplete,471,1,197.14
1590,538,2023-05-19 20:30:51.912647,Incomplete,579,3,59.85
1591,818,2024-11-18 02:51:43.292760,Incomplete,71,5,899.05
1592,525,2024-02-23 04:30:22.285022,Complete,895,4,244.08
1593,167,2024-10-13 09:19:08.162382,Incomplete,455,4,1559.24
1594,473,2024-06-26 15:45:56.193952,Incomplete,860,5,317.45
1595,55,2024-01-09 16:35:44.272188,Incomplete,942,4,623.24
1596,348,2024-03-09 21:11:15.250218,Incomplete,464,5,1886.65
1597,707,2023-12-10 12:19:37.113889,Complete,142,5,997.3
1598,404,2024-09-16 11:26:53.741716,Incomplete,413,2,647.4
1599,35,2023-10-03 09:57:39.299055,Incomplete,150,5,1170.4
1600,280,2024-01-13 05:08:09.886265,Incomplete,578,2,354.9
1601,396,2024-11-08 06:20:30.433478,Incomplete,537,3,1301.49
1602,415,2024-03-24 07:13:33.364132,Complete,420,1,390.27
1603,873,2024-02-29 19:54:54.506661,Complete,259,3,517.83
1604,733,2023-06-16 22:04:10.152423,Complete,508,3,1445.1
1605,971,2024-12-04 12:48:29.004784,Complete,866,4,1022.2
1606,513,2024-03-04 00:46:48.788715,Incomplete,990,2,256.38
1607,363,2024-03-20 21:55:51.132166,Incomplete,95,5,2155.0
1608,217,2023-07-29 08:00:06.650235,Complete,800,5,2229.6
1609,644,2024-03-05 07:02:15.199232,Incomplete,977,1,253.2
1610,170,2024-02-10 08:31:00.435964,Complete,156,3,1130.52
1611,436,2023-08-24 12:51:51.582551,Incomplete,734,4,1278.28
1612,557,2023-02-11 11:11:43.164773,Complete,770,2,475.28
1613,328,2023-03-10 19:19:56.278703,Complete,328,4,161.04
1614,995,2024-09-19 04:48:10.057300,Complete,13,5,2231.75
1615,722,2023-04-30 09:18:50.986410,Incomplete,973,5,2014.6
1616,291,2023-05-22 02:32:11.859718,Incomplete,556,1,390.9
1617,569,2023-12-22 21:53:08.114726,Incomplete,495,1,427.2
1618,580,2024-02-20 18:19:29.926408,Incomplete,959,5,372.55
1619,394,2023-03-23 03:36:35.073697,Incomplete,341,4,97.12
1620,545,2024-08-31 05:23:34.348866,Complete,892,5,449.05
1621,20,2024-11-01 08:03:21.929128,Complete,775,4,1476.16
1622,95,2023-12-23 22:25:42.675693,Complete,454,1,387.72
1623,851,2025-01-16 14:54:08.657368,Incomplete,434,1,381.73
1624,932,2024-10-04 18:30:57.367205,Complete,695,4,158.12
1625,586,2024-12-21 17:34:55.401288,Complete,650,5,430.25
1626,456,2023-06-30 14:31:26.250451,Complete,96,1,200.47
1627,637,2024-12-04 01:33:58.817346,Complete,15,5,1828.4
1628,775,2024-06-19 19:36:31.797347,Incomplete,392,3,626.01
1629,604,2024-01-04 20:49:06.962477,Incomplete,527,5,565.4
1630,968,2024-11-20 04:49:02.355168,Complete,370,1,363.48
1631,53,2023-09-13 14:54:15.793141,Complete,179,3,227.61
1632,687,2024-01-31 19:21:52.246192,Incomplete,102,1,113.9
1633,702,2024-03-01 01:02:56.981000,Complete,123,2,893.36
1634,371,2024-02-28 11:46:04.605557,Incomplete,101,2,172.02
1635,53,2024-06-06 16:26:08.195106,Complete,557,4,1883.44
1636,307,2024-01-19 09:56:01.205895,Incomplete,254,5,178.4
1637,328,2024-06-23 15:26:33.445602,Complete,387,4,455.52
1638,389,2023-08-31 14:16:41.687797,Complete,775,5,1684.0
1639,927,2024-04-03 06:30:51.798416,Incomplete,44,4,512.36
1640,557,2023-10-24 11:21:33.503298,Incomplete,407,2,808.96
1641,282,2023-03-10 10:08:47.563511,Incomplete,935,2,658.56
1642,611,2023-12-30 19:35:53.486675,Complete,903,2,23.28
1643,131,2024-12-04 19:32:07.768829,Complete,729,1,42.63
1644,364,2023-03-02 23:02:37.009745,Incomplete,246,3,634.23
1645,124,2023-11-01 22:12:39.817273,Complete,300,3,1128.72
1646,832,2023-02-09 15:03:31.353723,Incomplete,664,5,30.95
1647,720,2024-10-01 11:47:16.364353,Complete,797,4,167.72
1648,215,2024-09-08 21:42:51.901721,Incomplete,153,3,461.79
1649,698,2023-09-19 12:32:38.212337,Incomplete,397,2,778.74
1650,5,2023-02-17 18:45:54.877908,Complete,30,3,1180.65
1651,677,2024-08-20 11:58:59.039234,Incomplete,539,4,1715.28
1652,946,2024-11-08 05:15:47.841902,Incomplete,46,2,468.02
1653,96,2023-02-16 10:45:31.076203,Incomplete,43,3,848.67
1654,465,2024-06-28 21:35:22.060875,Complete,420,5,675.15
1655,772,2023-03-21 17:45:23.388248,Incomplete,336,5,492.65
1656,687,2023-03-01 05:56:17.121864,Incomplete,68,4,333.92
1657,8,2024-10-19 05:58:43.328292,Complete,522,2,597.22
1658,78,2023-04-05 12:36:13.967027,Incomplete,429,4,267.76
1659,329,2023-11-15 14:12:34.997434,Complete,771,4,846.0
1660,254,2024-05-15 18:04:00.557400,Complete,964,2,22.76
1661,637,2024-03-08 20:52:10.269526,Complete,831,3,129.87
1662,451,2024-08-20 00:21:08.834387,Complete,853,4,692.6
1663,2,2024-03-18 12:24:28.759763,Incomplete,211,4,1165.72
1664,964,2023-08-04 06:59:50.857359,Complete,813,5,1052.65
1665,416,2024-01-02 06:46:30.048889,Complete,898,4,1193.44
1666,872,2023-11-17 15:23:43.894926,Complete,54,2,545.72
1667,870,2024-12-29 04:12:22.487964,Incomplete,855,3,957.0
1668,977,2023-07-29 11:10:25.832967,Complete,406,3,1193.7
1669,128,2025-01-24 02:53:01.414290,Complete,532,3,1210.26
1670,68,2023-01-28 17:09:59.728181,Incomplete,78,5,869.35
1671,796,2023-03-20 15:00:18.885513,Complete,146,3,1053.3
1672,76,2024-06-29 14:38:02.450851,Complete,576,1,473.54
1673,522,2023-07-04 06:33:32.268711,Complete,71,5,1260.05
1674,547,2023-04-06 09:19:22.692467,Complete,629,5,473.65
1675,518,2023-06-25 01:16:49.132522,Complete,538,2,495.18
1676,798,2023-10-11 16:09:32.786337,Complete,341,1,406.15
1677,333,2024-07-25 10:00:40.982741,Complete,257,5,433.7
1678,409,2023-09-16 07:43:02.965774,Complete,497,1,71.97
1679,414,2023-05-04 00:39:38.900231,Incomplete,280,2,273.14
1680,908,2024-05-29 08:18:05.086499,Complete,51,4,1618.44
1681,740,2024-08-03 22:30:35.636512,Complete,559,1,367.98
1682,616,2024-02-11 04:26:37.347212,Incomplete,616,3,763.56
1683,682,2024-08-16 07:35:53.926217,Incomplete,849,3,1305.3
1684,379,2024-09-17 07:26:21.513393,Incomplete,677,4,468.16
1685,535,2024-06-18 00:48:17.968522,Incomplete,341,2,556.08
1686,607,2023-10-26 19:28:58.752106,Complete,887,2,170.32
1687,607,2024-11-20 22:33:08.751008,Complete,502,3,771.57
1688,195,2024-07-03 16:27:30.799716,Incomplete,720,3,501.87
1689,941,2023-04-11 16:41:24.220125,Incomplete,90,5,599.0
1690,955,2023-04-28 18:10:03.470409,Complete,76,3,174.69
1691,208,2023-04-21 10:01:15.456830,Incomplete,167,5,708.45
1692,25,2023-10-28 19:12:58.377463,Complete,1000,5,49.15
1693,310,2023-07-12 05:22:12.304587,Complete,210,1,59.16
1694,422,2024-03-21 14:24:45.334825,Complete,578,1,120.18
1695,884,2023-05-19 19:43:52.520290,Complete,772,4,1406.12
1696,199,2023-03-31 03:40:58.164931,Incomplete,563,1,404.5
1697,383,2023-10-04 11:27:48.516053,Incomplete,244,3,589.44
1698,193,2023-07-25 20:54:26.140207,Complete,835,2,454.3
1699,923,2024-09-02 12:46:41.114982,Incomplete,869,2,463.48
1700,462,2023-04-10 04:44:13.040584,Incomplete,281,3,735.3
1701,846,2023-11-08 16:43:37.053576,Incomplete,797,5,2020.9
1702,181,2024-06-20 20:54:32.660313,Complete,243,2,175.68
1703,364,2024-12-08 12:12:22.640689,Incomplete,779,3,832.02
1704,14,2024-08-02 04:45:05.288828,Incomplete,993,3,411.15
1705,718,2024-12-10 15:20:48.944160,Incomplete,400,4,1869.76
1706,747,2023-04-24 13:57:04.607805,Incomplete,525,2,708.38
1707,151,2023-12-10 21:34:55.836193,Incomplete,283,3,388.41
1708,873,2023-04-18 13:38:06.570654,Complete,817,4,56.32
1709,488,2024-10-16 05:19:15.758595,Incomplete,843,3,639.12
1710,117,2024-12-27 16:49:12.024986,Incomplete,163,3,1066.02
1711,825,2023-04-21 00:17:28.947408,Complete,714,1,328.11
1712,947,2024-04-06 22:07:28.481984,Complete,254,2,19.32
1713,249,2024-05-10 23:26:49.863156,Incomplete,236,4,1409.84
1714,944,2023-02-01 09:24:44.162977,Incomplete,996,5,2158.3
1715,66,2023-02-11 05:25:36.727444,Complete,319,5,1119.0
1716,839,2025-01-08 03:06:49.844175,Complete,930,1,161.99
1717,719,2023-09-23 05:01:14.672774,Incomplete,928,3,57.45
1718,950,2024-08-05 01:14:45.987467,Complete,759,1,70.79
1719,694,2023-08-01 17:15:27.746156,Complete,931,2,651.0
1720,614,2024-05-25 23:01:34.176722,Complete,858,1,9.72
1721,897,2024-06-15 06:19:11.047387,Incomplete,681,4,212.96
1722,370,2024-05-14 13:06:50.769634,Incomplete,748,4,601.04
1723,336,2024-06-21 18:10:07.371911,Incomplete,45,3,1386.99
1724,617,2024-05-30 20:20:33.562243,Complete,776,3,436.8
1725,448,2023-10-28 12:51:35.909174,Complete,815,1,213.45
1726,892,2023-06-28 00:34:44.520995,Complete,775,2,487.02
1727,455,2024-10-10 20:14:26.835366,Complete,889,5,2138.95
1728,849,2024-06-14 14:57:37.587617,Incomplete,646,4,243.68
1729,863,2024-09-12 23:37:35.007896,Incomplete,221,4,1300.8
1730,18,2023-04-11 19:21:45.639612,Complete,401,2,475.54
1731,663,2024-04-21 18:06:06.411594,Incomplete,510,1,82.2
1732,494,2024-02-12 02:57:24.238096,Incomplete,263,3,979.38
1733,687,2024-02-18 18:32:20.882423,Complete,792,1,309.94
1734,710,2024-07-22 12:52:33.165816,Complete,657,3,835.68
1735,830,2024-05-17 00:49:22.259538,Incomplete,994,4,519.6
1736,533,2023-04-17 05:58:20.069761,Incomplete,279,5,723.6
1737,966,2024-05-26 01:53:11.329221,Incomplete,28,1,238.7
1738,658,2024-06-09 16:59:06.873879,Complete,383,3,1137.84
1739,746,2023-06-19 13:44:17.088129,Incomplete,458,1,371.78
1740,303,2025-01-05 12:51:28.865017,Incomplete,991,1,185.06
1741,167,2024-02-10 12:45:57.946842,Incomplete,724,4,832.8
1742,982,2024-11-05 13:24:36.475235,Incomplete,258,3,1436.25
1743,16,2023-05-02 11:17:06.378688,Complete,351,2,450.38
1744,675,2024-10-31 15:10:12.988881,Complete,963,3,1428.42
1745,809,2023-09-21 04:19:30.071227,Incomplete,343,3,326.34
1746,644,2023-09-16 11:10:12.629959,Incomplete,638,3,88.38
1747,119,2024-11-16 22:33:30.355585,Complete,339,4,185.88
1748,602,2025-01-23 21:00:54.463064,Complete,38,3,1101.42
1749,774,2023-04-19 00:34:56.834828,Incomplete,484,4,481.4
1750,887,2024-12-03 18:44:55.167128,Incomplete,469,1,448.4
1751,452,2023-08-05 15:15:45.132502,Complete,300,5,1250.85
1752,145,2023-06-30 09:16:12.910297,Complete,429,5,2155.05
1753,871,2024-05-05 20:23:50.057362,Complete,312,5,625.3
1754,57,2025-01-16 16:05:41.880780,Complete,845,1,171.64
1755,668,2024-05-29 02:01:39.079737,Incomplete,776,5,511.45
1756,215,2024-01-21 23:07:54.358448,Complete,452,1,157.17
1757,865,2023-10-13 00:43:08.827410,Incomplete,557,3,132.57
1758,718,2023-10-18 12:27:38.374762,Complete,978,2,452.98
1759,923,2024-10-05 19:42:46.964130,Complete,261,1,62.35
1760,733,2024-04-13 13:59:00.027548,Complete,976,1,492.2
1761,181,2025-01-05 04:12:25.720708,Incomplete,159,3,1462.17
1762,388,2023-07-18 12:32:45.710746,Complete,961,5,722.8
1763,720,2024-12-02 16:30:04.985965,Complete,51,3,745.26
1764,168,2024-04-25 10:24:58.346241,Complete,827,3,1143.48
1765,278,2024-05-26 14:27:34.235287,Complete,949,1,418.14
1766,884,2023-05-30 05:23:55.685762,Complete,861,4,266.6
1767,186,2024-09-20 12:22:05.389341,Incomplete,12,5,1310.35
1768,937,2024-08-09 10:50:30.649460,Complete,766,2,421.98
1769,206,2023-03-30 22:07:55.684969,Complete,100,3,176.7
1770,562,2023-04-14 19:52:35.870785,Incomplete,271,4,191.0
1771,979,2023-06-12 08:38:53.960453,Complete,763,3,1406.01
1772,204,2023-12-11 10:34:22.024248,Complete,176,4,935.56
1773,276,2023-03-15 16:59:58.348252,Incomplete,254,2,283.74
1774,756,2024-08-16 01:50:04.967749,Complete,807,3,1309.95
1775,741,2023-09-21 16:22:19.356953,Incomplete,204,3,1021.35
1776,47,2023-04-29 05:55:32.050864,Complete,115,2,917.16
1777,965,2023-08-12 15:42:24.886041,Incomplete,967,4,1978.52
1778,869,2024-06-30 14:21:04.695682,Complete,851,3,1449.27
1779,492,2024-01-06 07:56:48.086518,Incomplete,107,1,452.53
1780,295,2023-01-29 00:45:21.337365,Incomplete,538,3,806.79
1781,496,2023-07-21 21:47:51.437808,Incomplete,76,2,24.26
1782,958,2024-10-29 01:02:55.125527,Incomplete,754,1,489.57
1783,682,2024-12-19 01:39:27.271898,Incomplete,478,4,406.92
1784,276,2024-09-07 06:28:54.412488,Incomplete,403,1,418.07
1785,386,2023-04-30 11:20:50.504943,Complete,726,3,995.37
1786,966,2024-04-10 22:28:39.498783,Incomplete,486,5,219.25
1787,11,2023-02-23 18:50:38.458976,Complete,541,1,193.93
1788,687,2024-12-24 01:08:37.007239,Incomplete,29,3,962.49
1789,647,2024-05-06 03:02:49.323840,Complete,448,3,804.24
1790,38,2023-06-26 23:09:52.223946,Incomplete,352,1,153.08
1791,558,2023-10-09 04:55:07.839995,Complete,677,1,378.25
1792,90,2024-08-24 00:26:50.127450,Incomplete,951,3,1074.9
1793,871,2024-07-25 07:12:13.530648,Incomplete,975,1,190.64
1794,574,2024-01-16 10:08:08.464106,Complete,127,1,366.5
1795,411,2023-02-27 18:07:26.818947,Incomplete,32,3,207.87
1796,144,2023-10-21 12:37:00.928539,Incomplete,309,5,1438.0
1797,17,2023-07-07 15:00:40.604055,Complete,9,2,508.24
1798,593,2024-06-17 01:44:56.367167,Incomplete,993,2,706.02
1799,25,2024-08-08 19:07:14.690534,Incomplete,326,5,1427.65
1800,135,2025-01-15 00:23:09.071515,Complete,842,1,330.57
1801,540,2023-04-12 05:24:16.376600,Complete,243,5,56.55
1802,817,2023-07-03 23:32:58.042108,Incomplete,525,3,233.94
1803,842,2024-03-23 19:45:36.391232,Incomplete,630,5,511.85
1804,159,2024-12-29 11:06:29.624778,Complete,421,5,137.75
1805,26,2024-02-20 03:19:59.650920,Incomplete,168,2,351.26
1806,436,2024-10-05 07:34:10.588987,Complete,623,4,1643.2
1807,52,2024-05-24 08:33:05.564079,Incomplete,343,3,1416.48
1808,711,2024-05-13 16:07:18.469002,Incomplete,49,4,1234.72
1809,205,2024-03-28 10:47:39.177052,Complete,376,3,184.11
1810,527,2023-04-04 09:13:35.175322,Complete,322,4,1419.8
1811,893,2024-03-20 20:40:51.351429,Incomplete,336,2,695.88
1812,836,2023-07-14 18:59:56.247345,Incomplete,383,4,272.04
1813,117,2024-12-13 21:53:59.131783,Complete,661,4,43.28
1814,966,2023-04-07 08:17:41.835946,Incomplete,633,5,2475.1
1815,550,2023-06-13 12:20:03.681141,Complete,823,3,1186.05
1816,661,2024-06-17 14:23:48.506950,Complete,386,4,1472.68
1817,852,2023-04-01 01:49:40.339586,Incomplete,531,1,263.93
1818,576,2023-09-25 09:34:00.065612,Complete,224,4,440.8
1819,187,2025-01-14 18:58:20.262653,Incomplete,291,2,590.02
1820,43,2023-07-02 18:42:55.613897,Complete,706,2,321.24
1821,434,2024-02-27 12:05:45.917379,Incomplete,759,3,1047.48
1822,290,2023-06-09 07:10:34.394927,Incomplete,88,2,84.32
1823,436,2024-12-29 19:56:35.076499,Incomplete,171,5,1766.3
1824,612,2024-05-19 10:30:56.672696,Incomplete,18,2,822.82
1825,513,2023-04-18 19:54:16.895795,Incomplete,810,5,1212.4
1826,827,2024-09-26 11:37:33.767182,Incomplete,819,5,213.0
1827,26,2024-04-07 14:58:03.153447,Complete,888,4,258.28
1828,144,2024-02-06 09:05:59.652213,Complete,560,2,206.94
1829,425,2024-04-22 01:30:10.876965,Incomplete,768,1,378.74
1830,885,2024-08-04 18:02:58.208003,Incomplete,441,2,610.58
1831,585,2023-06-04 02:31:11.222229,Incomplete,754,3,106.62
1832,548,2024-10-12 17:02:27.704199,Complete,97,2,89.6
1833,744,2024-09-18 05:04:45.570474,Complete,855,5,759.1
1834,61,2023-03-02 15:57:16.102054,Complete,346,2,931.54
1835,159,2023-03-24 01:21:13.218870,Complete,650,2,398.2
1836,699,2023-03-09 03:58:54.031276,Incomplete,565,3,290.64
1837,615,2024-10-03 03:44:52.621329,Incomplete,27,1,199.71
1838,964,2023-12-22 19:12:34.192303,Incomplete,699,2,200.88
1839,362,2024-03-29 04:57:47.465541,Incomplete,558,4,859.52
1840,412,2023-12-02 00:34:13.370161,Incomplete,233,4,826.76
1841,775,2024-02-11 05:04:38.057033,Incomplete,382,3,936.69
1842,337,2024-10-01 22:49:48.834203,Incomplete,393,4,1932.32
1843,823,2023-12-29 06:34:26.697716,Incomplete,796,1,234.55
1844,348,2024-04-22 21:05:59.092042,Complete,715,4,1531.88
1845,806,2024-07-25 17:06:35.214742,Incomplete,383,5,1936.8
1846,925,2024-11-16 16:03:31.981672,Complete,576,1,408.72
1847,391,2023-07-09 11:15:24.538440,Complete,785,4,571.6
1848,58,2023-09-04 19:38:59.586527,Complete,764,1,359.92
1849,636,2023-03-29 20:32:06.803092,Complete,814,5,728.95
1850,205,2024-04-17 21:25:33.901668,Incomplete,231,3,1158.15
1851,578,2024-10-06 10:17:43.487869,Incomplete,922,5,749.05
1852,693,2024-04-11 13:45:30.125351,Complete,787,2,495.48
1853,448,2024-01-10 22:11:00.444932,Incomplete,141,4,1008.88
1854,999,2023-05-17 15:06:21.590910,Complete,707,4,575.36
1855,449,2024-01-08 09:23:26.375291,Incomplete,257,3,285.93
1856,549,2023-11-16 03:44:15.272836,Incomplete,855,5,308.6
1857,578,2024-03-06 15:34:06.631155,Complete,8,4,1083.48
1858,849,2024-02-11 15:09:06.574049,Incomplete,524,4,982.52
1859,669,2023-06-22 14:27:21.516140,Incomplete,5,4,494.48
1860,137,2023-10-02 15:40:54.429766,Complete,254,3,1415.16
1861,107,2024-08-25 13:53:18.586108,Incomplete,407,4,117.64
1862,844,2024-05-28 14:28:55.452933,Incomplete,548,5,977.7
1863,894,2024-02-09 20:18:07.011954,Complete,400,3,1394.91
1864,163,2024-07-28 10:34:26.580519,Incomplete,83,4,1728.56
1865,860,2023-02-23 05:59:12.933481,Incomplete,249,2,647.04
1866,844,2023-08-22 04:46:50.035252,Incomplete,245,3,307.53
1867,18,2024-05-03 09:57:30.687793,Incomplete,659,2,18.62
1868,284,2024-03-28 19:07:05.816716,Complete,816,1,154.13
1869,280,2023-06-15 09:43:03.619560,Incomplete,149,3,1258.26
1870,406,2024-12-03 21:10:38.286373,Complete,866,5,1151.25
1871,323,2024-11-15 07:05:54.067189,Incomplete,224,2,340.1
1872,432,2024-02-19 16:31:06.344774,Complete,149,1,28.85
1873,249,2024-05-03 08:09:43.490899,Incomplete,356,3,1167.0
1874,184,2023-04-28 20:41:57.152980,Complete,895,5,278.15
1875,727,2024-03-20 17:55:48.151919,Complete,115,4,715.4
1876,3,2023-11-06 01:10:07.411440,Incomplete,813,1,477.36
1877,22,2023-09-05 13:15:14.642345,Incomplete,40,2,532.74
1878,860,2023-09-07 00:11:02.822179,Complete,717,1,234.23
1879,452,2024-10-18 13:38:17.401980,Incomplete,336,5,2033.3
1880,922,2024-01-10 22:48:12.725118,Incomplete,611,1,358.78
1881,127,2023-10-17 12:44:47.543168,Complete,509,1,275.1
1882,130,2023-10-28 04:21:57.121709,Complete,280,1,372.62
1883,532,2023-02-20 02:46:35.233914,Incomplete,189,1,315.65
1884,590,2023-04-11 02:05:26.714707,Incomplete,210,1,331.88
1885,547,2023-09-22 02:46:24.444871,Incomplete,642,2,725.04
1886,228,2024-06-22 09:54:28.455795,Incomplete,703,1,451.37
1887,470,2023-03-08 06:11:33.376671,Complete,702,1,36.66
1888,620,2024-12-19 22:18:25.958115,Incomplete,503,1,24.03
1889,676,2023-07-21 11:14:41.037588,Complete,455,1,361.3
1890,216,2023-08-06 11:14:54.635915,Complete,938,3,1322.43
1891,663,2024-06-04 01:54:31.059349,Incomplete,824,1,113.97
1892,271,2023-02-12 02:57:48.263920,Incomplete,38,3,236.94
1893,923,2024-05-24 10:04:13.434217,Complete,347,3,464.91
1894,336,2023-08-24 17:21:09.246868,Complete,765,4,281.32
1895,648,2024-08-17 19:31:06.507533,Complete,366,5,1410.8
1896,240,2023-10-05 14:07:12.060887,Incomplete,294,1,206.43
1897,442,2023-04-19 22:32:58.401689,Incomplete,311,1,236.56
1898,177,2024-03-14 22:15:14.019855,Incomplete,231,4,1188.72
1899,326,2024-12-18 08:22:34.034221,Incomplete,174,5,1863.65
1900,514,2024-01-02 16:16:47.960940,Incomplete,123,4,844.4
1901,613,2024-09-03 18:54:45.779599,Complete,947,4,425.6
1902,160,2023-08-23 15:19:02.824162,Complete,492,2,798.02
1903,390,2024-08-31 15:54:23.970999,Complete,225,3,1090.35
1904,182,2024-11-08 17:10:26.761905,Incomplete,63,5,544.0
1905,276,2023-05-21 17:08:30.380259,Incomplete,539,5,1151.8
1906,320,2024-06-15 17:32:49.482144,Incomplete,119,4,1462.4
1907,713,2024-04-29 09:28:01.679883,Incomplete,163,1,29.82
1908,361,2024-11-06 17:36:35.543581,Complete,656,4,692.52
1909,796,2023-06-27 15:06:17.259429,Incomplete,258,5,1298.75
1910,711,2024-01-26 07:50:53.436686,Complete,214,3,428.01
1911,674,2024-03-30 08:26:38.671092,Incomplete,152,1,343.8
1912,847,2023-07-03 03:08:40.992686,Incomplete,971,1,157.71
1913,40,2024-11-16 01:32:22.601282,Complete,686,3,1239.12
1914,125,2023-12-08 18:08:42.781289,Complete,734,2,545.14
1915,40,2024-08-20 13:20:32.681127,Complete,440,3,629.19
1916,641,2023-08-10 05:58:41.191232,Incomplete,384,4,1067.08
1917,715,2024-08-20 05:03:49.932255,Incomplete,838,1,251.47
1918,816,2023-10-18 23:13:44.146145,Incomplete,936,4,132.4
1919,974,2024-12-08 15:16:39.303391,Complete,163,3,586.35
1920,412,2024-01-08 12:30:04.646672,Complete,971,4,698.32
1921,614,2024-10-31 04:49:40.612377,Complete,675,5,1960.7
1922,969,2023-03-02 11:21:14.436393,Incomplete,596,1,464.91
1923,268,2023-12-19 10:54:59.165981,Incomplete,869,4,304.32
1924,21,2024-07-15 14:46:09.394331,Complete,910,3,905.7
1925,851,2023-05-11 16:06:23.990091,Complete,887,3,1030.08
1926,257,2023-11-10 21:41:51.495735,Incomplete,40,3,504.42
1927,317,2023-11-23 00:44:36.155906,Incomplete,71,3,954.3
1928,590,2024-11-29 02:52:11.126602,Complete,37,2,424.38
1929,599,2024-10-14 08:37:53.521467,Incomplete,669,2,147.86
1930,602,2024-07-09 15:04:28.806899,Incomplete,966,4,1050.76
1931,333,2023-09-17 02:07:00.505090,Complete,948,4,695.36
1932,223,2024-08-26 08:37:58.043533,Complete,145,2,561.08
1933,405,2023-10-28 16:28:03.171809,Incomplete,969,3,1361.07
1934,601,2023-07-20 09:37:07.954830,Complete,362,4,963.76
1935,666,2024-10-02 03:46:42.690806,Incomplete,944,4,1561.0
1936,236,2023-12-31 09:36:27.284762,Complete,434,2,606.42
1937,454,2024-11-08 01:32:33.167821,Incomplete,450,1,54.66
1938,465,2023-03-08 22:11:19.698491,Complete,331,3,1305.3
1939,743,2024-06-09 10:50:49.610324,Incomplete,339,2,47.9
1940,360,2024-07-04 17:31:07.242502,Complete,780,2,12.52
1941,96,2024-10-04 10:23:07.584476,Complete,834,5,2489.45
1942,8,2024-09-11 04:09:30.538533,Incomplete,779,4,1507.92
1943,318,2024-08-02 10:03:21.078705,Complete,901,2,480.16
1944,158,2023-08-30 06:59:59.181475,Incomplete,691,1,80.14
1945,169,2023-05-21 02:22:49.265712,Complete,445,4,368.0
1946,935,2024-01-28 12:47:31.474123,Complete,435,4,353.48
1947,771,2024-08-21 11:55:21.926138,Incomplete,557,2,870.14
1948,217,2024-11-05 18:32:21.220832,Complete,192,4,415.04
1949,109,2023-05-24 05:59:25.932971,Complete,683,4,390.08
1950,813,2024-02-29 18:11:17.278343,Complete,511,1,339.08
1951,153,2023-08-18 07:43:38.954539,Incomplete,58,5,1902.15
1952,926,2023-07-26 03:27:15.270358,Complete,398,4,83.12
1953,60,2023-06-14 17:30:01.355124,Complete,375,5,498.05
1954,229,2024-06-29 12:57:10.351111,Incomplete,714,5,1608.05
1955,439,2024-06-08 04:54:36.065301,Incomplete,960,4,522.84
1956,800,2024-09-10 20:00:06.229411,Complete,275,2,245.46
1957,788,2024-07-02 14:22:44.918909,Incomplete,877,1,59.19
1958,449,2024-12-19 17:32:10.067328,Complete,373,3,1469.01
1959,7,2023-08-01 09:18:07.838048,Incomplete,862,1,218.48
1960,243,2024-05-03 10:08:16.673920,Complete,419,2,624.28
1961,399,2023-02-06 03:13:53.394361,Incomplete,503,4,341.12
1962,148,2024-08-21 01:44:01.059957,Incomplete,971,2,996.66
1963,24,2023-11-29 07:45:28.159580,Complete,902,3,1486.8
1964,307,2024-07-10 00:22:03.326226,Complete,44,5,2113.8
1965,517,2023-09-11 02:40:29.884361,Complete,603,2,859.42
1966,445,2024-07-14 17:49:37.564717,Complete,55,5,2132.35
1967,557,2024-08-18 19:25:17.373918,Complete,759,1,267.3
1968,759,2023-10-26 06:35:33.785858,Incomplete,945,3,811.02
1969,309,2024-05-23 20:41:37.428512,Incomplete,616,5,2081.55
1970,776,2024-04-08 06:28:06.568622,Complete,153,1,241.62
1971,744,2023-06-10 03:15:37.350107,Complete,491,4,80.16
1972,239,2025-01-21 02:58:58.151664,Complete,958,4,1661.68
1973,946,2024-09-14 21:51:16.516092,Complete,921,4,570.64
1974,474,2023-10-13 12:46:40.850289,Complete,349,1,41.7
1975,182,2023-05-16 22:09:40.148798,Incomplete,362,1,433.13
1976,342,2024-06-08 13:16:13.168459,Complete,907,3,188.91
1977,998,2024-06-26 03:55:34.631056,Complete,952,4,1094.76
1978,342,2024-09-05 23:47:55.850986,Incomplete,420,3,1051.8
1979,903,2024-08-07 04:08:47.707198,Incomplete,295,2,388.24
1980,758,2024-02-26 08:49:03.238422,Incomplete,854,2,879.24
1981,151,2023-09-01 07:03:12.508610,Incomplete,761,4,789.44
1982,951,2024-05-27 05:31:38.168775,Complete,788,3,1420.44
1983,811,2023-11-07 23:45:57.125433,Incomplete,30,5,1891.5
1984,435,2025-01-06 16:37:08.055554,Incomplete,246,4,1202.52
1985,943,2024-09-03 18:05:25.723370,Incomplete,125,4,1937.6
1986,245,2023-09-24 22:22:29.668995,Incomplete,733,1,120.04
1987,363,2024-11-15 05:40:44.199857,Incomplete,763,5,1573.65
1988,277,2024-10-25 19:46:09.885062,Complete,780,5,1177.35
1989,818,2024-09-07 09:59:38.325180,Complete,950,3,1125.09
1990,153,2024-06-22 20:09:07.849033,Incomplete,969,2,378.04
1991,337,2024-12-19 16:33:58.548432,Complete,479,5,389.8
1992,160,2024-05-28 09:30:25.875433,Complete,887,5,838.05
1993,997,2024-05-08 07:07:53.380148,Incomplete,146,5,1758.0
1994,804,2024-08-26 23:11:52.026184,Complete,389,3,64.5
1995,942,2025-01-15 20:26:38.067635,Incomplete,42,4,1788.56
1996,531,2023-04-01 20:31:45.831614,Incomplete,598,2,131.64
1997,601,2023-03-26 11:38:33.316964,Complete,396,1,39.91
1998,491,2024-11-15 20:58:25.779096,Complete,959,2,411.98
1999,448,2024-10-14 04:09:20.269851,Incomplete,627,5,2059.55
2000,176,2024-04-29 16:05:34.557508,Incomplete,870,2,114.78
2001,626,2023-02-13 09:48:21.120332,Incomplete,34,4,1380.24
2002,448,2023-08-27 04:01:17.096908,Incomplete,999,2,283.86
2003,890,2024-01-31 16:08:28.639520,Incomplete,507,4,1855.68
2004,872,2023-12-29 23:24:45.865386,Incomplete,5,3,1068.57
2005,737,2024-04-23 01:58:25.632169,Complete,595,4,66.08
2006,257,2025-01-15 03:02:26.459528,Incomplete,772,3,1403.04
2007,400,2023-07-23 13:54:20.555312,Complete,828,5,375.1
2008,770,2024-09-26 14:17:10.313378,Incomplete,733,5,2300.95
2009,543,2024-01-22 19:21:09.138656,Complete,54,4,1171.36
2010,168,2023-03-16 02:43:30.348172,Incomplete,842,4,1854.28
2011,957,2024-10-16 23:52:56.326242,Incomplete,304,4,721.72
2012,427,2024-02-02 09:01:58.241672,Complete,152,2,828.4
2013,872,2024-04-22 10:26:27.357786,Complete,794,5,1885.6
2014,414,2024-07-30 08:51:08.365855,Complete,189,1,246.22
2015,474,2024-03-28 06:37:40.886999,Complete,95,2,449.18
2016,430,2023-03-05 12:05:00.271547,Incomplete,498,3,303.21
2017,441,2025-01-05 04:46:20.248770,Complete,810,2,542.5
2018,70,2024-09-04 06:30:17.173436,Complete,704,3,661.2
2019,747,2024-12-20 03:06:54.093834,Complete,113,4,67.08
2020,826,2023-12-30 10:22:57.430710,Incomplete,885,5,826.0
2021,136,2023-07-09 19:30:30.951701,Complete,78,2,92.38
2022,961,2024-02-14 18:00:20.753857,Complete,608,4,472.08
2023,543,2023-06-30 02:31:59.690437,Complete,798,5,2489.0
2024,72,2023-07-30 13:12:14.969520,Complete,406,1,374.94
2025,295,2023-10-20 18:58:29.270396,Incomplete,924,3,621.24
2026,494,2024-08-07 11:04:48.299445,Incomplete,791,5,1577.5
2027,798,2024-01-24 15:13:52.880651,Complete,42,4,1774.64
2028,428,2024-05-20 21:20:07.797797,Incomplete,158,5,247.5
2029,179,2024-09-02 05:39:27.958181,Complete,270,5,2073.5
2030,981,2023-05-20 00:31:53.894305,Incomplete,485,4,1128.24
2031,723,2024-01-22 10:40:13.829488,Incomplete,893,4,525.2
2032,729,2025-01-09 18:50:35.258456,Complete,411,2,866.58
2033,16,2024-02-05 10:04:22.574269,Incomplete,67,1,123.93
2034,405,2023-07-08 18:20:54.006839,Complete,227,1,106.1
2035,156,2023-03-16 00:07:14.038888,Incomplete,239,3,999.6
2036,135,2023-03-16 14:56:55.228884,Incomplete,389,2,91.86
2037,870,2023-04-15 10:20:12.400794,Incomplete,799,4,1272.88
2038,246,2023-08-22 17:09:21.520225,Incomplete,109,1,197.34
2039,726,2024-03-26 09:37:58.792425,Complete,233,4,1829.92
2040,869,2024-03-11 08:21:14.076660,Complete,570,3,236.67
2041,503,2023-03-12 07:53:09.392133,Incomplete,771,1,343.41
2042,638,2023-06-16 08:47:42.898829,Complete,17,3,497.88
2043,435,2024-02-21 15:51:32.983039,Complete,393,3,1259.31
2044,819,2024-10-15 00:50:31.531994,Complete,100,1,288.75
2045,266,2023-06-09 01:30:54.410196,Incomplete,796,5,390.15
2046,541,2023-06-01 16:51:58.215708,Incomplete,775,1,367.52
2047,927,2023-05-09 02:39:55.188322,Complete,461,1,179.1
2048,484,2024-11-22 01:16:23.608926,Incomplete,472,2,864.4
2049,770,2024-06-22 11:06:42.793608,Complete,52,4,120.36
2050,459,2024-03-08 20:03:08.921247,Incomplete,785,1,484.74
2051,412,2024-11-17 21:26:28.972783,Incomplete,894,2,759.66
2052,813,2024-01-07 03:04:42.672254,Incomplete,25,1,111.65
2053,165,2023-08-06 12:31:11.252570,Complete,680,4,327.44
2054,146,2023-12-17 12:04:45.957525,Incomplete,944,4,623.24
2055,863,2023-09-15 00:05:55.082273,Complete,412,5,2275.4
2056,879,2023-08-24 09:40:44.540170,Complete,716,3,1110.57
2057,872,2023-11-28 01:07:05.248164,Complete,781,3,50.43
2058,79,2024-10-11 05:14:56.733105,Complete,41,4,1368.4
2059,185,2024-10-02 20:55:00.338051,Incomplete,416,3,213.57
2060,224,2024-10-18 21:39:43.772736,Complete,986,1,198.4
2061,688,2024-08-20 03:51:46.161598,Incomplete,403,2,911.68
2062,546,2024-07-11 13:26:41.013090,Incomplete,542,2,773.86
2063,597,2024-05-21 14:15:36.680400,Incomplete,977,3,887.37
2064,334,2024-02-08 21:19:58.402262,Complete,905,4,727.68
2065,921,2024-10-02 12:45:37.063701,Incomplete,674,3,771.87
2066,996,2023-05-06 12:13:25.776753,Complete,469,4,178.96
2067,850,2023-08-25 13:42:08.745206,Complete,101,5,511.65
2068,804,2023-06-30 19:18:04.986068,Incomplete,241,1,232.73
2069,822,2024-11-26 02:22:08.999190,Complete,957,1,219.04
2070,574,2024-12-30 21:20:00.796318,Complete,866,4,380.76
2071,536,2024-02-23 18:16:46.141651,Complete,297,2,279.08
2072,551,2024-12-17 06:40:15.399940,Incomplete,816,3,748.8
2073,715,2023-06-23 19:20:55.569615,Incomplete,598,5,1179.05
2074,107,2023-09-30 07:10:59.691856,Incomplete,566,2,560.74
2075,775,2023-05-24 23:57:23.825438,Incomplete,130,3,405.96
2076,215,2023-02-27 06:10:33.919569,Incomplete,765,3,893.37
2077,434,2024-12-13 18:42:17.334688,Incomplete,105,1,100.43
2078,285,2023-04-14 15:55:09.040774,Incomplete,704,2,274.64
2079,836,2024-03-08 01:36:55.985470,Complete,716,5,1899.2
2080,394,2024-09-09 18:25:24.875707,Complete,511,4,1382.52
2081,410,2023-02-27 04:51:42.617150,Complete,748,1,314.7
2082,379,2023-06-07 17:04:05.804677,Complete,828,1,451.36
2083,873,2023-09-18 19:22:16.917930,Incomplete,241,4,659.04
2084,249,2024-10-02 20:34:39.313118,Incomplete,263,3,343.98
2085,766,2024-02-03 12:41:50.740389,Incomplete,434,4,1038.48
2086,185,2024-11-06 05:19:54.449143,Incomplete,436,2,692.96
2087,961,2024-05-25 08:12:16.129903,Incomplete,330,5,1117.8
2088,879,2025-01-04 17:42:34.332971,Complete,808,3,193.95
2089,329,2024-09-26 20:19:46.301363,Complete,165,4,1372.56
2090,761,2024-05-03 00:11:58.591115,Complete,913,2,263.66
2091,155,2023-11-07 07:20:10.407668,Incomplete,984,5,2382.85
2092,227,2023-07-11 06:49:20.305038,Complete,448,2,572.64
2093,831,2024-08-20 16:52:49.557714,Incomplete,29,5,1684.45
2094,655,2024-11-22 22:41:14.324873,Complete,162,3,1084.92
2095,742,2023-01-31 13:50:44.225267,Incomplete,883,4,1245.4
2096,323,2025-01-26 09:38:54.693062,Incomplete,3,2,644.22
2097,265,2024-11-14 07:42:40.568648,Complete,298,5,1737.45
2098,384,2024-08-05 01:11:37.048156,Complete,111,3,842.61
2099,146,2023-05-18 20:09:14.327421,Incomplete,844,3,486.6
2100,152,2024-03-08 01:43:16.598727,Incomplete,915,1,144.64
2101,512,2024-03-06 03:23:52.313358,Incomplete,195,4,705.2
2102,96,2023-12-25 00:10:48.856416,Incomplete,163,4,249.08
2103,660,2023-04-07 11:51:02.479307,Complete,185,3,1374.81
2104,837,2024-06-02 23:07:57.993073,Incomplete,531,3,1093.95
2105,721,2024-08-02 20:26:26.810619,Complete,298,5,1463.7
2106,159,2023-06-08 05:30:09.198920,Incomplete,772,2,680.94
2107,463,2023-08-28 02:15:18.556087,Complete,353,2,118.74
2108,721,2024-06-26 07:48:17.674757,Complete,788,4,138.6
2109,388,2024-12-12 06:59:57.928506,Complete,329,5,2168.75
2110,577,2023-11-29 18:23:03.245321,Complete,991,4,1416.32
2111,220,2024-06-02 02:35:38.562369,Incomplete,836,3,1229.82
2112,972,2024-05-03 15:33:54.019887,Complete,276,4,153.56
2113,555,2024-03-24 06:27:18.314907,Complete,168,5,2132.15
2114,415,2024-02-10 20:09:59.385186,Complete,725,1,461.5
2115,881,2024-04-10 03:35:08.304062,Complete,696,1,146.52
2116,957,2024-01-30 17:48:50.338554,Complete,666,4,862.64
2117,139,2024-05-08 01:02:18.230879,Complete,941,4,1852.0
2118,377,2023-08-30 22:20:47.785409,Incomplete,832,1,383.69
2119,50,2024-12-05 12:10:14.268736,Incomplete,143,3,732.99
2120,783,2024-10-11 10:35:17.769374,Incomplete,895,3,757.08
2121,800,2024-12-21 05:50:40.444212,Complete,199,3,227.16
2122,891,2024-10-02 13:34:58.945662,Complete,861,4,1988.28
2123,440,2024-05-12 03:42:09.702723,Incomplete,378,3,1314.96
2124,314,2024-07-25 04:04:41.299192,Complete,696,4,353.0
2125,278,2023-07-26 16:00:30.479238,Incomplete,809,3,1422.78
2126,634,2024-02-17 06:48:56.664442,Incomplete,460,1,12.32
2127,981,2024-06-05 05:21:09.869234,Complete,696,2,491.34
2128,56,2023-09-11 07:12:22.978841,Incomplete,79,4,1039.28
2129,356,2023-03-20 05:04:31.376586,Incomplete,210,4,107.12
2130,350,2023-03-14 22:45:04.846250,Complete,537,4,1082.48
2131,848,2023-12-01 10:28:37.471691,Complete,913,4,958.64
2132,908,2024-04-17 08:56:42.764055,Incomplete,992,2,716.2
2133,697,2024-07-17 07:26:35.726763,Complete,927,1,327.82
2134,160,2024-09-03 15:34:26.846960,Incomplete,195,4,1028.24
2135,634,2023-05-01 12:16:50.984670,Complete,851,5,1896.05
2136,494,2024-11-17 02:06:03.941627,Complete,293,2,897.46
2137,356,2023-05-21 19:32:56.795363,Incomplete,274,2,316.56
2138,258,2024-09-01 13:08:25.943200,Complete,887,1,35.99
2139,767,2023-08-30 05:59:23.237551,Complete,594,4,1329.24
2140,137,2024-11-08 01:31:39.220816,Incomplete,28,5,1998.8
2141,480,2023-06-15 18:13:37.786827,Incomplete,494,3,1245.63
2142,397,2023-05-30 20:10:31.813465,Incomplete,772,1,255.36
2143,952,2024-11-11 16:51:55.826414,Incomplete,11,5,385.6
2144,754,2023-01-30 20:00:22.461495,Complete,241,2,865.48
2145,86,2023-08-20 12:33:56.970556,Incomplete,786,5,2255.65
2146,188,2024-02-27 10:03:17.379439,Complete,551,3,1309.95
2147,706,2023-10-23 20:36:10.276584,Complete,455,4,502.0
2148,947,2023-11-10 07:13:46.037920,Complete,344,5,643.35
2149,479,2024-08-24 08:16:45.811517,Incomplete,533,3,809.79
2150,579,2024-04-16 09:10:37.645436,Incomplete,422,2,271.14
2151,975,2023-07-13 13:30:15.200898,Complete,751,4,1172.88
2152,558,2023-07-25 15:32:07.374247,Complete,453,2,170.6
2153,446,2023-10-16 03:32:24.582441,Incomplete,570,4,1145.2
2154,765,2024-11-12 10:23:08.721361,Complete,11,2,551.86
2155,775,2024-05-29 19:06:11.721985,Complete,317,1,59.01
2156,824,2024-12-01 08:47:05.407442,Incomplete,14,1,361.04
2157,773,2024-08-21 00:43:41.713501,Complete,717,2,964.38
2158,52,2024-03-30 09:01:12.810127,Incomplete,195,1,256.2
2159,720,2024-09-10 11:12:13.208973,Complete,395,2,681.12
2160,217,2024-11-30 23:44:03.208913,Complete,32,5,2041.9
2161,36,2024-10-20 00:18:36.253438,Incomplete,589,2,257.14
2162,677,2024-03-16 02:24:46.879091,Complete,677,2,29.06
2163,199,2024-11-05 07:41:29.147824,Incomplete,261,1,136.54
2164,440,2023-10-17 12:04:13.542984,Incomplete,416,3,843.99
2165,794,2024-01-07 18:36:56.081988,Incomplete,370,4,1484.96
2166,242,2024-01-24 23:45:15.418722,Incomplete,867,4,1526.72
2167,496,2023-06-03 15:33:36.566886,Incomplete,326,1,489.11
2168,147,2023-07-12 14:49:01.746324,Incomplete,96,1,177.7
2169,594,2023-12-05 15:03:58.184680,Complete,752,1,450.01
2170,404,2024-11-16 22:48:04.413994,Complete,844,2,615.82
2171,633,2023-08-24 21:17:16.063570,Incomplete,67,5,1881.3
2172,941,2023-10-15 13:15:20.081954,Complete,573,4,1183.76
2173,12,2024-12-24 20:44:42.066689,Complete,581,3,224.61
2174,969,2024-06-16 20:41:05.741529,Complete,568,1,267.32
2175,985,2023-05-12 04:47:30.104017,Incomplete,183,5,1532.25
2176,536,2023-03-03 08:51:23.401850,Complete,525,3,375.03
2177,231,2024-11-21 04:32:32.345308,Complete,202,2,857.0
2178,578,2024-12-23 09:16:11.581494,Complete,540,2,912.16
2179,285,2023-11-09 01:39:13.452772,Incomplete,660,1,280.48
2180,157,2024-05-25 09:04:09.564137,Complete,901,3,196.02
2181,158,2024-04-19 05:17:45.808173,Complete,907,5,475.7
2182,313,2023-06-08 06:15:49.109259,Complete,597,2,824.3
2183,898,2024-10-07 22:13:45.362312,Complete,19,4,113.28
2184,276,2023-02-06 12:29:06.114419,Incomplete,841,1,187.97
2185,466,2024-09-13 20:47:03.542267,Incomplete,629,3,335.31
2186,294,2023-04-09 05:04:50.843584,Complete,951,4,1525.08
2187,671,2023-11-18 15:15:03.600839,Incomplete,985,1,241.83
2188,797,2024-01-04 23:33:06.123129,Complete,567,3,1308.75
2189,424,2024-10-11 15:39:14.622220,Complete,696,1,47.0
2190,874,2023-06-04 00:24:28.658872,Complete,794,4,1614.68
2191,387,2024-11-05 06:11:30.731405,Complete,512,1,117.26
2192,839,2024-11-13 11:00:10.854385,Complete,686,3,820.77
2193,822,2024-04-04 17:46:05.935388,Complete,778,5,2423.2
2194,672,2023-12-06 19:53:48.071083,Incomplete,364,4,22.12
2195,75,2024-06-03 00:21:01.617746,Complete,685,1,24.3
2196,579,2023-10-08 22:22:55.771036,Complete,169,3,649.77
2197,494,2024-04-12 12:02:24.812773,Complete,812,2,990.04
2198,372,2023-04-14 07:57:54.481328,Incomplete,310,5,2146.3
2199,9,2024-04-03 14:19:35.059567,Complete,835,2,409.56
2200,298,2024-05-24 13:37:01.641864,Complete,373,5,1866.0
2201,238,2023-04-11 21:08:46.049448,Incomplete,157,3,705.33
2202,954,2024-12-16 08:38:16.779724,Complete,945,4,752.24
2203,895,2023-10-04 01:30:39.528362,Incomplete,960,4,954.68
2204,221,2024-01-12 08:47:17.140317,Complete,356,1,443.54
2205,605,2023-12-18 04:45:42.246113,Incomplete,793,3,450.69
2206,713,2024-08-07 19:06:25.587013,Complete,806,2,387.64
2207,440,2024-05-28 21:01:52.887204,Incomplete,758,3,375.72
2208,86,2023-11-22 13:27:59.194080,Incomplete,50,2,349.64
2209,927,2023-04-02 06:32:38.876433,Incomplete,88,1,113.48
2210,415,2023-08-16 06:59:56.153895,Complete,314,1,182.65
2211,135,2023-12-11 22:46:57.667165,Complete,614,1,172.43
2212,511,2024-03-23 11:19:07.226430,Complete,611,3,1494.24
2213,262,2023-10-05 19:19:36.969738,Incomplete,614,1,383.71
2214,600,2023-03-03 19:31:35.938936,Incomplete,383,2,614.38
2215,16,2024-06-23 15:13:40.603671,Incomplete,398,4,1687.24
2216,607,2024-01-30 18:00:57.512835,Complete,78,3,1065.45
2217,486,2024-06-28 16:21:37.812595,Complete,866,4,1045.68
2218,537,2024-05-27 04:14:45.229224,Incomplete,881,4,254.96
2219,297,2023-10-18 18:15:08.844052,Complete,899,1,18.33
2220,61,2024-08-31 04:11:44.245697,Complete,29,1,237.65
2221,353,2023-07-15 20:47:30.056938,Incomplete,627,4,1187.48
2222,579,2024-09-23 03:59:36.843461,Incomplete,49,5,595.5
2223,964,2025-01-20 01:56:31.077085,Incomplete,907,2,265.58
2224,17,2024-11-23 22:46:12.413090,Complete,21,2,253.98
2225,975,2024-03-17 06:27:08.732027,Incomplete,288,2,448.66
2226,356,2023-12-09 18:20:39.435416,Incomplete,886,3,960.81
2227,380,2024-09-24 11:15:06.448464,Incomplete,153,4,1834.56
2228,397,2023-04-24 14:38:45.599406,Incomplete,540,2,831.34
2229,805,2024-03-03 03:08:44.865888,Incomplete,312,3,1003.05
2230,752,2024-06-28 09:45:05.457560,Incomplete,129,2,235.5
2231,67,2023-12-27 06:23:48.752236,Incomplete,650,1,167.76
2232,168,2024-11-05 08:45:02.956438,Complete,882,1,292.49
2233,978,2024-04-27 08:59:57.516365,Complete,413,1,355.84
2234,482,2024-03-11 01:08:20.480458,Complete,332,1,206.19
2235,171,2023-09-30 07:33:15.673771,Incomplete,70,5,1355.2
2236,372,2023-12-26 02:05:14.938369,Complete,150,1,265.44
2237,722,2023-10-10 15:06:41.900577,Complete,999,5,594.15
2238,221,2023-03-28 17:26:57.458308,Incomplete,685,2,569.14
2239,91,2024-10-21 21:57:16.592119,Complete,309,2,682.22
2240,550,2024-08-07 21:18:45.253204,Incomplete,736,4,1478.48
2241,68,2024-01-15 20:54:23.948063,Complete,788,5,382.4
2242,198,2024-05-17 22:51:35.686581,Incomplete,276,5,745.3
2243,970,2023-08-26 06:57:07.051669,Complete,570,1,256.51
2244,427,2024-01-12 21:07:44.910030,Complete,35,1,266.0
2245,278,2024-03-06 05:02:19.377348,Incomplete,683,2,639.5
2246,82,2023-10-27 08:57:57.534483,Complete,420,5,1562.85
2247,898,2024-05-21 07:17:54.086242,Incomplete,194,4,1528.28
2248,578,2024-08-12 09:17:06.285873,Complete,931,3,346.44
2249,282,2025-01-02 00:57:26.401556,Complete,427,3,79.26
2250,978,2023-12-01 11:37:57.002380,Incomplete,889,5,1317.7
2251,201,2023-06-06 07:14:02.318354,Incomplete,177,4,388.04
2252,664,2024-06-05 06:29:11.637650,Complete,242,1,324.93
2253,362,2023-06-16 08:50:35.040916,Incomplete,55,2,979.38
2254,558,2023-06-21 15:01:37.425049,Complete,893,2,98.42
2255,316,2024-07-02 23:33:26.839181,Incomplete,967,1,7.59
2256,752,2024-04-27 18:43:44.705699,Complete,147,3,1089.6
2257,601,2024-04-21 07:11:09.893521,Incomplete,268,1,231.99
2258,92,2024-09-24 18:08:57.481419,Complete,522,3,672.57
2259,207,2023-11-01 23:20:02.175387,Complete,511,1,397.03
2260,457,2024-08-25 23:53:33.822974,Complete,194,2,296.26
2261,17,2023-08-18 23:11:58.950843,Incomplete,800,4,917.0
2262,604,2024-07-19 11:19:11.217254,Complete,58,2,767.08
2263,678,2024-07-26 18:49:23.484907,Incomplete,357,4,1121.56
2264,209,2024-05-28 04:34:31.688551,Complete,464,5,373.8
2265,702,2024-11-28 23:46:55.348288,Incomplete,346,2,405.48
2266,969,2024-03-24 08:07:00.973290,Incomplete,211,1,448.14
2267,599,2023-04-27 12:14:34.068314,Incomplete,426,4,1489.24
2268,6,2025-01-25 00:07:38.796427,Incomplete,498,5,1831.25
2269,286,2023-12-17 17:27:32.967553,Complete,3,2,72.86
2270,125,2023-07-11 06:28:06.325223,Incomplete,695,5,1866.65
2271,127,2023-05-11 13:08:54.060620,Incomplete,858,5,1566.0
2272,651,2024-07-29 18:53:28.134702,Incomplete,438,5,2400.65
2273,876,2023-12-22 22:56:42.573427,Complete,550,1,75.63
2274,102,2023-07-15 19:00:14.804528,Incomplete,481,2,78.0
2275,144,2023-12-25 05:00:03.250847,Complete,959,3,517.41
2276,869,2024-01-04 23:50:36.202827,Complete,606,1,155.87
2277,674,2024-11-04 14:32:48.298055,Incomplete,39,2,114.48
2278,184,2023-08-26 23:53:06.802076,Complete,404,1,47.96
2279,388,2023-08-03 08:53:39.435853,Incomplete,86,3,747.18
2280,747,2023-04-06 13:46:52.145237,Complete,328,4,1547.68
2281,764,2024-02-12 04:24:38.920591,Complete,605,2,707.96
2282,830,2023-08-24 06:04:12.178137,Complete,435,5,267.5
2283,273,2023-02-28 18:47:00.019739,Complete,517,3,720.54
2284,853,2025-01-03 05:38:26.566919,Complete,412,5,515.65
2285,944,2024-12-29 04:12:17.957235,Complete,309,4,1108.56
2286,65,2024-11-30 14:36:57.865307,Complete,386,4,218.64
2287,784,2024-08-07 18:19:42.355843,Incomplete,326,1,209.76
2288,536,2024-09-15 07:05:57.864872,Complete,473,4,275.64
2289,947,2024-03-20 10:31:53.298612,Complete,948,4,1169.92
2290,167,2024-01-15 11:35:58.890460,Complete,994,2,429.06
2291,610,2023-08-18 21:52:10.306247,Incomplete,582,4,935.88
2292,648,2025-01-19 14:27:47.824596,Incomplete,263,5,2095.7
2293,758,2023-06-25 18:44:48.137193,Incomplete,611,2,348.92
2294,868,2023-09-02 00:05:58.331915,Incomplete,770,3,284.88
2295,672,2024-05-14 10:55:42.901526,Complete,424,1,482.19
2296,705,2024-02-09 02:37:56.852666,Incomplete,40,4,958.48
2297,248,2024-03-21 14:58:41.307273,Incomplete,518,1,115.59
2298,861,2023-04-29 22:07:56.015078,Incomplete,666,2,348.12
2299,213,2024-02-23 14:23:19.117459,Incomplete,55,5,1977.5
2300,426,2024-02-09 18:43:47.085383,Complete,397,5,1353.4
2301,319,2024-08-24 14:31:29.966275,Incomplete,649,4,1078.24
2302,568,2023-05-01 13:01:25.261980,Incomplete,352,4,1161.2
2303,89,2024-04-30 15:58:57.168797,Complete,826,3,1133.16
2304,969,2024-01-18 23:38:54.697107,Incomplete,385,5,672.05
2305,301,2024-10-19 07:10:56.572462,Incomplete,80,3,1125.81
2306,749,2024-05-27 06:23:44.502946,Incomplete,112,2,735.96
2307,419,2025-01-23 01:10:12.673881,Incomplete,67,3,71.91
2308,971,2023-06-03 05:55:45.830216,Incomplete,341,5,1670.95
2309,665,2024-02-27 17:38:30.636611,Incomplete,589,2,613.38
2310,801,2023-02-02 07:58:57.796685,Complete,616,2,184.58
2311,631,2023-11-15 20:45:37.335417,Complete,904,3,877.2
2312,259,2024-07-01 12:19:00.818344,Incomplete,517,3,768.36
2313,596,2023-04-23 08:06:37.392059,Complete,699,4,1708.4
2314,150,2024-07-08 14:49:28.291706,Complete,875,4,1925.2
2315,517,2023-05-26 23:54:02.270230,Incomplete,987,5,1898.3
2316,182,2023-04-05 14:45:35.162617,Complete,525,5,1532.3
2317,644,2024-06-29 03:15:56.939496,Incomplete,743,4,911.68
2318,482,2025-01-06 13:20:25.894393,Incomplete,463,3,434.22
2319,208,2023-05-19 05:49:14.575580,Complete,112,2,818.14
2320,867,2023-06-01 23:08:55.748795,Incomplete,200,1,96.35
2321,983,2023-08-04 17:32:25.738648,Incomplete,427,4,133.4
2322,971,2024-11-17 21:07:00.967839,Incomplete,292,4,482.12
2323,526,2023-12-08 23:12:37.944227,Complete,64,4,881.56
2324,32,2023-05-05 15:32:05.525004,Incomplete,495,5,697.45
2325,49,2024-10-19 15:06:11.096805,Incomplete,868,5,267.75
2326,115,2024-10-02 05:21:28.567208,Incomplete,612,2,44.8
2327,654,2023-07-19 02:15:47.748847,Complete,776,4,771.48
2328,454,2023-07-25 10:33:38.826831,Incomplete,207,4,1179.96
2329,214,2023-01-30 20:56:13.449345,Incomplete,822,3,660.33
2330,424,2024-06-30 16:19:58.012907,Incomplete,404,1,278.68
2331,317,2023-12-10 05:43:58.589999,Complete,677,4,1821.96
2332,75,2024-07-18 01:22:00.727404,Complete,621,1,16.17
2333,994,2024-03-26 08:33:16.161761,Complete,684,2,840.28
2334,767,2023-04-08 21:34:09.677109,Complete,445,5,51.5
2335,459,2024-07-14 19:05:55.284209,Complete,650,2,550.1
2336,881,2023-07-03 01:46:04.586842,Incomplete,676,5,1416.75
2337,86,2024-04-29 19:51:56.168365,Incomplete,255,5,1945.9
2338,846,2023-04-27 20:12:49.811836,Complete,669,2,312.5
2339,705,2024-01-30 08:06:45.734987,Complete,942,5,419.35
2340,697,2023-05-09 23:19:50.263142,Incomplete,111,2,457.44
2341,933,2024-07-15 01:43:39.428130,Incomplete,672,4,908.08
2342,378,2024-05-02 03:14:59.126049,Incomplete,137,1,422.39
2343,945,2023-05-07 01:38:45.592281,Incomplete,848,3,1247.07
2344,444,2024-11-09 14:58:50.482789,Complete,534,5,920.75
2345,595,2023-03-26 05:00:35.052430,Incomplete,764,3,1340.52
2346,364,2023-08-13 17:22:38.956818,Incomplete,337,5,1858.1
2347,289,2024-01-04 08:46:17.055843,Incomplete,627,4,453.2
2348,13,2024-06-24 11:36:46.681332,Complete,115,4,1499.68
2349,163,2024-04-12 22:22:59.506107,Incomplete,149,4,328.68
2350,820,2023-07-11 14:42:06.276752,Complete,752,5,2271.0
2351,728,2024-03-21 20:11:48.730699,Incomplete,544,5,2355.6
2352,477,2024-01-09 21:47:55.000837,Complete,364,5,1707.2
2353,883,2024-11-21 04:54:35.665761,Incomplete,912,4,1193.84
2354,37,2023-08-23 10:36:44.499811,Complete,257,3,854.22
2355,675,2023-03-26 12:22:36.971095,Incomplete,554,1,329.57
2356,603,2023-03-10 01:08:30.891704,Complete,725,4,604.04
2357,693,2024-10-27 20:28:15.300717,Complete,529,4,1060.56
2358,418,2024-04-21 22:00:40.071565,Incomplete,131,5,2286.2
2359,512,2023-04-20 23:50:32.663445,Incomplete,525,1,347.87
2360,929,2024-04-21 17:33:11.149049,Complete,683,4,690.36
2361,162,2023-02-26 02:19:08.306969,Incomplete,97,3,1017.06
2362,829,2024-08-15 20:14:18.249062,Complete,817,3,1438.53
2363,658,2025-01-12 02:04:40.893785,Complete,137,1,6.65
2364,190,2023-10-03 07:47:38.329376,Incomplete,820,3,651.24
2365,870,2023-05-09 14:46:42.624203,Complete,702,2,430.6
2366,471,2024-04-26 18:40:08.194273,Incomplete,968,3,24.69
2367,34,2024-09-16 03:09:58.261480,Incomplete,165,5,1036.1
2368,537,2024-06-16 00:41:06.398659,Complete,636,2,612.9
2369,635,2023-05-28 08:30:46.836265,Incomplete,854,2,713.6
2370,850,2024-05-02 19:55:51.362454,Incomplete,6,4,1984.56
2371,907,2023-04-29 18:50:56.201075,Incomplete,3,2,844.98
2372,737,2023-12-22 07:15:24.659843,Incomplete,976,3,372.81
2373,303,2025-01-26 11:58:22.495217,Complete,58,2,339.98
2374,34,2024-09-29 21:43:48.807112,Incomplete,844,3,251.19
2375,12,2023-02-19 03:25:34.826180,Incomplete,666,2,309.38
2376,504,2024-01-10 22:42:04.489533,Complete,607,2,789.48
2377,124,2024-03-29 04:28:08.473217,Incomplete,789,5,2166.15
2378,928,2024-02-04 19:25:57.565019,Incomplete,912,5,1983.65
2379,903,2023-12-15 15:37:58.477833,Incomplete,969,5,1531.25
2380,721,2024-03-11 10:09:10.965967,Incomplete,931,2,549.4
2381,497,2024-11-24 00:36:20.714717,Complete,218,2,839.88
2382,696,2024-08-13 14:05:29.635932,Complete,933,5,2313.2
2383,945,2024-02-23 14:44:11.776726,Complete,915,5,2494.1
2384,244,2024-03-30 14:26:12.404593,Incomplete,610,1,121.52
2385,983,2023-08-26 10:47:12.136571,Incomplete,762,4,996.64
2386,761,2023-03-29 07:13:14.707718,Complete,15,1,340.45
2387,31,2024-12-14 04:05:52.191944,Complete,946,1,273.98
2388,29,2024-03-13 07:52:03.128495,Incomplete,660,1,428.46
2389,589,2023-08-25 02:01:53.806724,Incomplete,371,5,2399.05
2390,171,2023-12-22 02:56:29.897552,Incomplete,801,4,380.0
2391,867,2024-06-15 12:04:26.713940,Complete,328,4,555.04
2392,516,2023-12-09 12:21:30.811358,Incomplete,416,5,374.15
2393,540,2024-07-27 03:36:36.475246,Complete,762,1,228.65
2394,752,2023-02-02 00:57:56.568675,Complete,143,3,1452.6
2395,381,2024-09-01 01:35:54.663510,Complete,440,3,191.94
2396,877,2023-11-19 06:47:55.604517,Complete,51,5,1893.3
2397,947,2024-12-26 21:52:46.567300,Complete,344,2,428.52
2398,393,2023-05-28 08:39:41.109062,Incomplete,31,5,1642.8
2399,646,2024-02-08 07:39:05.107610,Complete,332,2,871.68
2400,390,2023-06-11 10:49:57.933837,Incomplete,436,2,293.08
2401,825,2024-08-27 10:52:32.663407,Incomplete,351,1,111.49
2402,588,2024-04-01 14:53:33.044374,Incomplete,879,1,213.29
2403,402,2023-12-12 18:59:49.369033,Complete,270,4,637.92
2404,974,2023-05-12 07:35:08.431444,Incomplete,368,3,861.33
2405,182,2023-10-24 02:35:31.882716,Complete,58,2,308.02
2406,803,2025-01-21 00:05:53.686267,Complete,224,4,1249.8
2407,727,2023-04-29 07:20:44.521222,Incomplete,962,2,705.52
2408,832,2023-02-18 03:06:13.860733,Incomplete,810,3,766.62
2409,876,2024-03-15 13:43:58.983119,Incomplete,948,1,365.83
2410,436,2023-03-15 03:20:12.055038,Complete,766,4,725.92
2411,279,2023-11-13 07:12:10.758795,Complete,291,5,440.8
2412,570,2024-02-24 06:41:26.208895,Complete,758,5,2230.15
2413,107,2024-07-01 23:47:46.692924,Complete,818,4,1614.24
2414,500,2023-03-11 21:51:36.490276,Complete,918,3,471.54
2415,649,2023-10-10 04:01:45.708043,Complete,737,2,537.66
2416,118,2023-07-08 14:02:12.382135,Complete,510,4,396.12
2417,900,2024-01-04 18:44:06.452877,Incomplete,174,5,660.6
2418,676,2024-09-24 10:48:28.832074,Incomplete,222,5,1350.6
2419,615,2023-11-13 18:39:54.717182,Complete,630,4,743.72
2420,26,2023-04-30 23:16:01.271786,Complete,542,4,521.16
2421,891,2023-08-31 13:56:41.493008,Incomplete,178,2,904.6
2422,627,2023-04-27 16:03:47.903272,Incomplete,346,5,1016.85
2423,859,2024-10-20 21:56:46.891577,Complete,388,5,1529.05
2424,981,2024-04-29 19:25:57.025994,Complete,511,2,486.72
2425,619,2023-04-08 18:35:21.750450,Incomplete,139,2,216.0
2426,908,2023-06-14 17:30:50.942604,Complete,368,3,832.26
2427,886,2024-10-13 01:21:49.486009,Incomplete,913,4,651.52
2428,548,2023-02-20 14:44:18.191608,Complete,911,2,995.3
2429,891,2023-04-26 16:28:51.509264,Complete,49,2,169.1
2430,492,2023-09-14 23:34:23.575219,Incomplete,960,3,627.21
2431,561,2024-01-16 13:08:07.456154,Complete,274,2,659.38
2432,592,2024-09-12 19:28:36.181755,Incomplete,270,4,666.24
2433,985,2023-09-20 10:44:38.138604,Incomplete,699,5,2178.6
2434,907,2023-06-14 10:42:14.551569,Complete,818,2,823.04
2435,671,2024-05-06 20:02:13.757619,Incomplete,444,3,464.88
2436,464,2024-06-15 21:28:42.308568,Complete,641,3,887.52
2437,771,2024-03-29 17:47:46.725747,Complete,373,2,959.66
2438,606,2024-04-16 10:15:37.224477,Incomplete,69,3,586.83
2439,332,2024-02-22 21:16:55.770192,Incomplete,155,5,288.9
2440,335,2023-06-17 06:02:21.005937,Complete,859,3,698.01
2441,555,2024-10-01 19:58:20.925690,Complete,538,1,177.25
2442,804,2024-10-04 01:53:42.741483,Incomplete,901,3,332.34
2443,440,2024-08-09 21:27:46.599661,Incomplete,328,5,698.05
2444,78,2023-12-04 18:20:23.992141,Complete,127,4,1127.2
2445,851,2023-06-20 11:06:17.914304,Incomplete,885,2,246.82
2446,541,2023-10-12 22:18:19.737186,Incomplete,395,4,1938.4
2447,997,2023-12-08 21:49:29.283377,Incomplete,128,4,582.88
2448,83,2024-03-09 20:47:16.209983,Incomplete,542,2,40.34
2449,809,2023-11-24 13:23:39.235880,Complete,960,2,595.94
2450,423,2024-04-22 19:06:58.820494,Complete,106,4,1294.36
2451,553,2024-10-18 20:37:46.268040,Incomplete,802,1,67.04
2452,778,2023-08-15 12:55:54.432672,Incomplete,813,1,40.7
2453,113,2024-08-18 05:08:48.363821,Incomplete,305,4,660.48
2454,92,2025-01-01 11:56:08.326670,Incomplete,56,4,829.92
2455,212,2024-05-27 10:07:16.979836,Incomplete,834,2,502.78
2456,707,2023-10-06 11:00:03.367588,Complete,375,1,50.58
2457,12,2024-11-28 20:17:21.892473,Incomplete,390,3,676.5
2458,46,2023-10-01 06:35:24.178633,Complete,677,5,52.7
2459,634,2023-04-22 07:03:00.728605,Complete,466,3,857.88
2460,158,2023-03-06 08:46:29.832456,Incomplete,217,5,1612.05
2461,414,2024-07-14 17:28:09.450946,Incomplete,739,3,918.3
2462,251,2023-09-11 04:11:35.585310,Complete,422,3,1010.49
2463,907,2023-10-03 08:47:23.372872,Incomplete,436,5,1682.75
2464,13,2024-02-20 15:39:13.396599,Incomplete,508,1,454.9
2465,45,2023-08-01 08:54:00.879231,Complete,608,2,999.58
2466,774,2023-02-15 09:13:46.859133,Complete,355,4,853.0
2467,344,2023-05-10 08:50:50.130859,Complete,512,4,769.56
2468,311,2023-09-14 12:21:59.319075,Incomplete,69,2,108.1
2469,419,2024-12-24 15:16:25.272776,Complete,693,2,388.94
2470,773,2023-05-15 12:06:34.000244,Incomplete,916,1,166.2
2471,896,2024-12-07 00:59:45.601074,Incomplete,961,3,852.72
2472,118,2024-11-10 17:48:04.407237,Incomplete,367,3,274.56
2473,960,2023-01-30 04:46:14.401439,Incomplete,890,3,1122.78
2474,50,2024-02-17 05:04:57.222154,Complete,320,1,319.88
2475,698,2023-02-06 11:47:57.514105,Incomplete,989,3,85.77
2476,319,2023-06-18 14:32:48.027450,Incomplete,917,2,948.66
2477,447,2023-08-06 21:34:50.650587,Complete,633,5,1394.15
2478,242,2023-08-29 15:37:53.637437,Incomplete,827,2,510.26
2479,363,2023-09-15 12:42:05.854193,Incomplete,438,4,1587.32
2480,185,2023-10-27 21:37:50.664760,Incomplete,770,4,583.0
2481,616,2025-01-20 07:10:19.838955,Complete,952,2,104.06
2482,406,2023-03-22 18:56:41.323877,Complete,132,1,474.17
2483,329,2023-02-21 04:17:15.114807,Incomplete,43,2,293.18
2484,62,2023-04-07 16:52:30.498837,Complete,603,1,459.72
2485,926,2023-08-02 23:14:31.002471,Incomplete,122,2,431.56
2486,932,2024-02-07 01:28:55.747423,Incomplete,195,4,1946.0
2487,424,2024-02-11 02:40:17.859682,Incomplete,439,4,350.12
2488,459,2023-09-22 03:40:02.630503,Incomplete,925,4,1846.04
2489,858,2024-07-28 00:35:38.102578,Complete,332,5,27.6
2490,934,2024-03-22 00:58:41.418802,Complete,900,4,1525.4
2491,561,2023-02-11 03:25:41.012473,Incomplete,555,5,975.35
2492,577,2023-09-02 08:54:11.579812,Incomplete,494,3,389.73
2493,232,2024-05-04 05:38:31.838867,Complete,768,4,1168.84
2494,723,2023-04-18 03:22:23.069242,Incomplete,358,3,968.13
2495,663,2024-02-23 08:22:41.143606,Incomplete,46,3,945.36
2496,467,2024-06-15 02:05:17.611357,Complete,954,1,143.63
2497,988,2024-01-22 00:47:40.722275,Incomplete,768,4,1983.04
2498,196,2024-09-27 01:15:14.701969,Complete,16,2,803.04
2499,466,2023-06-23 15:47:36.017138,Incomplete,23,4,1222.72
2500,363,2023-01-31 21:02:04.556131,Complete,709,4,225.16
2501,620,2024-08-11 13:09:43.091353,Incomplete,419,3,1423.71
2502,173,2024-12-29 18:25:38.692672,Incomplete,709,3,413.64
2503,615,2024-10-31 22:10:47.058102,Complete,551,4,1060.16
2504,787,2023-04-23 02:38:05.540801,Incomplete,518,3,353.31
2505,515,2023-02-14 19:34:38.571311,Incomplete,77,5,2374.8
2506,622,2024-08-31 16:15:59.068955,Incomplete,974,4,1801.84
2507,942,2023-12-07 16:35:35.420818,Complete,58,5,1634.9
2508,698,2023-02-06 00:13:32.588830,Incomplete,119,2,16.92
2509,395,2024-11-17 14:06:05.386927,Complete,391,5,1983.35
2510,948,2023-04-15 20:17:17.454703,Incomplete,349,3,501.96
2511,324,2024-01-03 03:27:12.914086,Complete,932,5,1199.15
2512,569,2023-05-22 20:26:08.535942,Complete,166,4,1121.64
2513,590,2023-11-28 18:03:43.076053,Complete,829,1,181.91
2514,179,2024-01-04 10:18:54.339323,Incomplete,714,3,889.32
2515,238,2024-07-31 17:41:25.745839,Complete,193,5,2255.2
2516,578,2024-07-22 04:58:15.194059,Incomplete,701,4,71.56
2517,311,2023-06-16 00:13:18.229799,Complete,11,3,1027.71
2518,532,2023-05-26 22:26:56.393430,Incomplete,632,4,634.6
2519,752,2023-11-06 16:06:14.704057,Complete,939,2,671.74
2520,561,2023-10-29 15:36:04.973018,Incomplete,776,1,317.36
2521,33,2024-04-10 22:25:32.275392,Complete,424,5,2356.75
2522,926,2023-07-26 22:24:41.851070,Incomplete,703,4,334.96
2523,329,2024-11-17 00:51:15.928006,Incomplete,948,2,841.68
2524,971,2023-12-14 09:56:26.627130,Complete,905,1,86.14
2525,22,2023-03-15 23:46:01.183572,Complete,526,5,2321.4
2526,749,2024-12-30 11:04:08.330362,Incomplete,845,4,72.0
2527,420,2024-09-20 13:42:34.763683,Complete,773,1,233.56
2528,66,2023-11-05 10:02:00.746693,Complete,50,1,207.09
2529,665,2025-01-12 10:28:25.943728,Complete,122,5,2077.1
2530,385,2024-03-14 21:04:05.929768,Incomplete,956,4,1593.12
2531,759,2024-12-01 15:42:39.543157,Incomplete,176,2,35.66
2532,904,2024-07-24 03:22:36.891411,Complete,482,1,12.1
2533,991,2024-02-22 21:50:57.756637,Complete,346,3,318.9
2534,149,2023-03-14 12:05:45.958826,Complete,943,2,161.02
2535,78,2023-03-27 10:18:29.740046,Incomplete,942,4,1949.44
2536,46,2024-07-06 17:15:37.797340,Complete,353,5,254.7
2537,552,2023-03-24 11:01:01.349056,Complete,368,5,434.25
2538,570,2024-08-05 14:52:52.249748,Complete,593,3,951.27
2539,988,2024-11-09 11:11:03.330730,Complete,963,3,87.9
2540,838,2023-04-11 12:29:42.072155,Incomplete,63,2,100.96
2541,60,2024-10-23 05:06:28.159870,Incomplete,891,4,668.84
2542,949,2024-08-06 13:36:33.491400,Incomplete,156,5,1254.25
2543,818,2023-03-15 00:14:59.484632,Complete,199,1,276.87
2544,1,2023-05-18 05:44:53.542526,Incomplete,51,4,112.28
2545,140,2024-10-23 16:52:26.364394,Incomplete,305,4,1738.0
2546,79,2024-10-06 17:02:19.036143,Incomplete,572,3,644.58
2547,753,2024-04-06 11:09:47.734994,Complete,586,3,252.72
2548,795,2024-03-02 12:35:15.397566,Complete,793,4,1927.08
2549,323,2024-04-19 14:06:30.043915,Incomplete,867,2,81.34
2550,922,2024-04-22 22:51:35.599576,Incomplete,576,3,700.65
2551,948,2024-08-01 00:52:43.533426,Incomplete,710,3,237.75
2552,94,2023-11-11 08:29:49.058275,Incomplete,67,5,1071.1
2553,734,2023-11-02 11:08:40.254469,Complete,791,3,1438.89
2554,972,2024-01-15 21:04:49.321349,Complete,635,5,814.05
2555,205,2023-03-15 00:34:58.273231,Complete,987,1,218.03
2556,828,2024-01-12 06:56:12.288469,Complete,314,1,464.96
2557,591,2024-06-24 09:29:11.961702,Complete,297,2,645.86
2558,407,2024-06-09 10:42:29.623643,Incomplete,330,5,2433.6
2559,501,2024-10-12 22:02:03.458251,Incomplete,446,4,1116.8
2560,572,2024-10-06 03:12:46.415024,Incomplete,675,2,341.44
2561,505,2024-08-28 06:59:10.042222,Incomplete,430,5,1864.0
2562,900,2024-04-23 20:02:52.769095,Complete,66,4,1384.76
2563,847,2023-04-30 17:49:47.318814,Incomplete,860,5,1356.9
2564,247,2024-07-17 18:41:32.413139,Incomplete,352,3,716.61
2565,919,2023-04-14 16:19:37.923962,Incomplete,314,2,837.24
2566,998,2023-06-06 09:25:41.062440,Incomplete,775,4,1993.96
2567,635,2023-11-26 14:36:29.685768,Complete,813,3,378.09
2568,50,2024-09-25 19:43:58.621204,Incomplete,118,4,1283.6
2569,163,2024-09-14 23:20:53.907390,Incomplete,140,3,204.42
2570,91,2024-08-15 05:26:52.413056,Complete,405,1,334.15
2571,92,2024-11-26 20:47:25.783228,Complete,386,1,279.82
2572,875,2023-05-30 14:00:35.046411,Complete,723,5,1650.0
2573,841,2023-03-08 12:28:26.961393,Incomplete,434,4,541.0
2574,634,2023-06-15 11:06:57.620031,Complete,628,3,639.06
2575,350,2023-10-13 08:35:47.628478,Incomplete,811,4,293.64
2576,118,2023-11-02 12:36:44.782115,Incomplete,398,5,1931.9
2577,645,2023-05-30 09:45:22.509419,Complete,685,5,1388.65
2578,296,2023-12-30 10:23:54.225076,Incomplete,51,2,78.74
2579,167,2023-09-11 00:11:58.879240,Incomplete,958,4,1935.04
2580,661,2024-11-04 05:07:18.001740,Incomplete,683,4,49.44
2581,904,2023-10-23 15:44:10.777812,Complete,578,1,479.1
2582,638,2023-07-13 02:51:41.458288,Incomplete,297,1,15.95
2583,949,2024-12-17 10:04:47.469906,Complete,164,3,990.51
2584,709,2023-02-06 04:06:58.592808,Complete,350,2,776.22
2585,290,2023-05-01 01:42:46.956879,Complete,941,1,182.15
2586,418,2023-10-21 18:33:39.171529,Complete,528,2,503.48
2587,284,2024-08-17 10:46:24.418153,Complete,743,2,970.06
2588,602,2024-05-21 20:09:35.199027,Incomplete,970,4,1216.6
2589,762,2024-07-02 20:15:04.667577,Complete,591,1,104.19
2590,537,2023-12-27 09:40:12.442423,Complete,524,5,2427.65
2591,336,2023-03-29 05:33:31.981747,Incomplete,386,3,560.31
2592,702,2024-11-07 09:19:04.164404,Incomplete,431,5,1641.45
2593,939,2023-06-09 17:02:33.787693,Complete,659,3,530.13
2594,451,2024-02-05 05:43:21.073564,Incomplete,576,1,368.15
2595,882,2023-10-02 15:49:34.388613,Incomplete,407,4,98.0
2596,789,2023-04-21 14:29:26.712901,Incomplete,765,1,473.61
2597,678,2023-09-30 09:45:08.953759,Complete,821,5,1581.2
2598,346,2025-01-18 00:48:27.266549,Complete,389,1,76.08
2599,557,2024-03-19 15:15:40.115329,Complete,459,1,347.95
2600,30,2025-01-07 16:39:31.242301,Incomplete,569,5,392.35
2601,903,2023-11-27 22:54:44.867125,Complete,400,5,1375.0
2602,213,2024-04-09 19:41:19.729926,Complete,398,4,593.92
2603,297,2024-07-20 10:02:14.089010,Complete,210,3,497.34
2604,941,2023-07-27 16:03:17.153254,Complete,990,2,827.0
2605,615,2023-03-04 06:36:00.814703,Incomplete,913,1,104.83
2606,828,2023-06-06 01:49:15.168134,Complete,465,1,457.77
2607,936,2023-02-19 04:30:41.784748,Complete,667,5,231.6
2608,774,2023-05-02 04:54:34.525650,Incomplete,653,5,2007.7
2609,445,2023-04-22 17:27:31.018252,Incomplete,441,1,298.18
2610,248,2023-06-26 20:36:10.336205,Incomplete,148,2,860.8
2611,480,2023-07-13 17:45:57.121379,Incomplete,325,1,213.06
2612,136,2024-09-06 20:18:59.133792,Complete,810,5,972.05
2613,31,2023-02-08 15:48:23.934567,Incomplete,299,5,2000.65
2614,870,2024-08-27 07:51:52.174105,Complete,11,3,1120.98
2615,661,2024-01-19 06:10:25.512308,Incomplete,427,4,788.32
2616,309,2024-08-20 23:05:02.098972,Complete,172,4,892.92
2617,76,2024-07-06 14:34:58.596200,Incomplete,20,4,575.36
2618,890,2024-05-09 06:17:22.868301,Complete,163,1,308.21
2619,135,2025-01-15 13:59:31.907171,Complete,285,3,791.58
2620,589,2024-12-24 19:55:04.402753,Incomplete,346,3,1420.35
2621,359,2024-10-13 19:53:06.023301,Incomplete,905,4,1244.6
2622,893,2024-03-02 04:28:33.103811,Complete,292,3,1071.24
2623,904,2023-01-31 00:31:53.156396,Complete,813,4,191.32
2624,476,2023-04-18 16:29:02.452798,Complete,101,5,321.05
2625,807,2024-07-17 15:34:44.361934,Complete,712,4,1323.8
2626,595,2023-11-10 19:03:37.891103,Incomplete,103,4,753.44
2627,739,2023-08-26 07:43:48.720899,Complete,566,2,459.32
2628,466,2024-03-12 11:23:02.605692,Incomplete,919,5,2080.1
2629,228,2024-07-24 00:41:32.632788,Incomplete,749,2,796.56
2630,419,2024-11-19 21:11:41.152934,Complete,589,2,963.42
2631,782,2024-01-24 23:04:25.761094,Incomplete,924,2,133.94
2632,342,2023-08-10 14:38:14.761935,Complete,264,2,767.22
2633,152,2023-04-23 13:11:51.150312,Complete,269,1,25.47
2634,403,2023-08-13 08:52:03.653382,Complete,147,3,96.45
2635,596,2024-08-27 22:17:20.635224,Complete,418,5,1121.55
2636,868,2023-06-30 14:46:36.593540,Complete,782,4,1019.84
2637,270,2024-04-11 20:10:12.876307,Incomplete,876,1,217.97
2638,865,2024-05-15 18:22:59.310052,Complete,10,5,2236.1
2639,752,2024-09-11 02:53:24.566738,Complete,112,3,490.32
2640,722,2023-05-18 06:29:47.204783,Incomplete,205,1,197.69
2641,879,2024-10-06 04:37:00.741168,Incomplete,205,4,914.36
2642,303,2024-04-04 12:05:22.442776,Complete,539,5,414.6
2643,21,2023-08-26 21:33:02.141063,Incomplete,17,2,570.78
2644,218,2023-09-17 02:38:57.752068,Complete,998,2,61.88
2645,640,2023-02-25 13:48:56.267761,Incomplete,670,3,184.68
2646,840,2023-04-26 22:01:00.648440,Incomplete,49,1,149.11
2647,66,2023-08-14 18:38:28.097261,Complete,152,4,1780.16
2648,277,2023-09-03 04:26:29.504952,Complete,756,2,565.54
2649,246,2023-07-19 11:25:27.360976,Complete,246,2,569.08
2650,761,2024-02-12 00:53:16.065222,Incomplete,164,5,1776.95
2651,921,2024-04-22 01:01:57.704614,Incomplete,825,3,408.69
2652,726,2024-02-25 22:29:27.603000,Incomplete,936,3,52.11
2653,127,2024-03-22 05:14:12.403077,Incomplete,798,3,90.39
2654,194,2025-01-03 08:06:12.143653,Incomplete,421,1,197.89
2655,373,2024-04-22 23:13:05.477196,Complete,25,3,105.24
2656,692,2023-01-30 19:08:34.808120,Complete,300,4,1361.96
2657,469,2024-01-30 05:36:54.593052,Complete,851,5,171.55
2658,583,2023-06-24 11:57:36.681716,Complete,743,3,1425.3
2659,600,2024-03-31 10:19:12.412994,Complete,374,4,1587.56
2660,985,2023-10-03 04:39:00.578839,Incomplete,127,5,1635.5
2661,957,2024-06-04 07:15:32.870692,Complete,825,3,503.49
2662,465,2023-10-24 03:09:54.356880,Complete,631,4,1931.0
2663,384,2023-09-04 09:16:24.331487,Incomplete,35,4,1929.88
2664,566,2023-04-16 18:52:05.202039,Complete,298,5,832.9
2665,319,2023-04-03 22:09:55.388405,Incomplete,882,3,1438.95
2666,927,2024-03-01 11:20:27.431741,Complete,57,5,2453.65
2667,161,2024-04-10 12:22:49.369450,Incomplete,206,2,838.24
2668,892,2024-10-17 04:16:41.652638,Incomplete,747,3,594.81
2669,949,2023-03-04 02:36:55.891401,Complete,679,4,1433.0
2670,478,2023-09-29 16:43:31.111863,Complete,800,4,359.92
2671,651,2024-09-16 19:21:43.117676,Complete,452,5,1523.4
2672,75,2023-09-09 18:04:38.593433,Complete,437,3,467.52
2673,200,2024-04-18 13:00:07.071272,Incomplete,92,2,571.6
2674,488,2023-10-22 23:15:53.590161,Complete,392,3,696.87
2675,851,2023-02-17 20:45:29.769966,Complete,67,5,1807.3
2676,524,2023-06-17 19:40:44.485991,Complete,283,3,1286.01
2677,451,2023-12-03 03:20:52.345598,Incomplete,22,1,471.1
2678,288,2023-07-14 08:17:33.477119,Complete,714,4,459.88
2679,63,2024-08-23 11:51:03.700617,Complete,348,2,571.7
2680,210,2024-09-19 04:24:31.054358,Incomplete,640,4,1792.64
2681,83,2023-09-02 18:22:13.353320,Incomplete,279,4,1080.32
2682,993,2023-02-07 12:37:25.140548,Complete,727,2,871.5
2683,321,2024-09-23 11:03:15.799375,Complete,826,4,239.32
2684,60,2024-04-02 23:30:38.165363,Complete,664,5,1886.1
2685,997,2023-04-10 22:28:37.005465,Complete,673,2,709.96
2686,150,2023-11-11 06:34:07.631362,Complete,666,4,1965.84
2687,442,2024-12-02 09:05:00.956734,Incomplete,350,4,1935.08
2688,572,2023-10-09 11:51:32.531871,Complete,986,3,803.73
2689,884,2023-11-17 20:12:37.605751,Incomplete,382,4,1079.36
2690,92,2024-12-08 13:11:02.103445,Complete,971,5,734.7
2691,897,2023-11-11 07:27:20.330579,Incomplete,427,1,13.15
2692,812,2023-09-17 15:41:40.459063,Complete,709,3,1115.85
2693,406,2024-10-10 03:51:53.181623,Incomplete,300,2,209.16
2694,816,2024-04-20 11:20:15.548185,Complete,812,3,1399.32
2695,438,2023-03-17 12:21:10.834369,Incomplete,915,4,1165.56
2696,444,2023-11-10 23:20:37.682421,Complete,532,5,2044.3
2697,479,2023-02-28 19:48:48.761722,Complete,444,2,640.8
2698,99,2023-05-29 17:45:21.487121,Incomplete,860,3,531.48
2699,930,2024-07-09 19:43:21.553946,Incomplete,6,5,1347.8
2700,451,2023-09-20 14:29:52.281404,Incomplete,34,1,86.12
2701,532,2024-05-02 20:17:55.430317,Incomplete,872,5,1873.4
2702,164,2024-07-28 05:27:49.976034,Complete,571,3,1208.7
2703,637,2024-02-24 19:36:32.792983,Incomplete,401,2,155.32
2704,35,2023-10-07 10:31:16.728164,Incomplete,853,2,668.38
2705,472,2024-11-19 15:29:14.397606,Complete,513,4,1189.36
2706,872,2024-07-19 05:00:14.613063,Incomplete,128,3,75.54
2707,559,2024-05-21 06:27:42.286415,Incomplete,232,5,1264.4
2708,347,2024-12-27 04:56:39.043385,Incomplete,263,3,1267.89
2709,484,2023-11-12 09:37:55.922635,Incomplete,404,3,722.55
2710,634,2024-07-07 08:00:51.012166,Complete,885,3,705.39
2711,969,2023-08-10 15:48:25.199547,Incomplete,268,1,219.78
2712,40,2023-10-14 22:30:35.217109,Complete,790,5,189.2
2713,714,2023-12-29 05:27:47.642749,Incomplete,11,5,124.75
2714,738,2024-04-13 06:58:23.290284,Incomplete,921,4,1214.8
2715,300,2023-10-23 04:56:43.785029,Complete,413,2,805.08
2716,73,2023-07-03 03:49:37.824632,Complete,125,5,724.85
2717,416,2023-06-09 09:09:47.170469,Incomplete,915,4,1023.64
2718,301,2024-02-03 09:51:11.085336,Incomplete,812,5,863.25
2719,225,2023-12-12 12:12:05.718749,Incomplete,478,5,2332.55
2720,192,2023-11-11 14:38:11.216408,Complete,8,2,421.56
2721,740,2023-07-07 23:57:27.080382,Incomplete,218,1,143.61
2722,79,2023-10-24 11:32:21.374560,Incomplete,385,3,988.41
2723,777,2023-09-23 13:00:11.276538,Complete,297,3,903.27
2724,265,2024-11-17 21:51:17.368042,Incomplete,579,5,1097.4
2725,131,2024-06-09 10:11:19.732087,Complete,968,1,217.59
2726,342,2023-03-07 06:52:20.890559,Incomplete,973,2,847.42
2727,593,2024-01-20 07:41:36.055947,Complete,85,2,273.72
2728,479,2024-02-04 20:11:59.432203,Incomplete,958,5,2332.55
2729,158,2023-08-24 02:33:56.432885,Incomplete,131,1,391.93
2730,944,2023-04-08 22:57:42.316330,Incomplete,175,4,1710.08
2731,815,2023-08-25 00:11:37.672452,Complete,301,4,1959.88
2732,644,2024-01-01 08:52:18.852651,Complete,490,2,222.76
2733,759,2024-03-25 23:23:30.154913,Incomplete,39,2,284.92
2734,841,2024-04-30 03:51:19.174056,Incomplete,103,2,90.32
2735,301,2023-07-02 00:46:24.479412,Incomplete,929,1,66.74
2736,345,2024-12-08 08:03:04.311445,Incomplete,926,1,102.86
2737,221,2025-01-26 03:25:42.617700,Incomplete,71,4,1236.36
2738,446,2023-11-06 16:59:28.261071,Incomplete,487,4,1966.08
2739,557,2023-12-23 18:33:00.735153,Incomplete,432,5,1185.05
2740,708,2024-10-24 13:57:49.751843,Incomplete,540,3,1330.02
2741,57,2024-02-15 12:01:06.586351,Complete,721,4,1070.12
2742,578,2023-09-02 06:59:41.448939,Complete,140,1,39.52
2743,809,2024-10-19 21:04:32.290560,Complete,377,4,1058.08
2744,9,2024-03-14 05:17:44.139320,Complete,267,5,157.25
2745,37,2024-01-26 16:19:50.925698,Incomplete,730,2,435.2
2746,271,2024-11-11 20:42:15.745953,Incomplete,303,5,2374.5
2747,538,2023-11-02 07:48:38.279778,Incomplete,729,3,1171.02
2748,671,2023-10-29 13:29:55.785202,Complete,371,4,1298.84
2749,431,2023-08-24 04:59:42.050414,Incomplete,15,5,1439.5
2750,536,2023-07-02 05:35:44.933945,Complete,840,4,107.28
2751,730,2024-11-26 20:36:12.614685,Complete,117,5,1675.95
2752,880,2023-09-28 17:26:06.763001,Incomplete,329,5,710.0
2753,30,2023-05-29 15:00:45.876003,Complete,553,1,420.01
2754,791,2024-10-25 19:45:14.783795,Complete,467,2,833.86
2755,749,2023-12-13 08:06:23.461236,Incomplete,213,1,490.93
2756,374,2024-07-23 15:14:51.374276,Incomplete,910,3,703.77
2757,43,2024-03-17 16:48:21.263052,Complete,813,3,520.83
2758,562,2023-06-18 09:55:22.328156,Complete,489,5,1954.1
2759,737,2023-03-18 08:07:17.753214,Incomplete,21,3,74.91
2760,681,2024-02-12 22:10:16.643346,Incomplete,640,3,1442.85
2761,618,2023-07-22 07:23:25.198518,Incomplete,156,2,874.16
2762,525,2024-02-08 09:14:39.979209,Complete,632,5,808.35
2763,398,2024-06-30 23:29:28.945724,Incomplete,256,5,1216.85
2764,201,2024-02-04 16:21:59.035424,Complete,573,3,790.14
2765,527,2024-06-24 07:02:15.448330,Complete,95,3,1343.46
2766,129,2025-01-19 01:20:50.369013,Complete,369,5,2463.5
2767,290,2023-03-07 11:46:05.304649,Complete,240,5,628.45
2768,51,2025-01-01 23:55:44.013860,Complete,553,1,105.85
2769,504,2024-10-15 17:25:33.108640,Complete,61,2,34.86
2770,991,2024-03-22 11:51:42.090577,Complete,828,3,177.21
2771,508,2024-12-10 14:51:43.799285,Incomplete,689,4,1576.28
2772,990,2025-01-02 13:06:33.133471,Incomplete,457,5,269.25
2773,129,2024-09-03 07:31:40.102434,Incomplete,498,4,234.32
2774,882,2024-03-09 03:11:52.488792,Incomplete,628,4,859.16
2775,43,2024-11-23 08:40:05.423633,Complete,451,3,590.79
2776,6,2024-05-03 01:32:06.940962,Complete,138,2,365.76
2777,164,2024-01-06 22:11:57.719139,Incomplete,343,1,446.81
2778,760,2023-06-14 05:15:30.275523,Complete,454,2,215.1
2779,372,2023-01-29 17:06:16.154365,Complete,909,2,93.44
2780,650,2024-06-28 19:15:41.323815,Complete,432,1,181.46
2781,100,2024-11-04 16:53:42.500852,Incomplete,222,3,1319.37
2782,610,2024-04-16 05:24:05.039819,Incomplete,337,1,366.8
2783,419,2024-02-28 15:16:40.460160,Incomplete,518,5,568.1
2784,712,2024-04-05 06:49:15.035737,Complete,109,3,1142.25
2785,310,2024-05-15 05:44:49.811537,Incomplete,557,3,1285.89
2786,864,2024-08-31 14:04:55.605972,Complete,566,3,335.01
2787,885,2023-02-02 22:02:01.261042,Complete,264,1,222.62
2788,598,2023-04-29 21:43:21.604938,Complete,818,3,122.19
2789,328,2023-04-29 02:23:39.662504,Complete,968,4,1792.36
2790,734,2024-05-13 01:48:21.246918,Complete,124,2,782.52
2791,601,2024-02-25 05:08:58.784973,Incomplete,956,5,60.25
2792,341,2023-11-28 03:31:57.039473,Complete,773,2,932.82
2793,679,2023-06-15 15:37:35.689667,Incomplete,886,3,908.28
2794,532,2024-10-06 22:07:34.895450,Incomplete,498,1,23.41
2795,840,2024-11-09 12:00:03.048787,Complete,403,1,356.9
2796,135,2024-01-06 01:25:59.681377,Incomplete,812,2,883.42
2797,938,2024-11-23 16:01:42.653856,Incomplete,136,3,1120.98
2798,488,2023-07-14 12:39:36.572570,Complete,886,4,1701.64
2799,939,2024-03-29 22:13:00.553902,Complete,989,5,1469.8
2800,413,2024-01-05 09:30:36.020684,Complete,657,5,1450.65
2801,233,2023-03-27 08:29:30.028716,Incomplete,794,3,1001.73
2802,973,2024-11-17 00:12:09.983522,Incomplete,193,4,1247.6
2803,502,2024-03-31 21:24:50.658783,Complete,915,1,475.72
2804,878,2024-08-17 18:00:58.040575,Incomplete,616,4,1224.04
2805,267,2023-04-21 19:30:09.682748,Complete,706,5,101.4
2806,904,2024-12-05 12:48:05.536993,Incomplete,871,5,2079.65
2807,824,2024-04-14 13:42:29.650063,Complete,528,2,926.98
2808,946,2023-08-02 19:16:49.985024,Incomplete,160,2,16.86
2809,223,2023-06-24 07:56:54.603527,Complete,925,2,322.6
2810,719,2023-02-24 04:38:45.313309,Complete,862,2,805.9
2811,713,2023-05-21 03:55:34.132752,Complete,485,1,468.31
2812,411,2024-02-05 18:01:30.672039,Complete,175,5,1913.05
2813,822,2024-02-09 01:46:46.732851,Incomplete,402,5,1553.05
2814,530,2024-06-26 15:10:23.215707,Incomplete,978,5,1676.65
2815,823,2023-04-10 10:58:42.667013,Complete,152,4,1786.12
2816,731,2024-12-13 22:47:33.530850,Incomplete,337,4,571.56
2817,21,2024-04-07 01:26:08.200652,Incomplete,202,1,321.43
2818,272,2024-12-24 01:47:22.200688,Incomplete,95,4,516.72
2819,350,2024-12-02 19:00:42.960209,Incomplete,700,5,1630.7
2820,297,2023-08-03 20:16:21.048933,Incomplete,499,1,42.6
2821,140,2024-07-05 13:10:17.204421,Complete,102,3,535.17
2822,115,2024-01-23 23:20:35.482697,Complete,143,5,650.3
2823,318,2023-06-29 03:37:01.774175,Complete,716,1,229.02
2824,914,2023-02-09 12:00:51.245008,Complete,111,1,459.52
2825,356,2024-03-31 21:57:20.404145,Incomplete,363,3,586.47
2826,526,2024-09-17 11:29:28.380351,Complete,404,3,947.01
2827,656,2024-01-29 10:34:46.531493,Complete,654,3,908.52
2828,577,2023-11-13 14:28:01.330128,Incomplete,834,5,608.1
2829,423,2023-07-27 08:28:40.233552,Incomplete,613,1,235.48
2830,167,2023-09-05 04:03:49.606889,Complete,753,4,482.2
2831,664,2024-08-25 07:31:14.369873,Complete,864,4,1636.2
2832,673,2023-07-14 04:53:33.228448,Complete,94,5,2446.4
2833,421,2023-12-30 14:56:41.378694,Incomplete,498,3,405.18
2834,126,2024-04-14 15:28:45.343457,Complete,328,2,602.84
2835,330,2023-03-29 00:23:24.579677,Complete,728,2,397.96
2836,300,2023-07-26 07:49:27.273044,Incomplete,671,5,2115.6
2837,56,2024-06-14 07:42:02.012385,Complete,263,5,2191.75
2838,331,2023-08-02 15:38:31.853147,Complete,357,1,224.77
2839,713,2024-04-16 03:26:17.598211,Complete,377,3,450.87
2840,643,2024-07-31 18:26:42.791516,Incomplete,154,1,117.38
2841,552,2023-10-01 08:51:04.248254,Incomplete,603,4,1991.96
2842,789,2023-06-02 11:36:57.929648,Complete,722,2,321.96
2843,7,2024-10-08 00:41:01.268195,Complete,249,1,180.11
2844,567,2024-03-12 20:53:40.621805,Complete,844,4,1143.88
2845,805,2024-01-31 12:20:12.900995,Complete,641,2,405.64
2846,577,2025-01-18 15:16:31.999616,Complete,87,4,503.6
2847,10,2023-02-10 21:08:31.175662,Complete,46,3,851.28
2848,745,2023-02-22 07:48:16.525455,Complete,855,4,1739.44
2849,549,2024-09-15 15:48:36.816547,Complete,644,3,800.88
2850,277,2023-04-26 03:28:24.526051,Complete,5,3,630.36
2851,783,2024-04-01 13:47:24.768331,Complete,745,3,1318.44
2852,256,2023-03-20 09:42:53.789967,Incomplete,14,4,398.76
2853,898,2023-11-05 12:53:27.854203,Incomplete,110,2,922.44
2854,276,2023-09-19 23:09:16.604339,Complete,373,2,827.32
2855,587,2023-08-14 09:16:10.031141,Incomplete,289,5,1952.15
2856,737,2024-02-05 03:44:48.702432,Complete,208,4,560.32
2857,930,2025-01-23 15:32:06.558602,Complete,874,4,839.24
2858,983,2024-08-24 04:52:10.528314,Complete,52,1,11.49
2859,681,2023-08-14 15:35:50.493577,Incomplete,730,5,2363.25
2860,249,2023-11-10 22:26:04.521639,Incomplete,488,1,436.28
2861,763,2023-11-13 00:40:59.944848,Complete,530,5,1176.1
2862,8,2024-08-28 08:11:38.795613,Complete,988,4,1030.88
2863,167,2024-07-27 12:17:20.354947,Complete,3,4,863.2
2864,768,2023-08-06 12:12:18.222824,Incomplete,972,1,496.31
2865,434,2024-10-11 17:26:09.484740,Incomplete,746,3,1141.77
2866,178,2024-07-03 02:04:50.478697,Complete,915,5,2492.9
2867,617,2023-06-13 13:45:20.041700,Incomplete,472,5,1390.0
2868,192,2024-03-01 06:57:30.296618,Incomplete,629,5,851.7
2869,391,2024-09-27 07:10:02.473859,Incomplete,11,1,385.75
2870,572,2024-05-06 03:58:57.445810,Complete,485,5,1058.7
2871,901,2024-09-02 03:29:19.360735,Incomplete,632,1,357.84
2872,693,2025-01-04 19:16:07.596516,Complete,344,2,975.8
2873,760,2023-12-22 09:00:07.082339,Incomplete,72,4,1261.84
2874,707,2024-06-18 20:52:55.872460,Incomplete,381,3,445.95
2875,794,2024-10-18 13:14:40.468887,Incomplete,764,1,274.41
2876,748,2025-01-19 07:34:31.397620,Complete,483,2,360.48
2877,104,2023-04-16 07:57:19.304464,Complete,682,3,421.32
2878,27,2024-10-14 13:34:52.584264,Complete,880,3,1143.54
2879,40,2023-05-25 19:39:09.087216,Incomplete,539,2,998.88
2880,252,2023-11-07 07:57:53.970011,Incomplete,654,3,311.31
2881,332,2024-05-01 12:15:39.802173,Complete,892,3,1086.12
2882,32,2023-12-01 12:45:16.100411,Incomplete,59,3,1489.2
2883,458,2025-01-25 14:24:55.060794,Incomplete,697,4,1175.48
2884,102,2024-09-18 19:49:52.685317,Incomplete,16,1,331.98
2885,398,2024-06-26 02:38:00.902300,Complete,742,5,721.85
2886,397,2024-06-17 23:31:12.372288,Complete,16,3,826.74
2887,195,2024-06-01 01:16:14.307303,Incomplete,165,3,1208.58
2888,579,2023-05-04 15:27:41.701684,Incomplete,291,4,103.6
2889,587,2023-08-18 21:23:59.935665,Incomplete,941,2,311.84
2890,53,2023-10-16 17:23:08.862493,Complete,197,1,454.26
2891,245,2023-04-13 00:06:14.142999,Complete,446,3,984.06
2892,13,2023-02-13 13:17:22.321628,Incomplete,954,5,2143.9
2893,419,2024-03-24 16:39:44.715624,Complete,775,2,356.76
2894,959,2023-10-28 04:34:45.844255,Complete,325,1,422.94
2895,228,2024-11-25 00:33:20.035158,Complete,778,4,303.56
2896,164,2024-03-21 15:06:16.714828,Incomplete,916,4,856.36
2897,789,2023-09-13 19:08:30.655022,Incomplete,269,2,390.96
2898,981,2024-11-27 02:49:01.167724,Complete,498,5,427.45
2899,32,2023-04-30 17:41:26.386678,Incomplete,385,1,122.95
2900,559,2024-09-10 04:09:04.413160,Complete,240,2,42.28
2901,753,2023-11-09 16:45:26.661623,Complete,373,5,1925.25
2902,521,2024-05-13 08:24:36.277230,Complete,899,5,1154.3
2903,756,2023-12-30 08:03:12.542418,Complete,788,4,1009.04
2904,943,2023-10-11 00:09:18.171162,Incomplete,102,4,341.64
2905,380,2024-04-21 09:21:04.276378,Incomplete,202,5,2340.7
2906,672,2023-05-14 03:42:06.052520,Incomplete,26,2,198.3
2907,298,2024-09-07 10:33:23.355970,Incomplete,230,3,1036.74
2908,539,2023-03-20 06:35:39.735939,Complete,397,2,788.62
2909,819,2024-04-07 16:32:08.819334,Incomplete,213,4,1360.36
2910,151,2023-05-14 13:26:55.499735,Complete,898,4,817.84
2911,615,2025-01-21 20:38:51.136514,Incomplete,196,4,269.24
2912,727,2023-06-22 12:01:49.763311,Incomplete,982,1,60.64
2913,905,2023-12-19 00:23:14.097361,Complete,831,5,2133.8
2914,623,2024-05-27 15:01:08.391183,Incomplete,30,4,1393.64
2915,370,2024-01-17 11:45:53.029207,Complete,526,2,307.48
2916,744,2024-04-20 08:19:24.505489,Incomplete,392,1,295.89
2917,594,2023-05-25 07:13:59.192084,Complete,463,5,1867.75
2918,567,2023-12-18 22:01:13.100754,Incomplete,820,5,2003.7
2919,888,2024-10-16 05:48:56.601434,Complete,434,1,419.47
2920,506,2023-09-13 04:28:28.577214,Complete,756,1,261.45
2921,114,2024-07-31 20:41:34.931295,Complete,771,5,2206.0
2922,244,2023-09-21 09:48:47.593338,Incomplete,259,3,790.71
2923,196,2024-08-19 21:13:29.641645,Incomplete,206,2,55.8
2924,582,2023-12-08 15:25:59.800578,Complete,939,1,360.17
2925,427,2023-04-15 01:40:12.170648,Incomplete,446,2,909.62
2926,697,2023-07-28 23:34:14.753001,Incomplete,71,3,966.24
2927,462,2023-04-12 19:39:54.639918,Complete,416,2,603.28
2928,653,2023-10-31 18:31:31.215161,Incomplete,463,5,774.3
2929,858,2023-04-24 02:28:33.812909,Incomplete,911,4,1262.48
2930,801,2025-01-08 12:45:00.458392,Incomplete,325,3,1195.02
2931,399,2023-03-09 23:09:01.158540,Incomplete,829,5,2354.65
2932,560,2023-05-07 13:53:26.002738,Incomplete,637,2,452.66
2933,573,2023-04-23 06:20:56.027407,Complete,824,3,594.3
2934,349,2024-09-03 19:54:46.721316,Incomplete,808,2,454.06
2935,840,2023-03-10 14:11:34.029227,Incomplete,472,4,1134.48
2936,181,2024-06-22 07:12:35.431190,Complete,917,2,706.14
2937,501,2024-11-23 14:35:42.148103,Incomplete,362,4,150.48
2938,708,2024-01-13 08:53:36.027416,Complete,209,4,1465.72
2939,793,2024-07-24 17:13:24.007093,Incomplete,926,4,1362.8
2940,596,2024-04-18 13:10:51.682723,Complete,168,1,40.79
2941,160,2024-04-26 12:37:15.269224,Incomplete,37,5,2026.25
2942,620,2025-01-05 06:47:28.210306,Complete,740,5,1462.55
2943,295,2023-12-01 04:34:51.181220,Incomplete,76,2,635.0
2944,58,2024-02-21 19:53:37.322754,Complete,571,5,267.85
2945,410,2024-07-03 04:06:36.284833,Complete,335,2,104.52
2946,636,2024-08-24 10:18:42.317323,Incomplete,472,2,993.14
2947,497,2024-06-27 09:45:53.573004,Incomplete,190,3,559.17
2948,824,2024-12-31 01:23:09.998176,Incomplete,784,1,483.37
2949,82,2024-07-05 16:15:44.809155,Complete,769,5,1249.9
2950,357,2024-02-14 02:43:35.851348,Incomplete,101,3,991.05
2951,215,2023-07-25 18:03:55.153982,Incomplete,213,1,33.62
2952,150,2024-10-28 20:51:39.654830,Incomplete,315,5,651.0
2953,483,2024-07-10 08:26:11.739125,Complete,168,4,958.28
2954,72,2023-08-04 15:49:10.228437,Incomplete,226,4,1639.28
2955,607,2024-07-11 04:35:15.986858,Incomplete,752,5,2027.75
2956,309,2023-06-29 15:22:22.867462,Complete,137,3,904.11
2957,563,2023-09-01 13:44:10.379290,Incomplete,275,1,248.37
2958,300,2023-11-15 11:58:59.193911,Complete,467,1,194.9
2959,193,2023-11-07 15:45:34.917562,Incomplete,563,5,126.6
2960,172,2023-11-26 21:33:25.102807,Complete,114,1,266.29
2961,58,2024-07-18 02:33:10.350652,Complete,997,1,206.63
2962,344,2024-12-28 09:31:53.163043,Incomplete,460,1,179.03
2963,805,2024-12-14 20:35:30.817164,Incomplete,807,1,181.33
2964,779,2024-09-27 10:18:10.051949,Incomplete,676,1,284.54
2965,736,2024-12-17 21:35:08.070269,Complete,456,2,662.68
2966,513,2023-05-13 06:57:16.951256,Complete,315,2,680.86
2967,619,2023-11-11 01:10:05.298319,Complete,740,3,572.85
2968,623,2023-02-07 15:37:53.449664,Incomplete,409,4,957.52
2969,510,2025-01-23 15:36:32.015619,Complete,465,3,1110.9
2970,567,2024-10-02 00:14:43.107553,Incomplete,853,2,677.68
2971,447,2024-11-25 08:05:35.631557,Complete,315,2,169.64
2972,728,2024-04-15 21:12:35.738777,Incomplete,378,1,13.78
2973,343,2023-07-02 01:35:13.408513,Complete,783,1,213.47
2974,827,2024-12-16 05:06:08.705355,Complete,394,4,155.4
2975,532,2025-01-23 16:23:23.943323,Complete,392,4,294.28
2976,183,2024-07-01 15:48:41.037048,Incomplete,875,1,249.71
2977,133,2024-05-24 12:06:52.953133,Incomplete,800,2,48.44
2978,948,2024-05-30 14:15:04.162712,Incomplete,816,1,88.8
2979,657,2023-08-16 05:33:49.596352,Complete,837,2,277.68
2980,850,2024-02-25 01:42:07.162333,Incomplete,77,5,1551.1
2981,39,2023-11-13 07:06:19.247993,Incomplete,230,3,65.55
2982,707,2024-10-10 12:53:33.690131,Incomplete,105,2,779.44
2983,410,2023-06-17 11:11:09.165819,Incomplete,252,1,320.19
2984,645,2023-07-23 03:16:17.955865,Complete,710,4,464.32
2985,491,2024-12-20 20:59:33.321944,Incomplete,784,5,1339.1
2986,92,2024-08-20 06:22:15.360023,Incomplete,474,2,797.38
2987,819,2024-04-11 21:24:15.117672,Complete,346,5,124.5
2988,72,2023-07-07 12:38:12.608017,Incomplete,808,3,1067.04
2989,637,2024-07-03 03:00:01.419340,Incomplete,194,3,612.99
2990,913,2025-01-20 22:33:10.214727,Complete,903,5,2267.3
2991,671,2024-04-09 13:41:17.207158,Incomplete,5,2,198.64
2992,720,2023-02-01 12:58:31.211726,Complete,667,5,656.8
2993,540,2023-07-29 14:21:49.707648,Incomplete,785,5,1841.35
2994,716,2024-01-15 21:54:42.312368,Incomplete,399,3,929.19
2995,724,2023-10-20 03:00:25.230698,Complete,10,2,639.34
2996,842,2024-01-26 23:15:05.783299,Incomplete,232,5,1926.05
2997,278,2025-01-04 18:47:08.482273,Incomplete,264,5,341.85
2998,989,2024-10-09 17:04:27.876025,Incomplete,473,3,617.07
2999,409,2024-09-23 18:45:35.871639,Incomplete,429,2,422.62
3000,891,2023-05-17 14:36:03.062980,Incomplete,316,5,1003.05
3001,222,2024-05-12 12:36:48.406572,Incomplete,128,4,1875.8
3002,507,2023-04-21 12:29:02.090028,Incomplete,5,2,538.4
3003,362,2024-03-01 19:01:01.134735,Complete,828,3,587.88
3004,725,2023-07-01 21:30:32.915323,Complete,541,4,1375.24
3005,749,2024-03-23 00:16:54.987155,Incomplete,849,5,1555.95
3006,55,2025-01-20 14:48:19.893735,Complete,623,5,2291.5
3007,618,2025-01-18 06:41:36.909473,Incomplete,79,1,120.19
3008,325,2024-02-11 03:47:10.593233,Complete,171,5,139.1
3009,166,2023-06-06 06:23:33.921478,Complete,764,2,805.86
3010,239,2025-01-13 18:15:44.809150,Incomplete,218,3,1334.76
3011,567,2024-03-30 05:19:08.463313,Complete,293,4,23.68
3012,488,2024-10-29 16:22:06.824037,Complete,47,1,412.9
3013,75,2023-10-01 15:58:09.255250,Complete,749,3,234.87
3014,750,2023-11-24 10:15:57.842139,Incomplete,273,5,303.65
3015,78,2023-12-14 00:03:01.490370,Complete,258,3,35.55
3016,732,2023-04-16 19:16:38.047690,Complete,50,1,453.8
3017,124,2023-09-21 16:05:21.074460,Incomplete,298,1,495.86
3018,784,2024-05-15 07:22:22.448964,Incomplete,567,4,899.44
3019,918,2023-09-01 13:39:49.966636,Incomplete,3,4,1890.04
3020,954,2024-07-08 10:28:56.447066,Complete,226,3,1054.08
3021,561,2024-05-15 11:09:02.543298,Complete,290,3,873.87
3022,825,2023-03-25 14:19:19.129853,Complete,251,5,579.85
3023,850,2024-10-24 01:43:52.397207,Complete,190,3,638.49
3024,491,2023-03-09 03:53:13.636616,Incomplete,630,5,1923.65
3025,89,2024-11-06 20:14:08.287803,Complete,164,3,1201.23
3026,170,2023-03-09 07:26:56.929461,Incomplete,414,3,572.55
3027,444,2023-08-08 09:40:18.204007,Incomplete,481,3,53.61
3028,107,2024-08-11 04:53:34.307710,Incomplete,802,4,716.12
3029,456,2023-03-24 00:05:44.946827,Incomplete,713,1,275.25
3030,803,2023-03-30 12:12:09.885379,Complete,384,2,386.08
3031,426,2024-09-18 09:37:20.827707,Complete,422,2,845.42
3032,877,2024-08-19 19:58:58.555324,Incomplete,918,4,719.36
3033,57,2024-01-08 02:15:29.467137,Incomplete,547,5,1736.4
3034,947,2023-09-11 15:16:12.786255,Incomplete,363,5,1293.25
3035,981,2024-02-23 23:27:56.623034,Complete,730,1,270.32
3036,407,2023-08-18 17:13:18.843648,Incomplete,249,3,826.47
3037,317,2024-03-22 06:26:35.486654,Complete,569,3,1094.52
3038,632,2024-10-28 20:29:45.031017,Complete,37,5,1374.65
3039,303,2024-01-16 00:56:04.367743,Incomplete,493,3,518.67
3040,844,2024-04-27 02:00:47.259027,Incomplete,71,4,1988.92
3041,134,2023-09-22 19:17:31.050834,Complete,158,1,191.09
3042,653,2024-02-22 09:05:41.100836,Incomplete,37,3,1409.46
3043,177,2023-09-17 16:49:12.076630,Complete,198,2,299.12
3044,406,2024-03-22 09:30:00.012325,Complete,276,2,860.98
3045,673,2023-02-18 14:01:57.691772,Incomplete,341,3,161.73
3046,71,2023-05-12 17:19:30.238121,Complete,440,3,1325.07
3047,901,2024-05-26 13:51:52.576138,Incomplete,842,3,24.33
3048,106,2024-10-28 23:47:46.760195,Incomplete,300,1,377.24
3049,32,2024-11-18 06:26:46.662148,Incomplete,265,2,309.44
3050,788,2024-12-13 09:58:46.384318,Incomplete,473,1,214.07
3051,356,2024-08-02 10:21:48.265005,Incomplete,168,3,1122.27
3052,752,2023-08-26 11:31:25.161642,Complete,470,1,50.43
3053,953,2023-06-17 11:49:26.699838,Complete,919,3,1326.09
3054,604,2024-07-27 14:55:53.634438,Complete,808,1,351.08
3055,879,2023-10-16 23:15:44.880649,Incomplete,649,3,1041.36
3056,965,2024-12-09 00:04:44.288088,Complete,482,5,1261.5
3057,38,2023-02-24 16:54:33.744522,Incomplete,860,2,849.3
3058,130,2024-04-21 13:51:28.734078,Complete,317,1,493.08
3059,982,2023-09-05 13:33:10.545721,Complete,662,4,568.68
3060,921,2023-05-16 06:38:41.563537,Complete,543,5,508.15
3061,684,2023-04-20 01:51:45.811393,Complete,645,3,768.33
3062,540,2023-09-19 08:46:50.765689,Complete,657,4,1975.36
3063,547,2024-12-23 00:54:01.997362,Incomplete,219,5,2166.95
3064,871,2024-09-26 03:52:13.709255,Complete,329,3,551.13
3065,859,2023-04-20 07:38:20.269976,Incomplete,488,3,484.86
3066,36,2023-04-14 18:16:40.665449,Incomplete,863,4,1103.52
3067,843,2025-01-17 13:27:37.047165,Complete,632,4,77.52
3068,267,2023-07-23 18:43:16.264304,Incomplete,221,2,482.66
3069,960,2024-08-02 23:33:48.310932,Complete,797,4,464.8
3070,813,2024-04-24 08:30:57.878181,Complete,742,1,409.53
3071,456,2023-05-01 23:52:55.572796,Complete,782,5,2050.15
3072,892,2025-01-24 05:31:49.537085,Complete,275,1,110.26
3073,394,2024-12-18 18:42:10.347928,Incomplete,301,3,1189.41
3074,967,2023-07-05 00:08:40.515020,Incomplete,598,5,1971.45
3075,396,2023-08-15 07:15:21.021381,Complete,583,4,1324.12
3076,564,2024-10-06 15:12:57.891695,Incomplete,332,1,447.25
3077,754,2023-03-23 23:57:59.892227,Complete,359,4,90.68
3078,894,2023-02-03 09:12:47.216581,Complete,913,2,873.46
3079,774,2023-03-23 23:51:39.802493,Incomplete,983,2,42.06
3080,336,2024-07-10 21:03:39.515442,Complete,137,1,495.02
3081,104,2023-09-24 22:30:09.787530,Incomplete,17,1,222.24
3082,230,2024-06-06 08:08:32.264739,Incomplete,288,4,290.64
3083,634,2024-02-24 12:00:54.120236,Incomplete,896,2,622.98
3084,60,2023-10-30 00:20:30.278388,Incomplete,886,4,61.0
3085,593,2024-11-10 22:10:11.618546,Complete,272,2,46.14
3086,242,2024-06-13 12:53:35.901055,Incomplete,865,3,1252.44
3087,559,2023-10-21 21:29:49.476993,Incomplete,641,5,2437.4
3088,718,2024-06-11 20:34:08.075332,Incomplete,110,4,429.6
3089,826,2024-05-21 14:08:23.204654,Incomplete,475,3,223.8
3090,831,2024-12-12 00:46:47.303375,Incomplete,734,4,1031.64
3091,293,2024-04-04 06:07:40.217660,Complete,35,3,1002.48
3092,477,2023-11-10 19:50:04.626511,Complete,605,4,1495.76
3093,172,2025-01-18 18:43:26.882746,Complete,685,2,118.3
3094,930,2023-02-28 04:14:21.743460,Complete,471,1,137.36
3095,371,2023-10-31 05:35:04.230688,Incomplete,574,5,1229.25
3096,720,2023-12-23 09:06:37.938201,Incomplete,710,1,197.92
3097,877,2024-07-09 07:59:28.391623,Incomplete,253,3,1478.85
3098,784,2024-12-18 18:40:10.206615,Complete,416,5,1442.85
3099,819,2024-01-04 13:55:20.232095,Complete,911,5,1201.35
3100,282,2023-06-22 07:59:37.793211,Incomplete,749,5,1229.25
3101,383,2024-04-24 10:32:28.390794,Complete,550,3,446.07
3102,507,2023-10-13 13:37:16.339636,Incomplete,230,2,723.24
3103,401,2023-12-29 10:29:38.236273,Incomplete,634,3,844.83
3104,141,2024-01-21 18:24:16.309752,Incomplete,189,4,592.84
3105,375,2023-07-20 00:41:13.752575,Incomplete,832,4,450.72
3106,985,2024-01-08 12:10:38.591697,Complete,126,1,198.57
3107,95,2024-10-28 07:36:44.066575,Complete,509,1,42.78
3108,492,2023-07-04 20:39:56.061810,Complete,768,4,139.44
3109,9,2025-01-23 03:19:25.275840,Incomplete,561,5,2198.75
3110,773,2023-05-31 04:20:24.272405,Complete,530,4,563.48
3111,596,2024-03-21 23:18:49.525402,Incomplete,782,4,26.68
3112,588,2024-12-15 03:55:03.943638,Incomplete,618,4,1016.72
3113,115,2023-03-19 19:04:10.942362,Complete,993,5,238.4
3114,622,2023-11-16 09:06:43.189894,Complete,413,1,204.18
3115,102,2024-10-03 12:35:28.969788,Complete,297,1,441.05
3116,237,2024-01-10 07:56:50.619223,Complete,871,1,15.19
3117,474,2024-11-25 18:39:23.522964,Incomplete,497,2,399.7
3118,98,2023-07-12 05:48:42.673322,Incomplete,471,5,503.25
3119,898,2024-02-27 00:06:33.561096,Complete,185,3,421.41
3120,199,2023-12-09 09:10:41.068612,Incomplete,411,2,240.58
3121,445,2023-07-12 02:53:07.596712,Incomplete,794,5,2238.9
3122,184,2023-04-06 14:25:45.046362,Complete,822,5,2007.5
3123,289,2024-07-24 23:40:07.584342,Complete,614,5,2028.15
3124,54,2023-05-27 11:14:47.677290,Complete,444,5,1645.8
3125,104,2023-09-28 05:40:27.244026,Incomplete,50,4,1644.44
3126,949,2023-08-02 08:53:14.531279,Incomplete,181,3,38.43
3127,759,2024-02-03 07:40:55.545098,Incomplete,740,2,973.58
3128,278,2023-02-04 04:01:14.120564,Incomplete,8,1,137.86
3129,321,2023-08-21 17:28:32.612762,Complete,620,5,1980.1
3130,551,2023-10-22 10:39:37.885250,Complete,618,1,404.98
3131,462,2023-03-10 22:32:56.335280,Complete,403,4,496.64
3132,897,2024-07-26 12:39:14.114033,Complete,95,3,1076.34
3133,86,2024-08-03 19:22:54.728432,Complete,959,2,551.94
3134,829,2024-06-10 02:11:18.161878,Complete,70,1,399.93
3135,343,2025-01-14 09:56:36.519512,Incomplete,922,3,647.16
3136,344,2024-11-19 09:18:09.353783,Complete,213,4,536.72
3137,203,2024-04-04 17:34:54.779761,Complete,169,2,808.04
3138,362,2024-10-27 19:25:17.627579,Incomplete,658,1,455.22
3139,552,2025-01-10 18:02:36.103531,Complete,886,4,520.6
3140,473,2024-04-03 18:13:15.781223,Incomplete,536,1,486.03
3141,884,2023-11-05 14:35:51.732578,Complete,615,5,1397.65
3142,543,2024-04-08 10:43:34.377195,Complete,621,5,2183.65
3143,858,2025-01-09 18:57:55.775459,Complete,355,2,73.38
3144,275,2023-09-09 07:05:30.835584,Incomplete,991,1,210.93
3145,764,2024-12-12 01:45:09.371312,Incomplete,875,4,887.8
3146,750,2023-08-16 14:18:42.282277,Incomplete,995,1,378.71
3147,456,2024-10-22 02:41:12.619039,Complete,194,4,760.92
3148,89,2024-08-21 11:16:42.448405,Incomplete,142,2,467.12
3149,851,2023-04-29 11:18:06.705017,Complete,421,3,1343.01
3150,744,2023-06-14 03:50:34.273686,Incomplete,256,4,1246.96
3151,742,2024-02-17 13:58:49.619668,Complete,717,5,1407.05
3152,516,2023-06-14 06:40:52.047019,Complete,351,1,490.57
3153,829,2025-01-10 15:48:50.387363,Complete,215,2,132.32
3154,251,2023-12-04 06:33:35.283416,Incomplete,233,4,1127.36
3155,384,2023-05-03 09:18:55.580213,Incomplete,103,5,1719.7
3156,408,2023-03-02 16:26:41.406918,Complete,590,3,308.55
3157,900,2024-04-13 22:39:11.824078,Complete,203,2,337.8
3158,887,2024-11-26 20:57:01.485436,Incomplete,652,2,186.56
3159,108,2024-12-06 10:08:45.148701,Complete,425,4,1319.44
3160,711,2023-02-20 21:48:47.876121,Complete,812,2,832.84
3161,269,2024-12-13 21:06:25.686159,Complete,306,4,794.08
3162,879,2024-03-02 02:29:39.968847,Complete,682,4,1169.92
3163,19,2024-01-30 05:11:03.820977,Incomplete,265,5,2288.85
3164,499,2023-08-17 23:38:44.278041,Incomplete,843,1,279.43
3165,872,2024-06-22 03:50:05.077170,Incomplete,988,3,1079.07
3166,164,2024-10-05 08:45:45.457404,Incomplete,898,4,627.76
3167,442,2023-03-22 19:24:48.592740,Incomplete,243,4,69.52
3168,301,2024-04-27 23:43:02.050885,Incomplete,940,3,473.13
3169,224,2023-03-06 17:24:04.211799,Incomplete,996,4,30.4
3170,292,2023-02-04 08:05:45.223406,Complete,845,5,1290.25
3171,251,2023-05-27 12:50:40.274541,Complete,684,2,31.0
3172,252,2024-04-13 03:06:40.031295,Incomplete,533,5,2367.35
3173,32,2023-11-21 06:03:58.772014,Complete,445,1,372.41
3174,973,2024-07-27 07:20:32.719621,Incomplete,544,3,369.6
3175,436,2024-09-28 16:07:08.302672,Complete,514,1,255.75
3176,207,2024-07-27 03:51:35.625506,Complete,471,3,1188.57
3177,141,2025-01-18 02:54:53.018110,Incomplete,25,5,1800.5
3178,36,2024-09-29 04:13:08.392476,Complete,448,3,248.25
3179,377,2023-05-28 03:26:18.222204,Complete,393,5,2375.15
3180,499,2023-10-03 14:05:34.088535,Complete,546,5,253.8
3181,946,2023-11-06 00:40:18.495864,Complete,533,5,1479.0
3182,160,2024-07-05 18:04:24.415986,Incomplete,185,4,1115.48
3183,56,2024-07-04 13:23:30.660507,Incomplete,385,1,429.08
3184,525,2023-02-03 12:54:54.329160,Incomplete,191,3,1066.92
3185,935,2024-03-30 14:03:04.457241,Incomplete,956,1,116.63
3186,899,2024-08-02 08:00:52.390102,Incomplete,697,5,467.45
3187,501,2024-01-20 04:49:50.870555,Complete,298,3,1157.7
3188,146,2023-06-23 01:49:33.790645,Complete,896,2,250.0
3189,704,2023-04-01 02:11:18.473643,Complete,73,5,2408.45
3190,377,2024-07-02 09:40:16.518357,Incomplete,188,5,2016.8
3191,649,2023-10-06 08:22:12.400637,Incomplete,481,1,97.31
3192,748,2024-06-01 23:42:03.927425,Incomplete,529,5,884.3
3193,911,2023-02-26 01:55:45.857927,Complete,254,5,1317.4
3194,452,2023-12-18 09:39:52.798725,Incomplete,696,2,701.64
3195,915,2024-02-03 01:57:22.815354,Incomplete,988,5,233.65
3196,983,2023-06-28 02:09:35.579343,Incomplete,522,3,1322.97
3197,981,2024-07-24 08:41:21.284176,Incomplete,305,2,765.5
3198,857,2024-09-06 12:52:52.515426,Incomplete,237,1,250.28
3199,839,2023-03-12 21:11:07.602738,Complete,876,2,597.44
3200,255,2023-09-07 11:07:47.737343,Incomplete,743,5,805.7
3201,238,2023-09-07 19:41:58.223098,Incomplete,495,2,657.52
3202,295,2024-08-15 17:10:19.801527,Incomplete,113,5,2144.55
3203,886,2023-04-06 23:17:49.363708,Complete,578,1,481.78
3204,50,2023-04-06 04:35:16.713068,Incomplete,347,5,1883.45
3205,914,2024-10-16 12:27:27.259149,Complete,173,4,1508.08
3206,275,2023-06-03 00:53:06.802517,Complete,426,2,895.94
3207,183,2024-02-15 05:35:03.482230,Incomplete,99,4,1014.92
3208,733,2023-06-09 00:41:17.939497,Complete,155,1,84.34
3209,770,2024-05-31 11:18:48.006731,Complete,836,4,530.8
3210,908,2024-07-17 08:16:38.213645,Complete,76,3,619.92
3211,324,2024-07-01 18:13:04.032984,Complete,75,5,1700.95
3212,403,2024-09-04 01:58:07.442265,Incomplete,562,5,950.05
3213,255,2024-09-13 10:26:05.168227,Complete,410,1,253.5
3214,449,2023-05-07 02:36:34.048297,Complete,491,5,1784.6
3215,683,2024-06-11 13:40:27.673631,Incomplete,788,2,881.12
3216,213,2024-12-31 23:35:41.049095,Complete,939,5,59.3
3217,537,2023-11-15 16:36:03.940136,Incomplete,928,1,446.5
3218,621,2024-11-13 18:24:16.553020,Complete,625,4,1993.04
3219,94,2024-01-04 20:48:03.359626,Complete,53,4,1517.84
3220,995,2024-10-09 08:11:14.821160,Incomplete,606,3,1051.14
3221,677,2023-10-16 10:05:21.314009,Complete,268,3,417.81
3222,792,2023-07-18 10:43:05.884382,Incomplete,607,1,27.76
3223,113,2023-05-14 11:52:40.632723,Complete,33,3,1192.62
3224,329,2024-11-23 06:28:35.070177,Complete,456,2,718.34
3225,111,2024-06-25 13:57:41.682207,Complete,973,1,245.09
3226,764,2024-02-14 00:37:46.487243,Incomplete,281,1,350.59
3227,402,2024-09-18 04:32:09.793645,Complete,403,1,300.64
3228,215,2023-03-29 00:10:19.112833,Complete,130,3,341.31
3229,366,2023-08-26 16:01:14.830799,Incomplete,425,5,2178.05
3230,892,2023-02-01 13:20:59.774774,Incomplete,264,1,260.52
3231,999,2023-06-20 11:48:42.658249,Incomplete,211,2,57.64
3232,142,2024-06-14 21:00:00.814229,Complete,19,4,1684.08
3233,532,2023-04-25 10:24:44.424997,Complete,607,2,557.34
3234,38,2024-10-25 19:49:20.873202,Complete,712,3,954.48
3235,648,2023-10-25 05:15:32.144294,Complete,861,4,1879.56
3236,760,2023-09-21 18:35:55.251288,Incomplete,975,4,257.72
3237,426,2023-03-30 10:09:43.223417,Incomplete,907,1,86.83
3238,972,2024-12-21 18:53:06.707475,Complete,652,3,335.04
3239,298,2023-10-17 09:04:33.713670,Complete,81,2,803.96
3240,389,2023-04-02 03:43:49.080491,Complete,727,1,210.12
3241,773,2023-06-28 11:23:59.645220,Incomplete,849,3,20.49
3242,878,2023-06-28 08:59:49.174621,Complete,710,1,361.34
3243,363,2024-10-29 23:34:45.872561,Incomplete,586,1,256.36
3244,565,2024-10-08 12:17:10.278258,Incomplete,927,5,681.2
3245,382,2024-06-17 03:49:14.481114,Complete,440,5,2254.8
3246,767,2024-03-24 00:49:48.937951,Complete,411,3,538.2
3247,488,2023-05-13 14:04:41.239125,Complete,793,5,847.5
3248,797,2023-03-22 13:24:34.098627,Incomplete,26,4,1018.96
3249,677,2023-12-23 13:01:47.667094,Incomplete,140,2,616.32
3250,841,2024-01-14 20:04:25.650335,Complete,174,2,667.44
3251,931,2024-06-28 23:05:33.445459,Complete,483,4,1336.64
3252,733,2024-01-03 19:11:30.178591,Complete,606,5,1113.35
3253,901,2023-11-20 17:20:10.108000,Incomplete,616,3,1279.68
3254,63,2023-02-04 10:47:59.132078,Incomplete,947,2,175.98
3255,953,2024-03-21 07:03:50.274234,Incomplete,683,1,442.04
3256,808,2024-04-02 19:44:34.966316,Incomplete,742,4,1912.84
3257,582,2023-09-14 03:34:22.333595,Incomplete,81,5,1154.15
3258,422,2024-04-24 21:54:15.918927,Incomplete,87,2,535.4
3259,681,2024-08-25 05:42:12.328599,Complete,596,3,920.31
3260,413,2023-04-22 07:10:51.036514,Complete,405,2,934.0
3261,579,2023-03-28 11:38:50.621934,Complete,821,5,2431.95
3262,736,2024-01-01 16:51:35.335793,Incomplete,346,2,66.94
3263,100,2024-06-23 05:28:39.684238,Incomplete,630,2,206.16
3264,379,2024-05-22 09:10:58.735117,Incomplete,283,2,771.06
3265,63,2024-01-01 04:07:20.563666,Complete,908,1,308.81
3266,908,2023-07-02 00:40:40.184731,Incomplete,452,2,653.78
3267,203,2024-05-18 23:44:21.187600,Incomplete,581,3,763.32
3268,439,2023-06-30 04:07:30.883157,Incomplete,852,2,244.68
3269,847,2024-05-01 18:27:49.716032,Complete,802,2,199.68
3270,80,2024-10-11 02:21:05.890147,Complete,541,5,343.6
3271,138,2024-09-16 02:48:11.072921,Incomplete,461,5,117.15
3272,358,2023-06-01 14:01:00.867226,Incomplete,960,2,31.08
3273,871,2023-06-29 22:11:07.752133,Incomplete,48,4,1348.28
3274,725,2024-10-16 04:19:20.981153,Complete,631,4,1209.2
3275,393,2023-12-26 13:37:46.916114,Complete,844,1,383.28
3276,487,2023-12-20 01:32:28.679985,Complete,305,2,449.36
3277,983,2023-10-28 09:37:22.518528,Complete,355,4,125.64
3278,729,2024-10-25 18:32:37.526822,Incomplete,849,3,659.64
3279,355,2024-01-07 05:34:35.857226,Incomplete,611,2,803.0
3280,513,2024-11-13 05:25:36.654485,Incomplete,997,1,35.58
3281,907,2024-05-17 15:49:47.272702,Incomplete,306,2,470.54
3282,447,2024-10-24 09:24:43.154929,Incomplete,464,4,252.52
3283,93,2024-12-25 00:16:56.439663,Complete,829,4,882.36
3284,581,2024-02-15 16:09:22.222352,Incomplete,240,2,386.86
3285,625,2024-05-18 05:39:44.046406,Complete,147,1,404.23
3286,643,2023-06-10 13:16:11.260055,Incomplete,337,4,680.8
3287,95,2023-10-24 05:14:10.946121,Incomplete,812,2,221.86
3288,171,2025-01-24 14:09:42.418187,Incomplete,605,5,392.55
3289,535,2023-04-08 20:38:14.914517,Incomplete,35,4,1369.36
3290,802,2023-07-20 06:35:04.092963,Complete,378,3,969.3
3291,790,2023-05-16 21:14:48.200322,Incomplete,823,4,1268.96
3292,826,2024-08-01 06:48:21.595037,Complete,583,5,1729.0
3293,613,2023-11-16 14:39:32.203904,Complete,453,5,1154.9
3294,252,2024-07-02 00:14:39.404478,Complete,584,2,79.9
3295,468,2023-09-18 04:44:02.156330,Complete,552,1,37.02
3296,197,2025-01-15 10:31:17.304593,Incomplete,141,1,119.98
3297,975,2023-11-27 14:49:18.213853,Complete,402,1,194.54
3298,278,2023-09-16 23:14:50.452023,Complete,837,2,559.24
3299,371,2023-08-29 10:12:20.212303,Incomplete,940,3,1391.58
3300,767,2024-06-09 18:16:51.054425,Complete,920,4,1154.92
3301,234,2024-02-21 19:33:31.084509,Incomplete,145,1,475.68
3302,407,2024-07-06 16:16:29.356575,Complete,732,3,863.25
3303,918,2023-03-18 12:43:51.378735,Complete,342,1,457.02
3304,298,2023-10-30 23:47:42.981357,Complete,984,4,971.48
3305,620,2023-04-18 17:18:33.572601,Complete,503,1,272.52
3306,74,2024-11-19 22:27:56.917388,Complete,709,2,575.76
3307,581,2024-01-12 15:40:26.994785,Complete,984,2,970.28
3308,370,2024-04-26 11:52:42.103217,Complete,453,3,1412.79
3309,142,2024-04-28 17:00:07.054084,Complete,877,3,43.17
3310,71,2023-08-12 18:49:04.801301,Complete,579,2,214.52
3311,186,2023-04-04 00:14:33.045537,Incomplete,226,5,1165.15
3312,393,2024-09-07 15:13:14.045400,Complete,158,4,1733.64
3313,44,2024-07-09 16:24:49.735602,Complete,963,3,1228.32
3314,128,2024-04-05 02:36:06.336450,Incomplete,16,5,1410.85
3315,614,2023-07-28 23:48:01.758941,Incomplete,932,1,266.48
3316,909,2023-12-28 06:09:39.311887,Incomplete,881,3,623.4
3317,322,2024-08-11 10:29:00.654685,Complete,279,5,2110.95
3318,795,2024-02-21 15:48:36.016567,Complete,949,2,382.92
3319,844,2024-06-17 17:12:15.139669,Complete,461,3,1146.12
3320,398,2024-08-02 03:05:25.800313,Incomplete,759,3,1061.28
3321,631,2024-12-25 21:42:31.439549,Incomplete,752,2,59.44
3322,448,2024-03-07 06:06:19.290607,Incomplete,743,4,942.76
3323,903,2023-11-06 06:33:40.841216,Incomplete,968,4,145.96
3324,873,2024-05-13 02:39:55.651534,Incomplete,199,1,170.8
3325,981,2024-09-22 02:27:25.150817,Incomplete,235,4,774.36
3326,550,2025-01-07 21:25:51.244992,Incomplete,307,4,897.4
3327,395,2024-09-02 11:43:03.402683,Incomplete,143,1,48.75
3328,856,2023-11-03 03:21:22.470948,Complete,695,1,443.35
3329,618,2024-12-25 00:32:59.770813,Incomplete,634,2,894.0
3330,831,2023-06-16 10:52:27.404015,Complete,853,1,112.74
3331,128,2024-07-15 11:18:22.287450,Incomplete,74,5,28.1
3332,505,2024-03-12 17:05:07.414078,Complete,538,4,1236.12
3333,772,2024-03-24 18:05:02.263073,Complete,802,5,1930.7
3334,234,2023-03-07 14:48:04.079735,Incomplete,794,3,985.2
3335,803,2023-05-27 05:13:57.353241,Incomplete,250,3,327.18
3336,883,2024-08-01 17:48:04.524639,Incomplete,797,1,459.54
3337,271,2023-08-05 08:56:00.567846,Complete,341,5,2325.85
3338,610,2023-08-27 13:50:38.811863,Incomplete,966,3,749.88
3339,863,2023-06-12 09:24:39.799129,Incomplete,267,5,743.0
3340,945,2023-09-15 19:51:52.037040,Incomplete,340,5,200.15
3341,937,2024-07-13 06:10:14.925186,Complete,33,3,631.86
3342,729,2024-04-13 06:21:48.954472,Complete,999,3,840.51
3343,553,2023-03-31 09:43:22.129667,Incomplete,71,3,501.51
3344,773,2024-12-31 08:33:57.349456,Complete,739,1,255.09
3345,551,2023-11-17 20:42:56.666499,Complete,655,3,1309.89
3346,923,2024-09-05 14:35:47.531000,Incomplete,219,5,1925.55
3347,42,2023-06-08 19:15:54.399851,Complete,919,2,275.38
3348,991,2023-06-05 15:05:20.268435,Incomplete,325,1,203.39
3349,442,2023-03-11 23:31:41.167641,Complete,114,5,2257.05
3350,719,2024-10-18 00:11:20.340029,Complete,393,3,693.42
3351,44,2023-04-14 00:14:29.996037,Incomplete,657,5,2237.7
3352,48,2024-10-19 11:11:29.274312,Incomplete,786,2,835.72
3353,492,2023-07-12 13:10:45.698189,Complete,448,5,2063.7
3354,520,2025-01-17 05:41:39.503166,Complete,684,4,241.12
3355,328,2024-03-30 03:50:31.683292,Incomplete,831,1,426.05
3356,546,2024-02-10 07:29:18.209062,Incomplete,622,3,749.46
3357,79,2023-10-29 15:09:53.334205,Complete,742,1,95.65
3358,626,2024-09-06 04:15:18.739461,Complete,938,3,1060.29
3359,868,2023-03-11 19:39:57.997761,Incomplete,151,5,1297.75
3360,428,2023-06-27 05:56:39.487045,Complete,888,1,105.46
3361,394,2023-06-02 07:05:14.805565,Complete,945,4,808.4
3362,74,2024-05-27 12:53:27.194611,Complete,661,1,476.66
3363,910,2025-01-16 02:11:54.099273,Incomplete,821,1,28.02
3364,82,2024-02-27 01:03:40.938238,Complete,333,3,318.18
3365,326,2023-09-02 04:52:10.850808,Complete,850,1,282.82
3366,34,2023-06-23 19:35:39.838068,Complete,657,2,278.58
3367,998,2023-02-15 01:10:09.479745,Complete,762,4,857.92
3368,351,2023-12-31 03:19:44.575561,Incomplete,56,4,198.84
3369,339,2024-03-25 10:56:45.273570,Complete,85,2,667.9
3370,259,2023-10-24 00:17:40.920013,Complete,574,5,1432.9
3371,18,2024-06-18 06:49:28.582731,Complete,1000,1,406.36
3372,744,2023-12-02 22:32:07.362792,Incomplete,733,2,311.38
3373,919,2024-10-04 05:25:32.547776,Incomplete,715,1,190.13
3374,980,2023-06-07 06:58:45.783527,Incomplete,203,2,639.88
3375,404,2024-12-17 16:53:40.409319,Incomplete,540,1,97.13
3376,730,2025-01-09 03:55:10.649426,Incomplete,922,2,438.48
3377,723,2023-02-14 16:18:24.255042,Complete,252,5,374.35
3378,3,2024-05-18 23:51:43.676421,Complete,384,3,1127.76
3379,274,2023-07-12 20:49:51.674847,Complete,247,3,944.52
3380,314,2024-05-29 14:26:20.166610,Incomplete,4,4,1798.28
3381,186,2024-07-19 00:09:33.801622,Complete,110,5,1634.15
3382,925,2023-03-03 23:02:59.702959,Incomplete,584,1,382.98
3383,527,2023-02-12 06:27:17.262434,Incomplete,810,1,79.61
3384,120,2024-08-24 03:02:24.608817,Complete,993,4,888.36
3385,374,2025-01-22 21:42:13.826024,Complete,904,5,2400.75
3386,295,2023-07-17 22:54:10.373165,Incomplete,702,5,1958.7
3387,940,2023-06-28 01:11:36.623139,Complete,974,5,1272.15
3388,240,2023-03-06 03:50:12.867305,Complete,316,2,496.02
3389,490,2024-03-30 16:19:15.307103,Complete,918,1,474.64
3390,727,2023-07-31 13:24:04.031121,Complete,561,3,1006.71
3391,704,2023-09-24 17:14:50.173856,Complete,529,5,2493.9
3392,925,2023-04-20 12:19:07.423093,Incomplete,446,2,510.5
3393,607,2023-04-14 10:30:26.372187,Complete,635,4,1123.2
3394,308,2024-07-09 12:47:00.765158,Incomplete,118,5,866.8
3395,268,2024-12-20 12:56:32.886092,Incomplete,632,3,278.79
3396,211,2023-07-03 22:43:47.510505,Complete,948,4,849.16
3397,593,2023-01-30 00:59:04.840940,Incomplete,955,3,305.19
3398,649,2024-04-21 23:16:54.548311,Complete,616,3,101.88
3399,601,2024-11-22 21:32:02.627384,Complete,27,2,867.76
3400,428,2024-05-01 20:45:50.246487,Incomplete,475,1,391.6
3401,80,2024-03-07 19:08:47.083169,Complete,881,2,931.6
3402,739,2024-11-18 02:48:29.188844,Complete,184,2,438.04
3403,480,2023-06-26 19:10:42.413188,Incomplete,175,1,228.56
3404,578,2023-06-25 06:35:57.868666,Complete,614,5,241.05
3405,862,2024-01-02 16:03:47.964077,Complete,709,1,345.8
3406,688,2023-11-08 19:43:37.962895,Complete,552,5,1176.6
3407,740,2024-06-01 15:03:42.457759,Complete,529,2,97.66
3408,885,2024-01-02 07:08:23.890347,Complete,84,3,471.48
3409,455,2024-09-06 16:40:35.263432,Complete,364,4,1054.0
3410,779,2024-07-21 06:32:01.053684,Complete,463,4,172.36
3411,440,2024-04-29 07:18:39.524500,Incomplete,709,1,335.77
3412,350,2023-04-30 10:30:40.794637,Complete,761,5,971.2
3413,406,2023-04-11 07:47:50.248140,Incomplete,82,5,939.05
3414,568,2023-06-26 09:40:39.652505,Incomplete,260,1,113.02
3415,359,2024-04-13 00:02:22.047557,Incomplete,163,4,461.48
3416,101,2024-02-15 16:41:20.184632,Incomplete,69,4,894.4
3417,448,2023-10-04 09:36:49.122036,Complete,648,4,575.24
3418,257,2024-11-13 02:55:59.967530,Incomplete,539,2,856.44
3419,700,2023-03-30 20:16:26.430346,Complete,357,2,212.74
3420,585,2024-10-16 00:16:09.691958,Incomplete,818,4,1720.4
3421,528,2024-07-18 06:47:47.287879,Incomplete,482,2,976.96
3422,155,2024-09-20 05:46:20.586780,Incomplete,727,4,1915.96
3423,160,2024-04-06 21:24:42.068346,Complete,665,1,305.28
3424,455,2024-01-26 00:16:18.714974,Complete,976,3,1105.14
3425,26,2024-09-21 17:09:57.952039,Incomplete,161,4,905.04
3426,637,2023-07-24 05:37:10.238929,Complete,758,4,1622.6
3427,882,2024-06-26 03:27:17.481344,Complete,731,1,313.0
3428,686,2024-09-10 15:19:37.064135,Incomplete,748,4,962.44
3429,417,2024-03-18 02:10:15.550053,Incomplete,672,4,443.84
3430,656,2023-04-26 06:55:36.469588,Incomplete,771,5,2157.5
3431,186,2024-03-06 04:44:39.015928,Complete,460,5,2059.55
3432,935,2024-05-16 23:47:54.421649,Complete,541,4,207.84
3433,693,2024-10-06 14:03:47.695106,Incomplete,128,5,2341.5
3434,67,2023-05-03 22:43:08.389562,Complete,931,3,1163.49
3435,65,2023-03-29 09:06:03.824511,Complete,856,5,2171.3
3436,924,2024-04-27 17:07:36.779590,Incomplete,481,1,370.72
3437,927,2023-02-24 09:46:32.575728,Complete,335,3,242.7
3438,189,2025-01-27 05:53:27.338394,Complete,71,2,974.6
3439,368,2023-03-13 15:14:49.288539,Complete,230,3,567.69
3440,124,2024-02-05 21:35:53.388441,Incomplete,119,2,772.42
3441,183,2024-03-10 07:57:42.215767,Complete,971,5,319.35
3442,848,2024-06-13 10:36:20.781056,Complete,210,2,569.36
3443,242,2024-11-05 21:03:43.017317,Incomplete,417,2,990.84
3444,876,2024-01-24 08:09:59.397207,Incomplete,63,1,141.04
3445,144,2024-01-31 02:49:46.441714,Complete,809,1,442.02
3446,340,2024-05-21 21:02:31.189374,Complete,129,1,266.27
3447,209,2025-01-05 15:29:37.842019,Incomplete,671,4,857.64
3448,773,2023-09-13 11:58:36.864523,Complete,681,5,131.65
3449,90,2023-10-01 21:45:51.192447,Incomplete,454,1,120.94
3450,587,2023-11-28 07:53:01.555248,Incomplete,128,3,516.09
3451,157,2023-09-15 10:08:35.482110,Complete,760,1,107.05
3452,541,2023-09-28 15:02:32.684060,Complete,130,4,1166.76
3453,321,2024-07-25 13:12:28.653271,Incomplete,669,5,987.8
3454,344,2024-11-11 18:33:21.401023,Complete,711,5,651.7
3455,128,2023-03-21 04:33:25.232817,Complete,185,2,334.18
3456,54,2025-01-25 15:27:41.211544,Incomplete,887,3,91.29
3457,516,2023-07-01 16:27:45.643971,Incomplete,397,5,1042.25
3458,986,2024-05-30 16:18:38.567104,Complete,381,2,371.2
3459,941,2024-04-19 01:20:33.199484,Incomplete,13,3,1487.76
3460,144,2023-04-28 20:27:21.584347,Complete,167,5,1878.3
3461,605,2023-06-04 02:04:18.332435,Incomplete,338,3,781.92
3462,4,2023-03-02 23:43:33.511417,Incomplete,556,4,1950.48
3463,747,2024-12-05 05:17:31.341121,Complete,373,2,24.72
3464,716,2024-06-10 03:27:25.562890,Incomplete,213,2,146.12
3465,992,2024-07-08 05:11:24.840818,Complete,82,2,151.06
3466,48,2024-10-23 00:08:39.843222,Complete,768,1,58.58
3467,241,2023-08-18 13:13:05.871100,Complete,397,1,457.33
3468,157,2024-08-20 23:39:08.759620,Incomplete,681,3,370.23
3469,109,2023-05-05 17:51:15.203407,Incomplete,548,3,778.65
3470,171,2023-03-22 02:00:26.875660,Complete,384,2,327.0
3471,765,2024-06-07 02:16:28.029107,Complete,784,1,359.41
3472,899,2024-03-23 20:41:20.938670,Complete,676,5,931.15
3473,441,2024-10-19 08:03:42.562413,Complete,593,1,173.19
3474,384,2023-06-19 06:24:38.674394,Incomplete,191,5,1279.8
3475,399,2023-03-18 12:20:22.996219,Complete,814,1,257.54
3476,103,2023-07-02 06:08:20.878824,Incomplete,51,2,45.32
3477,445,2024-05-23 23:41:54.715875,Complete,534,1,493.51
3478,212,2024-06-28 05:05:04.689826,Incomplete,674,2,970.52
3479,203,2023-03-29 18:32:48.529225,Incomplete,745,4,1878.08
3480,522,2024-05-23 13:09:00.900052,Complete,763,1,298.21
3481,693,2024-11-12 23:00:58.003756,Complete,683,5,2451.4
3482,586,2023-07-10 08:41:19.790982,Complete,128,1,431.15
3483,382,2024-11-22 11:39:37.380310,Complete,415,5,640.1
3484,812,2024-11-04 06:50:22.690809,Incomplete,613,4,1330.92
3485,318,2024-07-22 17:48:31.798900,Incomplete,217,5,649.65
3486,3,2023-09-25 13:09:12.475552,Incomplete,742,2,387.2
3487,683,2024-02-06 19:08:52.053653,Incomplete,424,1,226.47
3488,980,2023-12-29 19:14:56.917912,Complete,292,2,874.04
3489,198,2023-04-05 01:31:23.010062,Complete,333,4,485.08
3490,805,2023-08-03 12:25:53.624112,Incomplete,778,1,76.04
3491,964,2024-03-30 10:11:54.796338,Incomplete,22,4,503.8
3492,412,2023-07-28 09:37:35.731600,Complete,950,3,123.51
3493,260,2024-01-29 08:46:04.742956,Incomplete,962,1,154.95
3494,109,2023-02-03 04:55:04.326470,Complete,146,3,651.87
3495,83,2023-03-25 19:26:45.117229,Incomplete,174,4,1009.6
3496,362,2023-07-16 20:20:35.466674,Incomplete,19,1,164.52
3497,288,2023-10-01 11:54:05.400235,Incomplete,760,3,732.42
3498,204,2024-01-10 12:53:03.368721,Complete,270,3,343.47
3499,578,2024-10-19 05:59:22.779880,Complete,634,5,982.85
3500,595,2024-11-14 19:38:09.128795,Incomplete,980,3,919.44
3501,379,2023-03-26 03:44:15.394372,Complete,160,2,92.12
3502,118,2023-12-03 03:21:36.773601,Incomplete,354,4,1003.36
3503,55,2024-02-19 12:21:04.217181,Incomplete,202,4,224.08
3504,196,2024-12-01 01:51:51.162933,Incomplete,682,2,872.88
3505,957,2023-03-14 13:51:12.355907,Complete,655,3,15.72
3506,393,2023-08-19 18:03:24.386982,Incomplete,151,4,54.12
3507,34,2023-12-21 20:46:22.678027,Incomplete,939,5,1025.3
3508,82,2024-12-16 02:04:53.543058,Incomplete,190,1,126.86
3509,818,2023-12-28 01:20:08.591946,Incomplete,934,2,339.76
3510,160,2023-03-17 23:23:44.608094,Incomplete,999,1,106.47
3511,955,2024-05-24 10:34:07.658129,Complete,698,1,389.42
3512,685,2025-01-18 10:30:35.361570,Complete,494,5,2412.95
3513,365,2023-12-12 15:59:37.709377,Incomplete,639,2,891.98
3514,242,2023-06-14 21:37:05.884560,Complete,550,4,794.6
3515,281,2023-08-05 22:31:44.129074,Complete,747,5,74.8
3516,5,2023-11-22 16:02:23.311873,Incomplete,456,4,725.12
3517,875,2024-03-20 11:52:00.274889,Incomplete,782,3,103.74
3518,469,2023-09-18 18:29:11.028059,Complete,656,3,1279.5
3519,277,2024-07-18 19:32:50.754482,Complete,710,1,93.16
3520,661,2023-05-23 23:19:39.867473,Incomplete,668,4,236.6
3521,542,2023-04-27 10:07:26.473654,Complete,753,2,967.42
3522,92,2024-07-04 12:24:02.434569,Incomplete,704,5,1694.25
3523,181,2023-07-03 09:13:46.498964,Incomplete,896,4,295.36
3524,207,2025-01-19 19:51:54.859137,Incomplete,895,2,322.88
3525,395,2023-11-08 14:27:19.866762,Incomplete,938,1,8.85
3526,972,2024-09-27 17:13:52.222108,Incomplete,247,2,508.44
3527,397,2024-03-24 12:34:25.069239,Complete,517,5,2157.85
3528,725,2023-05-01 05:14:38.895910,Complete,372,3,688.47
3529,322,2024-02-19 10:24:12.847548,Incomplete,252,2,56.84
3530,888,2024-09-13 23:55:27.176603,Incomplete,351,2,826.18
3531,87,2023-11-29 21:51:41.736122,Incomplete,448,4,1351.8
3532,548,2024-10-13 16:19:17.512616,Incomplete,689,3,687.78
3533,968,2023-03-23 19:14:57.557954,Complete,293,2,193.96
3534,407,2023-05-18 10:32:46.353987,Complete,657,4,1739.08
3535,872,2024-02-02 23:14:42.256346,Incomplete,469,4,1311.12
3536,595,2024-02-18 06:00:23.398038,Incomplete,151,3,1032.9
3537,875,2023-12-03 02:52:01.930340,Complete,820,4,1471.52
3538,854,2023-03-12 03:17:44.759796,Incomplete,966,4,635.04
3539,86,2024-09-14 18:00:27.926111,Complete,635,5,135.45
3540,645,2023-12-08 00:59:01.911597,Incomplete,490,4,1488.76
3541,654,2023-06-19 05:35:09.992109,Incomplete,71,3,493.02
3542,817,2023-06-11 20:28:17.616925,Complete,654,4,1830.48
3543,272,2024-03-05 03:37:38.717292,Incomplete,316,4,25.12
3544,7,2024-05-31 06:18:44.699687,Incomplete,924,1,341.3
3545,78,2024-08-28 02:05:52.901390,Incomplete,819,3,301.11
3546,177,2024-05-16 14:04:24.117207,Incomplete,58,1,386.48
3547,782,2023-02-21 04:17:16.963236,Incomplete,844,2,736.54
3548,174,2023-11-02 01:23:04.141279,Incomplete,45,1,163.25
3549,867,2024-09-13 02:13:30.072474,Complete,77,4,1844.68
3550,789,2023-09-13 05:18:27.369266,Complete,650,5,1702.9
3551,686,2024-01-15 17:03:45.273434,Incomplete,507,5,1217.95
3552,773,2024-05-10 23:31:13.474780,Incomplete,536,3,1077.78
3553,433,2024-11-20 23:25:04.175244,Incomplete,10,5,100.1
3554,527,2023-03-15 15:24:14.897294,Incomplete,316,2,286.64
3555,251,2023-05-02 05:55:48.995707,Complete,860,2,329.64
3556,480,2023-10-12 01:20:44.204086,Incomplete,230,2,353.78
3557,930,2024-10-02 09:52:24.077335,Complete,696,2,855.24
3558,486,2024-07-24 16:47:26.637804,Complete,20,5,2459.2
3559,325,2024-10-25 16:10:43.452906,Complete,480,3,1111.86
3560,974,2023-04-04 00:12:42.466957,Complete,542,1,101.47
3561,81,2024-06-15 15:16:50.826549,Incomplete,806,3,744.12
3562,245,2023-03-20 02:09:02.794732,Complete,705,1,209.59
3563,197,2025-01-19 10:35:54.483639,Complete,603,3,853.47
3564,40,2023-03-14 13:15:50.447130,Complete,624,4,1741.24
3565,588,2023-12-16 02:29:52.386624,Complete,101,2,439.62
3566,297,2023-12-14 18:21:36.507010,Incomplete,230,1,444.83
3567,802,2024-08-15 01:25:37.954960,Complete,504,4,1461.2
3568,113,2024-07-04 07:57:54.268636,Incomplete,123,5,1643.7
3569,434,2025-01-19 08:19:23.692898,Complete,930,5,1115.35
3570,987,2024-04-19 07:51:56.483238,Complete,896,3,527.85
3571,206,2024-05-30 22:55:03.744761,Complete,38,3,906.72
3572,733,2024-08-23 13:25:41.506998,Complete,386,5,1629.65
3573,756,2023-09-21 01:08:46.980956,Incomplete,250,1,129.76
3574,165,2024-03-04 15:27:16.125055,Complete,256,4,254.28
3575,167,2024-02-04 21:33:02.035379,Complete,891,5,929.35
3576,67,2023-08-09 11:24:57.655202,Complete,554,5,1272.3
3577,826,2025-01-12 22:57:11.129972,Incomplete,439,4,1474.32
3578,251,2024-08-07 13:16:53.991618,Complete,181,2,93.36
3579,972,2023-08-10 14:54:39.662863,Incomplete,511,3,1278.57
3580,57,2023-07-24 04:52:15.341545,Complete,354,4,234.88
3581,852,2024-11-09 20:59:27.833580,Complete,511,2,741.58
3582,988,2023-06-16 10:25:02.475989,Complete,517,2,333.68
3583,428,2024-01-13 02:50:38.552173,Complete,1,3,803.04
3584,359,2024-05-15 21:40:46.038363,Incomplete,770,4,309.68
3585,331,2023-05-04 07:25:23.261249,Complete,655,2,440.5
3586,451,2024-10-27 16:26:35.068657,Incomplete,927,3,626.13
3587,688,2024-11-18 14:23:44.915900,Incomplete,889,2,550.36
3588,40,2023-03-08 21:54:17.729221,Complete,783,3,1003.98
3589,200,2023-09-20 09:07:33.495356,Complete,233,5,363.55
3590,675,2024-12-04 17:59:48.714129,Complete,335,2,175.92
3591,104,2024-01-14 01:52:05.057803,Incomplete,999,4,655.64
3592,798,2024-07-15 01:50:01.013318,Complete,850,2,434.08
3593,989,2024-07-04 11:43:28.471587,Incomplete,925,4,1804.12
3594,582,2023-03-13 19:55:50.350845,Incomplete,954,2,645.96
3595,739,2023-05-09 14:44:40.464572,Incomplete,270,2,775.64
3596,677,2024-10-29 13:38:18.600392,Incomplete,104,2,865.38
3597,655,2023-10-29 13:59:43.641606,Complete,625,4,496.72
3598,531,2023-02-03 16:15:34.956530,Incomplete,281,1,139.77
3599,120,2023-09-19 08:22:39.970588,Incomplete,335,3,1140.06
3600,114,2023-04-28 06:31:24.909485,Complete,352,4,1464.0
3601,248,2023-03-07 14:12:44.080038,Incomplete,181,2,605.68
3602,804,2024-12-27 06:05:43.742847,Incomplete,449,1,334.28
3603,295,2024-03-11 20:33:29.178709,Incomplete,956,3,390.39
3604,983,2023-04-17 08:31:07.780218,Incomplete,778,4,1615.52
3605,879,2023-02-26 15:49:02.438159,Complete,803,1,392.34
3606,993,2024-12-02 17:57:32.454654,Complete,569,3,560.46
3607,862,2024-02-07 14:13:23.902104,Complete,233,1,386.82
3608,619,2023-07-04 12:57:28.751326,Incomplete,933,2,468.78
3609,451,2023-04-09 15:09:05.635804,Incomplete,549,1,125.39
3610,339,2023-10-04 00:10:07.541960,Complete,475,3,1363.5
3611,47,2023-06-29 22:28:25.945730,Complete,376,4,1376.12
3612,808,2024-12-03 00:42:38.143461,Complete,752,1,154.67
3613,695,2023-05-20 06:23:31.631350,Incomplete,627,3,216.21
3614,855,2024-01-26 19:57:38.148513,Incomplete,171,5,1649.45
3615,291,2024-07-12 00:25:16.466501,Complete,226,3,673.62
3616,993,2023-07-03 02:00:18.714531,Incomplete,400,5,1495.9
3617,301,2023-11-17 03:48:44.844412,Incomplete,203,1,146.02
3618,679,2024-07-02 19:33:14.171016,Complete,53,1,310.18
3619,852,2023-01-30 01:19:10.360753,Incomplete,597,3,662.97
3620,883,2023-03-11 01:16:59.539244,Incomplete,868,3,484.02
3621,872,2023-11-02 18:51:34.526433,Incomplete,246,1,78.09
3622,45,2023-05-23 05:09:01.032598,Complete,111,4,205.76
3623,724,2024-06-07 10:57:07.041547,Complete,447,2,162.38
3624,534,2023-05-22 03:25:54.878230,Incomplete,775,2,548.12
3625,812,2024-01-09 04:44:30.174758,Incomplete,476,4,1182.24
3626,163,2023-05-26 20:11:21.420496,Incomplete,435,4,1854.0
3627,487,2025-01-18 08:07:09.792246,Complete,303,5,338.4
3628,820,2024-09-14 09:54:08.010467,Incomplete,852,4,1172.64
3629,367,2024-04-13 01:47:26.488211,Incomplete,7,2,671.36
3630,837,2024-01-27 02:58:16.559414,Incomplete,707,4,1667.8
3631,924,2024-09-15 22:29:23.618832,Incomplete,953,2,190.36
3632,239,2024-08-15 14:57:39.528059,Complete,293,1,258.57
3633,839,2024-09-13 05:02:13.189824,Incomplete,979,2,766.96
3634,213,2024-12-07 09:19:45.152335,Complete,796,2,423.16
3635,776,2024-03-19 10:38:18.549087,Incomplete,624,1,261.55
3636,825,2023-04-05 00:31:15.950318,Complete,333,3,1366.23
3637,419,2024-04-23 14:44:22.782879,Incomplete,498,1,375.96
3638,775,2024-05-07 22:44:35.666564,Complete,765,3,993.42
3639,307,2024-03-07 08:11:39.714046,Complete,336,3,1396.68
3640,626,2024-09-22 19:37:01.734634,Incomplete,224,2,841.3
3641,604,2023-04-02 09:12:38.293842,Incomplete,103,1,147.85
3642,314,2024-11-17 10:33:18.914313,Incomplete,88,3,517.47
3643,28,2023-09-06 17:01:14.388405,Complete,891,1,206.49
3644,862,2024-02-09 03:40:52.319680,Complete,49,2,13.08
3645,462,2024-09-02 14:33:21.940130,Incomplete,52,1,92.86
3646,61,2023-09-30 23:19:59.891048,Incomplete,514,4,116.8
3647,317,2024-01-05 05:36:25.976550,Complete,368,5,1136.9
3648,837,2024-06-30 20:09:56.491947,Complete,266,3,1255.35
3649,766,2023-05-29 07:12:14.468322,Complete,911,1,123.68
3650,628,2023-06-27 20:19:23.660369,Complete,724,4,1740.64
3651,109,2023-07-13 08:16:03.421146,Incomplete,409,2,340.12
3652,115,2023-11-18 21:50:20.448778,Complete,361,3,786.81
3653,256,2024-06-09 22:28:38.111814,Incomplete,319,5,556.4
3654,437,2023-09-16 21:20:10.238715,Complete,16,2,908.86
3655,124,2024-07-24 09:43:37.991939,Incomplete,546,2,415.46
3656,341,2024-11-05 00:03:48.911325,Incomplete,64,2,974.26
3657,861,2023-02-01 08:26:28.049668,Incomplete,25,1,486.77
3658,386,2023-02-10 12:36:33.547828,Complete,727,3,1046.49
3659,556,2024-06-14 18:05:09.193102,Incomplete,765,4,1261.56
3660,417,2024-12-24 12:58:14.326914,Complete,528,5,637.4
3661,158,2024-10-01 04:12:45.419315,Incomplete,462,1,60.01
3662,807,2023-11-06 03:51:31.816687,Incomplete,466,1,467.88
3663,812,2023-07-30 15:37:54.025863,Complete,284,3,1460.49
3664,726,2023-09-16 06:17:22.283722,Incomplete,161,5,253.55
3665,520,2024-03-27 10:53:00.420497,Complete,722,1,156.62
3666,840,2023-04-27 23:15:24.466501,Complete,325,4,1388.92
3667,202,2023-06-17 09:04:53.074358,Incomplete,584,4,1919.44
3668,665,2024-01-17 04:45:58.008331,Incomplete,331,1,181.67
3669,434,2024-06-27 03:58:01.526440,Incomplete,164,4,856.8
3670,773,2023-04-29 03:01:52.841678,Complete,589,4,839.12
3671,335,2024-12-08 08:08:16.867639,Incomplete,394,2,178.56
3672,912,2024-07-01 04:50:23.783846,Incomplete,389,1,390.15
3673,972,2023-08-18 19:24:47.013450,Incomplete,356,1,256.31
3674,218,2023-10-10 08:58:24.008457,Complete,161,1,320.96
3675,595,2024-01-15 03:06:07.885313,Complete,277,1,49.04
3676,44,2023-05-15 14:59:44.439613,Incomplete,85,1,131.4
3677,680,2023-04-15 05:02:16.039974,Complete,947,4,1580.52
3678,44,2024-11-24 09:34:29.404077,Complete,249,1,404.08
3679,269,2023-06-27 09:36:07.433796,Complete,912,2,381.18
3680,455,2024-02-04 18:46:37.102738,Incomplete,696,5,2331.05
3681,989,2025-01-07 23:26:46.346857,Complete,519,5,2219.8
3682,157,2024-04-13 15:59:29.299588,Complete,517,1,69.31
3683,835,2023-08-05 17:59:51.791161,Complete,909,5,1093.25
3684,212,2024-04-05 05:23:14.008522,Complete,468,1,40.69
3685,218,2023-02-13 07:35:42.350667,Incomplete,720,2,220.78
3686,683,2024-07-08 05:55:34.525367,Incomplete,724,1,136.03
3687,431,2023-10-01 19:36:01.478492,Incomplete,770,2,496.52
3688,434,2023-12-14 08:24:35.802990,Incomplete,163,1,466.11
3689,681,2024-06-10 03:42:57.307020,Incomplete,838,5,1215.85
3690,222,2024-05-26 07:01:58.797178,Complete,191,4,1969.44
3691,12,2025-01-10 18:41:01.408448,Complete,38,1,375.3
3692,114,2024-05-04 21:15:02.231122,Complete,698,5,2062.55
3693,126,2024-09-17 01:47:14.281052,Incomplete,299,1,337.39
3694,531,2023-12-01 21:29:27.800326,Incomplete,681,2,641.44
3695,580,2024-03-16 16:23:09.971046,Incomplete,364,3,1487.19
3696,97,2024-03-13 21:41:44.342071,Incomplete,353,4,1333.04
3697,341,2023-12-12 12:46:52.985132,Incomplete,775,1,57.34
3698,977,2023-12-03 13:01:34.342981,Incomplete,198,4,1917.96
3699,183,2023-08-14 16:28:47.602645,Incomplete,128,2,813.3
3700,564,2023-12-09 08:11:57.271508,Complete,296,1,92.52
3701,692,2024-12-29 15:47:51.029194,Complete,697,4,159.28
3702,813,2024-06-08 08:39:53.589720,Complete,794,3,627.03
3703,674,2024-03-05 12:49:43.726023,Incomplete,404,3,19.14
3704,182,2024-10-14 11:51:50.492475,Incomplete,899,4,162.64
3705,944,2023-03-20 03:58:49.009666,Complete,493,2,412.8
3706,380,2025-01-25 10:02:28.076281,Complete,41,4,786.72
3707,393,2024-11-26 16:10:18.596560,Complete,512,2,152.92
3708,851,2023-11-08 17:53:13.969466,Complete,455,1,387.48
3709,301,2023-09-03 04:16:08.705878,Incomplete,647,1,264.01
3710,261,2023-02-23 20:21:11.285493,Incomplete,298,5,861.05
3711,480,2023-07-28 13:00:13.621554,Incomplete,291,4,692.04
3712,217,2023-08-23 02:51:36.771550,Complete,389,3,1446.72
3713,503,2023-10-19 11:08:00.065548,Complete,316,3,750.78
3714,616,2023-09-08 09:38:54.260955,Complete,705,2,892.38
3715,757,2024-04-16 05:57:10.533923,Complete,259,4,182.52
3716,541,2024-11-19 02:07:18.146443,Complete,350,4,959.88
3717,436,2024-07-09 05:23:47.706535,Incomplete,790,1,170.37
3718,739,2024-11-19 14:31:27.944003,Complete,82,3,156.27
3719,846,2024-03-29 17:46:17.400150,Incomplete,754,1,66.62
3720,106,2024-12-06 19:27:59.180215,Complete,587,2,127.32
3721,307,2023-03-02 17:45:14.986043,Incomplete,675,3,868.65
3722,584,2023-04-06 08:24:19.020200,Incomplete,331,3,649.95
3723,815,2024-12-31 16:23:03.400309,Complete,818,4,352.84
3724,331,2024-09-06 16:24:44.140554,Incomplete,600,2,973.84
3725,746,2024-02-14 18:28:30.941005,Complete,323,4,469.16
3726,557,2024-08-18 20:33:07.180938,Incomplete,699,2,49.34
3727,435,2023-02-01 22:50:24.572410,Incomplete,308,5,1228.5
3728,976,2023-10-19 14:47:47.818884,Incomplete,192,2,755.56
3729,645,2024-09-27 18:06:13.886243,Incomplete,379,3,744.84
3730,238,2024-09-10 22:24:08.569790,Complete,16,5,587.05
3731,674,2023-11-22 01:14:05.455922,Complete,905,5,367.25
3732,149,2024-03-20 07:09:31.279337,Complete,171,3,800.46
3733,92,2023-11-28 08:13:44.003037,Complete,87,2,100.44
3734,907,2024-01-07 02:09:16.643910,Complete,394,3,607.71
3735,608,2024-04-30 21:42:09.190215,Complete,990,3,498.21
3736,708,2023-06-25 13:45:17.635370,Complete,925,1,45.54
3737,855,2024-10-31 01:20:27.461311,Incomplete,676,4,1559.12
3738,96,2023-05-05 17:37:07.727409,Complete,248,1,201.66
3739,469,2024-12-19 03:31:19.740190,Incomplete,337,3,432.6
3740,979,2024-09-14 04:26:52.234748,Incomplete,85,1,236.48
3741,640,2023-11-13 08:16:25.460876,Complete,346,4,1368.36
3742,3,2024-12-11 01:56:16.988297,Complete,654,1,95.09
3743,371,2024-09-04 23:04:26.931486,Incomplete,925,2,211.74
3744,332,2024-05-25 09:59:45.734133,Complete,533,4,1525.44
3745,705,2023-04-12 20:00:25.829079,Incomplete,887,3,126.81
3746,115,2024-02-24 23:20:44.523784,Complete,902,1,259.12
3747,225,2023-12-18 21:31:12.635120,Complete,630,2,694.58
3748,664,2024-05-05 15:43:45.526796,Incomplete,136,1,475.27
3749,12,2024-07-08 22:05:07.849843,Complete,438,3,654.99
3750,836,2024-07-23 20:19:29.913206,Complete,600,2,796.3
3751,361,2024-09-01 14:22:52.179988,Complete,779,1,26.41
3752,992,2023-05-18 07:12:26.294736,Complete,203,5,1171.2
3753,909,2023-03-02 02:27:01.589827,Complete,497,1,440.97
3754,866,2023-07-27 16:12:34.921612,Incomplete,825,5,1896.0
3755,90,2023-04-17 10:05:28.560594,Incomplete,161,2,315.3
3756,967,2023-03-21 17:16:34.262781,Incomplete,302,4,1994.68
3757,724,2023-10-12 19:26:08.687988,Incomplete,298,2,819.28
3758,91,2024-08-22 21:39:40.542222,Incomplete,125,2,72.78
3759,416,2024-05-13 19:12:20.421034,Complete,623,5,487.35
3760,572,2024-09-18 08:06:59.846435,Incomplete,63,2,399.38
3761,140,2024-11-23 05:02:47.323031,Complete,297,2,314.12
3762,587,2023-09-10 01:58:37.932388,Complete,103,3,698.25
3763,463,2025-01-11 05:58:26.805207,Complete,453,2,794.9
3764,305,2023-02-16 09:56:26.425730,Incomplete,736,1,397.48
3765,147,2024-04-26 08:28:04.561470,Complete,829,5,2080.65
3766,36,2024-05-17 23:25:15.139257,Incomplete,202,1,45.43
3767,762,2024-09-23 22:48:23.841627,Incomplete,771,5,687.85
3768,997,2024-06-25 17:25:32.995142,Complete,918,3,629.13
3769,710,2023-04-24 08:16:46.461219,Incomplete,642,5,2166.4
3770,653,2024-05-20 09:04:38.211239,Complete,480,2,748.26
3771,289,2024-04-18 01:49:27.276050,Incomplete,289,3,520.71
3772,652,2023-08-14 04:00:43.049915,Complete,944,3,72.3
3773,462,2023-02-24 23:23:54.107781,Complete,674,5,1015.25
3774,93,2023-03-13 06:08:30.674843,Complete,897,4,519.28
3775,268,2024-01-17 00:28:37.305352,Incomplete,839,5,2110.5
3776,103,2024-08-15 16:22:52.264938,Complete,557,1,414.56
3777,397,2023-10-19 13:21:36.910743,Incomplete,551,5,691.4
3778,251,2024-03-02 23:38:57.950587,Incomplete,53,3,479.85
3779,75,2024-12-06 04:01:36.986863,Complete,376,2,907.74
3780,478,2024-08-13 14:19:24.519191,Incomplete,59,1,154.78
3781,159,2023-02-10 03:55:19.691920,Complete,697,2,633.36
3782,32,2023-03-05 19:56:25.858498,Complete,755,3,387.33
3783,717,2023-09-26 03:35:30.994848,Complete,525,4,1299.68
3784,393,2024-05-15 03:33:34.144151,Complete,83,1,303.62
3785,364,2023-11-09 18:02:05.121371,Incomplete,202,4,1865.04
3786,463,2025-01-25 15:33:14.048033,Incomplete,769,5,1367.2
3787,806,2023-11-17 04:24:32.991499,Incomplete,735,1,339.18
3788,30,2024-04-07 03:38:08.341010,Incomplete,399,4,712.2
3789,833,2023-02-03 01:13:52.329149,Complete,281,2,760.78
3790,630,2024-10-04 14:45:28.389533,Incomplete,836,4,1554.64
3791,89,2023-03-17 21:45:35.734484,Incomplete,107,1,172.82
3792,504,2024-04-11 16:46:33.154669,Complete,869,4,1957.24
3793,433,2024-10-02 23:58:59.046453,Complete,224,5,1497.85
3794,531,2023-06-18 08:21:43.474533,Complete,790,2,397.66
3795,219,2024-10-31 18:30:45.485759,Complete,226,5,510.55
3796,344,2024-12-21 09:54:28.479461,Complete,156,3,54.93
3797,298,2024-02-22 18:40:06.122067,Incomplete,212,5,52.3
3798,24,2023-08-08 10:57:48.340668,Incomplete,939,3,349.68
3799,373,2024-04-09 02:05:40.568172,Complete,944,3,1160.16
3800,217,2024-02-27 14:34:25.316824,Complete,123,1,306.49
3801,816,2023-02-12 04:19:48.791399,Complete,729,1,162.0
3802,482,2023-11-29 22:41:06.792825,Complete,275,2,427.5
3803,773,2023-02-07 21:52:23.599590,Complete,192,1,213.17
3804,592,2024-09-10 10:46:30.539534,Complete,526,2,387.3
3805,561,2024-04-20 06:52:32.943651,Incomplete,702,5,393.5
3806,79,2024-10-01 00:17:14.034534,Complete,231,1,28.6
3807,999,2023-05-17 17:36:12.331537,Incomplete,919,5,2229.15
3808,508,2023-09-04 08:58:56.617942,Complete,633,3,569.97
3809,415,2024-12-21 11:05:05.548491,Incomplete,661,3,176.1
3810,922,2024-07-01 05:22:43.604493,Complete,943,5,2312.15
3811,859,2024-11-03 05:08:38.808273,Complete,759,4,1230.92
3812,622,2024-09-04 03:17:36.253076,Incomplete,793,1,324.12
3813,900,2023-05-17 14:30:36.929061,Incomplete,256,3,534.78
3814,968,2024-11-11 12:36:29.431779,Complete,257,4,1281.04
3815,792,2024-05-15 16:55:38.621696,Complete,122,5,1140.85
3816,678,2025-01-22 08:41:31.232210,Complete,382,3,1107.42
3817,526,2024-06-08 23:31:44.472126,Incomplete,425,3,430.62
3818,909,2023-12-27 10:29:03.987672,Complete,769,1,436.39
3819,758,2024-06-26 13:16:21.607300,Incomplete,388,1,380.66
3820,427,2024-12-19 13:25:01.917266,Complete,647,5,623.95
3821,237,2024-10-13 08:48:53.434000,Incomplete,70,1,315.69
3822,583,2024-05-12 02:23:57.681371,Complete,310,1,301.23
3823,722,2023-06-20 08:34:31.330637,Incomplete,850,4,677.88
3824,105,2024-11-23 10:21:44.909586,Incomplete,178,1,482.53
3825,655,2024-03-30 18:48:12.099109,Incomplete,672,4,999.72
3826,543,2023-04-23 17:39:05.624900,Incomplete,20,3,1182.09
3827,71,2023-05-27 02:40:44.572691,Incomplete,613,5,1235.15
3828,136,2024-11-07 09:57:10.554644,Complete,469,4,840.24
3829,481,2024-12-18 22:37:03.418164,Incomplete,558,4,1690.12
3830,878,2023-07-28 19:17:26.412037,Incomplete,876,2,833.86
3831,546,2023-02-06 01:44:36.232397,Complete,371,1,11.2
3832,730,2024-10-06 06:30:37.053003,Complete,77,2,218.42
3833,769,2024-12-18 17:08:52.059214,Incomplete,271,5,722.15
3834,129,2024-09-09 14:43:18.109611,Incomplete,3,3,381.6
3835,922,2024-02-17 19:28:06.093701,Complete,639,4,1024.36
3836,364,2024-06-09 22:24:47.456311,Incomplete,66,1,265.5
3837,9,2023-12-05 16:07:42.251620,Complete,612,4,925.28
3838,649,2023-09-16 02:49:36.780733,Incomplete,584,3,472.23
3839,134,2024-07-22 03:09:03.227528,Complete,66,2,92.38
3840,679,2023-07-15 19:58:41.242368,Complete,38,1,26.73
3841,570,2024-04-02 02:51:52.819199,Complete,614,2,130.12
3842,761,2023-08-10 10:48:53.474401,Complete,903,2,45.88
3843,669,2024-07-18 19:44:58.852425,Complete,250,5,594.15
3844,645,2024-11-12 02:05:05.956615,Complete,218,1,151.88
3845,541,2024-12-04 22:02:54.283350,Complete,907,4,1102.72
3846,987,2023-07-14 11:41:28.692185,Complete,868,2,946.96
3847,86,2023-06-26 19:54:58.397218,Complete,448,3,1030.29
3848,190,2023-06-14 14:38:55.546672,Incomplete,916,2,706.92
3849,69,2024-10-01 22:40:50.944785,Complete,774,2,717.52
3850,357,2023-04-21 20:49:48.142676,Incomplete,481,2,240.96
3851,850,2023-09-12 00:35:37.551726,Incomplete,734,4,1488.56
3852,587,2024-06-27 11:15:53.932614,Incomplete,611,2,784.98
3853,2,2024-12-05 06:41:19.113935,Complete,576,2,236.6
3854,68,2023-06-19 05:06:54.604063,Incomplete,594,3,39.27
3855,850,2023-12-17 12:55:50.111921,Complete,598,1,396.53
3856,489,2024-12-02 05:37:45.993435,Incomplete,479,4,644.92
3857,486,2023-07-13 13:59:36.328871,Complete,15,5,1317.2
3858,378,2023-12-16 23:47:06.806970,Complete,184,1,356.64
3859,808,2023-07-20 14:42:58.641032,Complete,881,1,156.98
3860,807,2024-06-24 05:13:37.796859,Incomplete,872,3,745.47
3861,581,2024-05-09 21:11:12.722666,Incomplete,251,2,839.82
3862,797,2023-04-14 06:58:05.120760,Complete,987,5,2420.8
3863,595,2024-06-05 13:23:24.437290,Incomplete,707,3,1227.99
3864,872,2023-03-11 23:38:17.935077,Incomplete,428,4,223.12
3865,725,2023-09-17 14:30:08.670973,Complete,894,5,641.1
3866,5,2023-10-06 13:22:13.620400,Incomplete,488,3,125.01
3867,450,2023-06-29 00:02:10.481983,Complete,505,2,234.62
3868,560,2025-01-04 00:08:01.992849,Incomplete,476,2,527.2
3869,233,2024-04-23 08:05:07.660125,Incomplete,746,4,1817.72
3870,853,2024-08-26 17:44:28.358076,Complete,355,1,313.21
3871,189,2023-12-11 21:05:14.599835,Incomplete,862,2,138.8
3872,220,2024-02-24 12:18:16.920119,Incomplete,855,4,1132.96
3873,393,2024-08-12 19:05:43.259890,Incomplete,241,1,281.03
3874,843,2023-11-20 00:09:37.565738,Incomplete,385,1,197.38
3875,451,2024-04-26 15:59:28.330129,Complete,652,1,243.58
3876,841,2024-11-03 12:50:51.905585,Incomplete,480,1,114.51
3877,769,2024-05-29 17:34:11.594539,Incomplete,831,1,112.8
3878,115,2023-08-10 18:39:36.177891,Incomplete,924,2,410.08
3879,734,2023-07-19 01:50:43.235124,Complete,962,5,2271.85
3880,106,2024-12-09 05:06:39.755666,Incomplete,169,2,903.14
3881,174,2024-12-28 14:31:45.115019,Incomplete,689,1,373.38
3882,616,2023-10-10 04:17:28.167596,Incomplete,345,1,390.88
3883,940,2023-04-11 17:12:33.536383,Complete,635,3,301.11
3884,626,2024-09-02 08:14:35.819160,Incomplete,165,1,183.65
3885,782,2023-12-01 13:11:05.852871,Incomplete,871,3,1056.03
3886,4,2024-10-01 00:29:41.780648,Complete,521,5,278.65
3887,568,2023-06-12 21:19:59.792223,Complete,24,3,593.55
3888,241,2023-05-16 04:08:50.791157,Complete,55,1,245.77
3889,329,2024-04-21 02:33:01.253162,Complete,167,5,67.95
3890,85,2023-06-03 16:31:39.471245,Complete,488,4,997.52
3891,339,2024-11-29 02:34:50.863833,Incomplete,715,3,995.85
3892,893,2024-05-05 22:03:47.954566,Complete,851,4,1582.16
3893,595,2024-09-24 10:24:31.483304,Complete,512,5,1807.15
3894,781,2024-09-22 09:40:06.582237,Complete,303,4,1315.0
3895,778,2023-07-18 10:39:56.477042,Incomplete,717,5,615.9
3896,503,2023-02-11 21:30:21.531237,Complete,383,5,1020.5
3897,368,2024-12-17 01:49:04.259229,Incomplete,531,3,24.21
3898,826,2024-09-16 06:29:49.711743,Incomplete,748,2,138.96
3899,102,2025-01-10 02:53:01.770073,Incomplete,487,3,855.45
3900,644,2023-05-13 19:05:53.760310,Incomplete,333,4,1993.72
3901,321,2024-06-21 15:06:12.935418,Incomplete,338,3,17.46
3902,880,2023-01-30 21:00:30.400075,Complete,472,1,472.81
3903,415,2024-08-30 21:20:26.768554,Complete,142,5,1804.25
3904,199,2023-03-14 00:34:36.709181,Complete,597,2,603.8
3905,53,2023-06-20 00:48:11.513094,Complete,904,2,112.3
3906,909,2023-05-28 00:03:03.378269,Incomplete,317,3,1438.29
3907,159,2024-12-22 04:40:35.874896,Incomplete,351,5,1733.9
3908,328,2025-01-09 15:57:38.226735,Complete,152,1,484.28
3909,575,2024-01-23 18:05:03.301850,Incomplete,162,3,911.22
3910,550,2023-02-20 15:54:45.140826,Incomplete,588,5,2267.3
3911,44,2024-06-27 04:18:05.469821,Complete,520,1,361.22
3912,436,2024-07-08 22:27:36.392170,Incomplete,366,5,651.3
3913,343,2023-04-29 02:01:11.306954,Complete,856,1,329.03
3914,44,2024-07-14 23:26:00.430815,Complete,938,2,720.26
3915,805,2023-07-19 11:54:07.235238,Complete,664,1,95.02
3916,349,2023-11-11 09:27:46.342962,Complete,723,1,156.81
3917,855,2023-11-12 03:01:08.027807,Incomplete,579,1,240.0
3918,235,2024-05-23 03:55:33.323906,Complete,800,4,1964.92
3919,936,2024-02-16 04:07:20.517575,Complete,307,2,730.04
3920,285,2024-09-02 05:51:28.543842,Complete,511,4,703.76
3921,445,2024-02-22 11:57:34.150704,Incomplete,722,4,1279.8
3922,502,2024-06-25 06:52:57.964541,Incomplete,691,2,108.42
3923,310,2024-07-07 16:11:23.642777,Incomplete,958,2,329.3
3924,526,2023-07-24 04:44:21.953522,Complete,179,2,173.06
3925,348,2023-09-25 19:19:23.111803,Complete,490,3,731.37
3926,474,2023-08-12 05:56:29.315776,Incomplete,279,2,315.68
3927,455,2023-02-17 09:50:32.093751,Complete,332,5,2119.25
3928,649,2023-08-20 17:31:35.857864,Complete,54,4,167.12
3929,674,2024-07-27 12:30:23.398369,Incomplete,420,2,989.6
3930,120,2024-02-22 14:53:21.677128,Incomplete,402,2,473.76
3931,424,2024-06-08 00:39:17.656165,Incomplete,35,2,758.46
3932,106,2023-04-30 01:37:48.857078,Incomplete,273,1,309.23
3933,31,2024-04-22 11:59:30.355731,Incomplete,700,1,463.43
3934,903,2024-10-10 19:09:49.405630,Incomplete,29,2,23.52
3935,484,2024-08-04 12:11:21.164426,Incomplete,629,2,604.84
3936,791,2024-02-18 19:52:48.000042,Complete,394,1,417.63
3937,896,2023-02-17 11:05:37.149584,Complete,32,5,1347.85
3938,170,2023-07-08 18:56:36.622985,Incomplete,90,2,36.22
3939,964,2024-07-24 13:24:28.192262,Incomplete,131,4,925.0
3940,130,2023-05-04 08:53:47.478603,Incomplete,857,2,580.66
3941,825,2023-11-26 05:42:53.126196,Complete,805,3,784.38
3942,1000,2024-12-04 17:02:02.984464,Complete,97,3,958.29
3943,712,2023-02-12 02:58:35.580764,Incomplete,976,5,1941.25
3944,962,2024-04-02 20:22:42.892970,Incomplete,967,2,233.62
3945,76,2024-05-19 07:35:13.536153,Incomplete,685,2,975.82
3946,466,2024-10-06 15:18:35.142326,Complete,24,4,440.0
3947,653,2024-07-26 22:04:51.583994,Complete,117,5,1386.95
3948,818,2024-05-18 20:14:29.745231,Complete,384,1,295.08
3949,621,2023-05-19 15:38:22.504802,Complete,458,3,701.73
3950,253,2023-10-06 14:50:54.181773,Complete,102,4,1671.48
3951,699,2023-12-15 14:22:22.189582,Complete,246,2,58.9
3952,486,2024-04-21 03:33:00.316418,Complete,993,4,194.92
3953,894,2023-06-11 02:14:22.594306,Complete,690,4,75.2
3954,756,2023-09-20 07:45:09.941992,Incomplete,829,4,743.64
3955,142,2024-07-20 16:44:11.814335,Complete,678,5,1446.3
3956,511,2024-12-06 10:13:37.886073,Incomplete,876,5,648.8
3957,892,2024-02-07 05:18:05.542738,Complete,453,1,168.31
3958,811,2024-04-06 11:33:01.126262,Complete,47,5,2333.7
3959,88,2023-09-22 21:33:05.179176,Incomplete,947,1,154.75
3960,579,2023-09-30 21:00:32.600891,Complete,279,1,187.45
3961,114,2024-03-01 06:26:07.969040,Complete,676,4,181.68
3962,551,2024-03-18 02:57:44.116561,Complete,887,1,277.56
3963,295,2024-08-05 22:21:04.840651,Complete,985,5,1166.35
3964,854,2023-12-29 20:46:41.626493,Complete,304,5,608.05
3965,239,2024-03-15 17:18:17.470768,Incomplete,60,2,45.76
3966,809,2023-12-01 03:02:11.603230,Incomplete,26,5,212.3
3967,766,2025-01-08 16:58:02.604717,Complete,771,4,391.08
3968,276,2024-07-09 14:56:32.338679,Incomplete,719,3,969.96
3969,699,2024-10-12 05:08:12.368698,Incomplete,34,4,1339.48
3970,162,2024-02-16 20:05:27.317720,Complete,360,5,171.85
3971,82,2023-05-23 13:15:52.406779,Complete,376,4,365.68
3972,606,2024-03-30 10:35:24.462049,Complete,656,3,1299.24
3973,21,2024-01-11 17:50:54.988873,Complete,319,5,398.6
3974,71,2024-12-09 00:58:27.573591,Complete,874,4,1120.8
3975,449,2023-08-20 07:21:23.088907,Complete,595,1,483.36
3976,512,2023-07-19 18:45:50.100852,Incomplete,611,4,217.88
3977,279,2023-10-19 02:27:43.455508,Complete,371,3,329.04
3978,638,2024-12-07 22:40:50.293013,Incomplete,316,1,355.38
3979,768,2024-10-06 12:26:45.653444,Incomplete,539,3,411.75
3980,428,2023-07-17 07:03:18.904469,Incomplete,426,2,849.68
3981,553,2024-05-20 07:34:44.740617,Complete,772,2,58.38
3982,806,2023-04-13 20:48:06.664591,Complete,182,2,608.24
3983,399,2024-06-13 19:11:15.110770,Complete,86,1,191.48
3984,644,2023-10-02 11:50:05.316758,Incomplete,51,2,27.94
3985,528,2023-10-26 23:58:46.798743,Incomplete,560,4,867.88
3986,575,2024-05-05 07:03:05.249955,Incomplete,26,3,882.69
3987,694,2023-08-29 16:22:36.937125,Incomplete,126,2,640.5
3988,583,2023-10-08 23:52:01.411373,Incomplete,807,4,1863.92
3989,190,2023-07-13 02:17:43.630614,Incomplete,664,5,507.6
3990,492,2024-04-30 18:19:14.907269,Incomplete,574,4,467.56
3991,247,2023-03-31 10:16:02.115020,Complete,261,5,976.15
3992,512,2024-08-08 10:43:03.220440,Complete,37,2,503.72
3993,911,2023-08-11 22:25:55.762219,Incomplete,705,3,939.78
3994,685,2024-06-08 04:41:53.285343,Incomplete,997,1,431.43
3995,980,2024-03-25 21:27:43.367619,Incomplete,552,4,369.76
3996,161,2023-08-22 06:04:24.542646,Complete,374,3,48.69
3997,632,2024-03-22 22:58:38.838998,Complete,290,1,101.25
3998,820,2024-01-20 16:19:56.571806,Complete,23,3,1429.5
3999,58,2023-12-20 17:19:15.222109,Complete,168,2,904.46
4000,732,2024-08-23 00:03:06.563796,Incomplete,26,5,831.45
4001,367,2023-10-26 16:57:28.965968,Incomplete,831,1,69.15
4002,703,2024-03-17 05:48:26.168038,Incomplete,78,2,476.06
4003,798,2023-12-23 11:10:44.714852,Incomplete,34,4,1005.36
4004,460,2023-11-18 11:25:26.773719,Complete,861,2,444.14
4005,785,2024-08-02 12:01:54.670043,Complete,656,3,781.53
4006,285,2023-09-23 04:31:52.719835,Incomplete,187,4,641.48
4007,172,2023-11-09 00:52:00.114676,Incomplete,639,5,1883.6
4008,157,2023-01-29 07:58:41.368937,Complete,68,2,966.12
4009,885,2025-01-01 19:05:43.059177,Complete,342,5,2371.85
4010,23,2023-11-25 10:59:49.784314,Incomplete,897,5,197.65
4011,169,2024-07-10 06:42:15.053158,Incomplete,647,1,425.29
4012,200,2025-01-19 12:28:35.477047,Complete,708,5,1376.4
4013,547,2024-05-18 07:57:27.331544,Incomplete,238,3,1122.27
4014,248,2023-06-21 09:50:06.026621,Complete,382,1,239.57
4015,715,2023-01-30 07:02:35.946394,Complete,798,3,543.66
4016,5,2023-07-08 03:11:26.642226,Complete,542,4,974.24
4017,983,2024-01-11 19:48:29.148171,Incomplete,135,4,1216.84
4018,106,2023-03-21 05:45:22.960557,Complete,696,4,571.88
4019,840,2024-08-29 13:40:14.087546,Incomplete,20,5,1397.25
4020,944,2023-02-05 00:57:27.088948,Complete,983,2,388.52
4021,988,2024-05-14 10:23:13.218149,Complete,222,1,425.49
4022,674,2024-05-27 01:42:10.795373,Incomplete,193,5,1971.3
4023,645,2023-08-23 22:04:06.671715,Complete,620,3,157.83
4024,697,2023-10-19 21:20:25.996359,Complete,627,3,336.42
4025,648,2024-05-01 09:21:55.391266,Incomplete,801,3,310.92
4026,860,2023-12-19 11:10:37.493586,Incomplete,996,2,754.1
4027,246,2024-01-30 07:23:40.920964,Complete,48,5,1033.1
4028,822,2024-04-29 22:17:40.675060,Incomplete,328,5,1092.9
4029,236,2023-09-04 01:55:24.345305,Incomplete,163,1,276.19
4030,374,2023-05-17 19:17:32.760343,Incomplete,766,5,954.15
4031,631,2024-10-19 08:29:18.549133,Complete,196,2,269.08
4032,549,2024-06-28 16:45:18.117600,Incomplete,12,5,1132.55
4033,586,2023-10-27 21:00:31.520169,Incomplete,821,3,1058.82
4034,873,2024-03-27 03:06:49.996069,Complete,26,2,705.28
4035,372,2023-10-05 19:40:58.926827,Complete,327,4,1835.96
4036,732,2023-06-10 22:53:49.249567,Complete,169,1,457.25
4037,791,2023-12-23 23:29:23.574516,Complete,62,1,111.0
4038,960,2024-05-06 00:20:27.271015,Complete,138,4,763.88
4039,316,2024-01-23 20:27:28.767438,Incomplete,919,5,141.6
4040,553,2025-01-13 12:27:41.616765,Incomplete,109,1,399.71
4041,916,2023-02-15 18:45:16.208215,Complete,763,2,538.08
4042,560,2023-04-15 15:37:52.576498,Complete,149,3,1101.18
4043,959,2023-03-14 03:32:04.838821,Complete,60,5,1162.05
4044,214,2024-09-05 04:35:35.211277,Incomplete,841,2,521.86
4045,726,2024-01-18 17:22:22.470161,Incomplete,750,4,114.12
4046,843,2024-03-02 01:44:00.841066,Incomplete,881,4,1832.96
4047,818,2024-06-24 17:52:17.926242,Complete,240,5,1587.8
4048,998,2024-01-22 07:50:39.611464,Complete,481,1,422.24
4049,87,2024-10-23 13:27:46.143794,Complete,706,4,900.44
4050,552,2023-10-30 19:45:03.847665,Incomplete,125,1,17.84
4051,447,2024-04-22 09:42:49.916877,Complete,3,5,1773.8
4052,177,2024-04-25 17:01:45.428525,Incomplete,174,1,10.8
4053,915,2024-01-13 18:26:01.147651,Complete,581,2,891.68
4054,870,2023-11-13 19:32:40.096352,Incomplete,993,2,879.64
4055,932,2024-04-18 01:12:01.337443,Complete,533,3,386.13
4056,968,2024-11-05 08:34:25.439641,Incomplete,831,4,707.56
4057,835,2024-10-16 10:41:02.657402,Incomplete,216,1,89.1
4058,224,2024-03-11 01:53:07.553326,Complete,754,4,1709.52
4059,71,2024-09-09 03:28:46.522263,Complete,353,2,307.18
4060,127,2023-11-27 04:40:39.777194,Complete,350,3,317.4
4061,313,2023-12-08 08:36:42.820076,Complete,728,2,465.74
4062,467,2024-03-12 03:40:55.085065,Complete,278,4,1713.88
4063,267,2024-09-22 06:41:07.008024,Complete,196,4,1123.88
4064,534,2024-11-01 06:26:02.873059,Incomplete,369,5,1932.6
4065,861,2024-05-08 18:17:41.956028,Complete,583,3,890.67
4066,102,2024-03-17 19:55:34.712402,Complete,771,1,68.61
4067,803,2023-08-09 11:53:25.136411,Incomplete,301,1,101.49
4068,914,2023-02-06 05:30:45.737108,Incomplete,62,3,552.54
4069,552,2024-05-19 18:09:34.133553,Incomplete,731,4,1363.24
4070,227,2024-03-30 09:23:03.802283,Complete,401,1,116.19
4071,254,2023-05-17 13:08:40.680021,Incomplete,554,4,858.56
4072,829,2024-07-18 19:18:08.767244,Incomplete,574,4,830.0
4073,56,2024-03-09 04:46:47.151599,Incomplete,199,4,1624.0
4074,703,2023-03-01 05:55:20.290031,Complete,96,3,622.35
4075,104,2024-05-29 16:48:10.567151,Complete,776,4,1457.36
4076,278,2024-09-16 09:30:17.118320,Incomplete,512,2,368.26
4077,25,2024-02-29 19:48:51.222715,Complete,700,3,674.22
4078,752,2024-09-16 18:55:58.154037,Incomplete,883,5,196.2
4079,332,2024-02-06 00:33:38.021054,Incomplete,927,2,191.8
4080,543,2023-05-04 23:08:31.461182,Incomplete,368,5,2476.5
4081,295,2023-08-10 10:17:34.301597,Incomplete,546,2,844.84
4082,283,2023-08-08 13:08:46.035815,Complete,278,4,1654.88
4083,455,2024-05-27 00:02:45.964158,Incomplete,666,5,2096.95
4084,974,2023-11-03 23:36:43.739886,Complete,573,1,146.06
4085,764,2024-08-08 10:17:16.173429,Complete,799,1,46.2
4086,602,2023-06-23 01:48:00.242970,Incomplete,271,5,382.5
4087,446,2023-04-02 19:24:06.099039,Incomplete,998,3,602.46
4088,585,2024-07-12 15:15:34.557065,Incomplete,759,3,998.4
4089,105,2024-01-28 12:18:50.855339,Incomplete,484,5,2444.3
4090,151,2023-06-04 03:49:44.019555,Incomplete,174,3,714.24
4091,312,2023-11-23 02:19:44.294564,Incomplete,492,3,284.7
4092,817,2024-09-28 08:01:42.404565,Complete,728,5,2472.0
4093,623,2023-09-24 20:52:00.253483,Incomplete,50,2,796.16
4094,402,2023-06-30 23:40:44.228393,Incomplete,270,4,1520.6
4095,677,2023-06-16 19:56:54.514548,Incomplete,945,1,387.08
4096,933,2025-01-19 20:47:24.693038,Incomplete,366,4,912.44
4097,352,2024-11-09 15:46:29.575400,Incomplete,590,5,1523.4
4098,287,2023-08-19 13:03:02.478768,Incomplete,511,1,234.2
4099,841,2023-10-28 22:31:21.492616,Complete,456,2,371.28
4100,165,2023-10-30 04:54:54.369074,Complete,896,4,1705.56
4101,221,2024-04-13 12:00:13.128512,Incomplete,220,4,944.36
4102,511,2024-12-22 01:05:47.207958,Incomplete,428,1,289.72
4103,242,2024-11-29 23:17:31.351751,Incomplete,521,1,354.78
4104,45,2023-05-27 19:17:25.794630,Complete,986,2,692.84
4105,871,2023-12-02 13:43:48.677041,Incomplete,593,5,834.55
4106,651,2025-01-18 14:17:27.253228,Incomplete,983,1,219.28
4107,699,2024-01-04 06:46:40.951068,Incomplete,333,5,2151.35
4108,233,2023-12-03 13:21:27.344250,Incomplete,458,3,1309.02
4109,590,2024-05-11 11:25:01.064678,Complete,794,2,954.54
4110,941,2024-10-15 10:48:46.631922,Complete,650,4,1051.68
4111,378,2023-05-29 04:46:39.151500,Complete,334,2,549.36
4112,276,2023-12-14 03:49:47.617140,Complete,39,1,484.18
4113,5,2023-04-03 08:16:26.293487,Incomplete,671,4,1210.56
4114,141,2024-05-27 11:56:12.741193,Incomplete,890,1,35.31
4115,724,2023-12-20 21:23:21.954764,Incomplete,582,4,1185.8
4116,744,2023-11-15 22:06:02.525084,Incomplete,209,5,1838.95
4117,171,2024-06-21 20:47:16.726894,Incomplete,619,5,2475.25
4118,150,2024-05-24 11:17:41.756998,Incomplete,346,5,1027.1
4119,468,2024-01-30 19:58:49.011141,Incomplete,981,3,431.64
4120,238,2024-10-31 15:24:18.670465,Incomplete,971,4,1684.76
4121,234,2024-08-03 11:52:29.983077,Incomplete,64,2,43.04
4122,305,2024-03-26 00:50:07.896074,Incomplete,387,1,387.87
4123,78,2023-03-29 15:22:48.825341,Incomplete,653,2,951.32
4124,935,2023-10-12 08:38:16.383748,Complete,709,2,413.6
4125,141,2025-01-19 11:13:53.930941,Complete,274,5,2122.35
4126,654,2023-04-05 08:04:20.131167,Incomplete,940,2,373.6
4127,954,2024-12-13 21:08:51.334884,Incomplete,571,4,231.28
4128,317,2023-05-01 06:51:23.581535,Complete,694,2,371.18
4129,982,2024-10-20 03:53:35.277632,Complete,881,5,2211.0
4130,782,2024-02-25 20:41:04.378149,Incomplete,701,3,758.07
4131,450,2023-02-25 09:19:34.030801,Incomplete,872,2,374.04
4132,597,2024-04-30 02:04:11.183702,Complete,629,3,152.37
4133,657,2024-12-06 15:44:41.619336,Incomplete,883,1,251.79
4134,249,2023-11-09 02:28:12.112898,Complete,294,5,420.95
4135,490,2024-08-01 01:10:05.805990,Incomplete,632,1,349.44
4136,510,2024-05-12 22:12:40.083658,Incomplete,907,5,1764.65
4137,768,2024-01-20 08:49:08.546970,Incomplete,20,4,514.52
4138,983,2024-11-11 09:54:40.336200,Incomplete,669,4,1864.16
4139,906,2024-01-14 02:01:41.387542,Complete,141,4,947.04
4140,435,2023-02-27 19:02:49.910206,Complete,479,1,306.84
4141,346,2024-02-18 11:13:44.604213,Incomplete,830,3,1447.29
4142,974,2023-08-02 18:05:21.269031,Complete,498,3,1414.38
4143,414,2024-05-01 01:51:00.989354,Incomplete,447,1,187.64
4144,981,2024-09-06 22:18:02.205824,Incomplete,864,4,1417.6
4145,388,2023-04-24 04:43:52.423843,Complete,117,1,225.44
4146,780,2024-11-22 11:43:08.037309,Complete,13,1,463.6
4147,940,2023-05-15 00:14:02.595393,Complete,310,4,967.24
4148,893,2024-01-13 20:02:00.383304,Incomplete,961,5,611.9
4149,949,2023-04-24 13:54:49.064331,Complete,606,2,856.68
4150,499,2024-02-04 18:58:42.333976,Incomplete,30,3,98.01
4151,726,2024-09-12 01:28:45.133367,Complete,426,3,1066.47
4152,46,2024-03-09 00:30:39.590584,Complete,188,4,1038.12
4153,633,2024-09-17 19:16:42.683347,Incomplete,165,2,772.28
4154,930,2024-01-09 18:30:47.643720,Complete,124,2,975.34
4155,288,2023-09-29 17:55:53.790802,Incomplete,400,5,495.9
4156,87,2023-09-04 17:51:39.186225,Complete,276,2,126.86
4157,35,2023-06-22 13:36:10.541746,Incomplete,815,3,790.41
4158,501,2024-02-05 17:51:02.447433,Incomplete,647,5,2003.95
4159,836,2023-12-23 04:25:03.634336,Incomplete,226,5,881.9
4160,567,2024-11-30 13:39:41.817439,Incomplete,794,1,263.02
4161,912,2023-12-05 03:25:33.217125,Complete,843,2,865.46
4162,884,2023-05-06 04:33:24.243300,Incomplete,804,3,908.85
4163,722,2023-11-21 22:38:25.231981,Complete,253,4,1808.2
4164,259,2024-10-24 00:36:07.528625,Complete,964,1,198.77
4165,149,2023-08-11 07:34:43.950283,Complete,408,1,65.29
4166,44,2024-07-08 13:02:33.480597,Incomplete,818,4,293.96
4167,776,2024-04-19 06:41:34.267908,Incomplete,339,1,149.18
4168,694,2023-05-30 19:10:57.214101,Incomplete,701,1,137.81
4169,384,2024-10-01 09:05:59.302332,Complete,434,4,1585.64
4170,862,2024-08-22 02:55:42.350341,Incomplete,695,1,13.9
4171,447,2024-09-30 02:44:07.487249,Incomplete,334,1,37.45
4172,269,2023-02-09 11:06:05.017244,Incomplete,731,4,1845.52
4173,611,2023-08-24 19:18:05.105683,Incomplete,339,2,508.92
4174,802,2023-11-29 00:33:05.407987,Complete,774,1,245.39
4175,854,2024-03-09 13:39:16.187189,Incomplete,529,4,343.32
4176,126,2024-06-05 15:40:10.028625,Incomplete,860,1,249.48
4177,255,2024-11-11 11:47:51.737738,Complete,981,3,1421.94
4178,798,2023-04-14 10:25:06.859486,Incomplete,478,1,347.63
4179,827,2023-04-02 01:28:29.165538,Complete,913,4,1248.84
4180,803,2024-09-20 14:14:14.507808,Incomplete,69,4,763.24
4181,345,2024-01-25 15:08:57.922271,Incomplete,488,2,773.12
4182,201,2024-02-10 13:25:27.931097,Incomplete,396,2,48.52
4183,418,2023-10-20 07:29:15.992989,Complete,463,1,427.19
4184,290,2024-05-19 01:04:19.025623,Complete,591,5,1351.15
4185,119,2024-12-05 18:19:42.506101,Incomplete,152,1,180.78
4186,933,2024-08-23 11:47:41.639145,Incomplete,855,5,741.15
4187,479,2024-06-20 11:38:03.826235,Incomplete,115,1,204.41
4188,534,2023-09-25 14:25:24.078480,Complete,152,4,1472.0
4189,949,2024-07-10 00:01:02.503353,Incomplete,609,5,1888.3
4190,926,2024-02-06 18:31:09.291235,Incomplete,373,2,110.38
4191,276,2023-05-05 01:47:53.581778,Incomplete,246,1,494.24
4192,736,2024-05-27 12:08:21.290588,Complete,951,2,700.46
4193,973,2025-01-09 23:35:02.983475,Complete,548,1,351.73
4194,720,2023-08-10 13:05:17.503859,Incomplete,916,4,444.64
4195,855,2024-07-10 00:44:12.400853,Incomplete,358,4,592.8
4196,189,2023-10-12 21:41:00.604842,Incomplete,434,3,840.75
4197,841,2024-11-15 17:12:37.174949,Complete,640,1,59.81
4198,862,2023-09-26 23:37:52.753381,Incomplete,582,1,352.79
4199,574,2023-03-24 09:29:57.395667,Incomplete,38,2,726.2
4200,164,2024-06-21 06:21:17.095933,Incomplete,687,3,859.17
4201,194,2023-07-12 01:11:52.807009,Incomplete,205,4,1312.44
4202,465,2023-09-25 00:48:19.504762,Incomplete,135,3,1214.76
4203,369,2024-12-15 10:18:37.412794,Complete,649,4,1547.04
4204,956,2023-08-15 21:38:44.365918,Complete,284,1,361.46
4205,463,2024-01-14 01:08:56.177500,Complete,263,5,1587.0
4206,287,2023-02-07 04:31:32.533059,Complete,823,5,1934.85
4207,856,2024-11-30 23:52:47.291564,Incomplete,456,1,225.82
4208,590,2023-12-14 10:34:39.874589,Complete,83,2,258.68
4209,996,2023-05-31 21:11:00.301484,Complete,927,5,1975.45
4210,251,2023-03-12 10:05:39.635940,Incomplete,16,1,483.86
4211,589,2024-01-03 06:46:18.942525,Incomplete,357,2,192.8
4212,980,2024-04-07 15:24:41.842658,Incomplete,652,4,645.04
4213,13,2023-12-11 18:57:23.349560,Complete,752,3,849.39
4214,866,2024-11-17 10:45:49.793238,Complete,886,4,1935.04
4215,353,2023-04-21 16:19:53.467095,Incomplete,542,5,1748.25
4216,47,2024-09-21 05:31:47.656399,Complete,707,5,221.2
4217,158,2024-02-13 05:19:11.126872,Incomplete,921,3,781.47
4218,239,2025-01-17 04:02:21.778200,Complete,410,1,113.47
4219,688,2023-05-05 08:42:39.215846,Complete,752,5,672.35
4220,21,2024-11-30 04:23:16.477325,Incomplete,145,4,477.32
4221,837,2024-03-22 23:43:47.244893,Complete,764,4,93.36
4222,965,2023-05-08 01:55:39.634053,Complete,555,1,293.58
4223,726,2024-01-18 13:47:12.289743,Incomplete,927,5,789.7
4224,851,2024-11-18 18:24:58.376585,Complete,518,3,213.66
4225,672,2023-09-18 16:24:43.000094,Complete,986,2,663.0
4226,19,2023-01-29 09:38:45.446390,Complete,387,1,372.84
4227,668,2024-05-09 06:26:45.443582,Incomplete,20,3,1294.74
4228,454,2023-03-09 03:12:01.639596,Complete,166,3,1409.55
4229,850,2024-08-26 13:31:30.470519,Complete,123,5,806.5
4230,684,2023-10-18 13:01:33.304782,Incomplete,162,3,276.51
4231,410,2023-08-24 09:42:17.157657,Complete,16,1,410.8
4232,257,2024-04-29 15:39:38.692160,Incomplete,369,3,1275.51
4233,583,2023-02-01 23:09:44.777156,Complete,529,1,355.05
4234,745,2024-09-04 00:53:34.279933,Incomplete,119,5,2066.55
4235,162,2023-06-07 15:51:10.675247,Incomplete,860,4,381.88
4236,28,2024-12-30 20:24:40.595726,Incomplete,362,4,1334.36
4237,224,2023-09-17 12:45:14.608095,Complete,912,1,187.7
4238,845,2024-05-19 05:12:22.025694,Complete,670,2,468.46
4239,857,2024-08-17 05:44:35.223454,Complete,255,3,852.96
4240,671,2023-06-04 12:19:25.892567,Incomplete,962,4,244.84
4241,261,2024-02-12 00:31:06.288992,Complete,230,1,365.57
4242,847,2024-10-09 13:13:35.789412,Incomplete,215,1,346.45
4243,920,2023-11-28 17:05:13.281906,Complete,116,5,1907.2
4244,719,2023-12-09 04:58:36.889135,Complete,661,3,389.73
4245,251,2023-10-01 01:19:13.937638,Complete,56,3,632.16
4246,657,2024-05-03 23:45:33.006678,Incomplete,763,3,245.31
4247,9,2024-06-19 16:01:12.849499,Complete,654,5,928.8
4248,121,2023-08-06 18:58:18.751161,Incomplete,3,4,1705.96
4249,947,2025-01-26 12:33:11.220741,Incomplete,587,5,1173.45
4250,118,2023-06-30 09:26:18.907848,Complete,137,1,61.7
4251,17,2023-05-02 06:14:05.898252,Complete,834,2,522.98
4252,797,2023-09-10 13:58:02.019247,Incomplete,442,5,2120.85
4253,142,2024-01-08 02:36:47.335330,Incomplete,818,3,718.65
4254,875,2024-01-31 04:04:28.299282,Complete,260,4,1869.16
4255,291,2023-09-01 16:18:37.128055,Complete,877,1,247.86
4256,157,2023-03-03 12:58:58.492441,Incomplete,264,1,223.43
4257,237,2024-07-24 21:58:41.378611,Complete,42,1,442.76
4258,228,2024-06-15 06:45:22.802200,Complete,47,3,41.64
4259,903,2023-08-29 17:59:35.470424,Incomplete,804,4,391.88
4260,981,2023-05-14 21:26:43.571297,Incomplete,576,3,656.16
4261,649,2024-08-09 03:50:53.406318,Incomplete,274,5,1913.6
4262,662,2024-10-09 11:00:32.373989,Incomplete,526,5,991.75
4263,33,2024-02-18 17:22:00.745612,Complete,82,1,434.66
4264,871,2023-05-01 12:39:12.618367,Complete,466,3,1053.06
4265,333,2023-09-23 00:38:55.145747,Complete,133,5,2193.25
4266,110,2023-03-13 02:53:13.969226,Complete,141,3,1181.85
4267,939,2023-07-28 13:07:43.825245,Incomplete,941,2,253.02
4268,307,2024-04-19 08:55:05.196865,Incomplete,162,5,756.35
4269,232,2023-11-05 12:20:14.108464,Complete,234,5,792.15
4270,259,2024-08-04 09:42:27.461103,Complete,792,1,5.79
4271,709,2023-09-16 15:37:11.699306,Incomplete,211,2,256.24
4272,281,2024-12-21 13:27:01.162327,Incomplete,587,5,1582.15
4273,375,2024-10-27 08:32:01.355138,Complete,11,2,678.32
4274,218,2025-01-22 15:36:55.400554,Complete,327,1,465.57
4275,504,2023-12-07 05:21:23.702820,Complete,624,2,516.1
4276,235,2023-07-29 01:41:55.864603,Incomplete,196,4,1227.28
4277,597,2023-11-26 19:42:52.756224,Complete,55,3,40.08
4278,987,2024-10-07 04:17:29.838126,Complete,854,5,1261.55
4279,581,2023-05-04 13:57:26.354740,Incomplete,469,2,18.74
4280,437,2024-06-21 08:54:41.854027,Complete,326,2,96.16
4281,904,2024-06-20 21:46:56.032495,Complete,50,3,1392.84
4282,157,2023-01-31 07:41:29.341154,Incomplete,484,5,219.35
4283,97,2024-09-20 04:35:05.569067,Incomplete,986,5,1610.15
4284,49,2024-06-01 08:54:42.795094,Incomplete,636,5,2382.85
4285,467,2024-05-09 07:24:35.556975,Complete,8,3,400.83
4286,388,2024-02-14 16:32:59.973457,Incomplete,718,2,356.34
4287,504,2025-01-12 10:23:17.866075,Complete,156,2,925.42
4288,88,2024-10-26 21:29:27.444344,Incomplete,844,5,1262.4
4289,850,2024-04-22 19:07:51.631324,Incomplete,789,4,504.32
4290,917,2024-05-08 20:59:00.021778,Incomplete,634,4,830.4
4291,53,2023-11-03 06:57:45.374804,Incomplete,628,1,53.67
4292,489,2024-08-06 01:37:19.030469,Incomplete,105,4,266.28
4293,226,2023-04-19 12:31:46.937546,Incomplete,861,1,245.86
4294,337,2023-10-03 16:35:07.122527,Incomplete,826,4,1382.72
4295,693,2024-05-25 14:47:29.254301,Complete,257,3,1293.96
4296,749,2023-10-20 02:23:01.735948,Complete,742,1,383.78
4297,516,2023-03-15 16:05:55.848862,Incomplete,614,4,912.16
4298,984,2024-05-23 11:00:16.517055,Incomplete,713,2,380.74
4299,452,2023-02-07 01:28:10.935143,Incomplete,519,5,1664.6
4300,605,2024-03-03 23:27:47.251250,Complete,597,2,303.64
4301,691,2025-01-22 02:59:45.580694,Complete,221,4,928.36
4302,568,2024-07-20 16:08:55.319415,Incomplete,348,5,252.4
4303,808,2023-07-18 10:04:51.114295,Incomplete,53,2,378.46
4304,214,2025-01-06 02:09:53.998407,Incomplete,672,5,2094.3
4305,106,2023-10-27 17:00:47.621460,Incomplete,139,3,1188.63
4306,140,2024-01-14 00:13:21.480935,Complete,670,4,1605.48
4307,218,2023-12-22 11:38:46.694189,Complete,61,3,421.17
4308,302,2024-12-05 21:43:26.008994,Incomplete,683,1,10.83
4309,388,2024-01-21 13:13:39.495659,Incomplete,868,2,952.72
4310,786,2024-12-15 06:42:24.862489,Complete,900,4,1270.72
4311,912,2023-08-10 14:46:10.611615,Complete,69,5,162.35
4312,596,2024-02-01 02:25:47.346954,Complete,964,2,610.82
4313,18,2024-06-09 19:34:25.004568,Incomplete,999,4,1015.28
4314,495,2024-08-15 06:30:02.010607,Incomplete,284,2,158.12
4315,445,2024-01-22 14:45:32.018257,Complete,350,2,643.86
4316,218,2024-11-06 22:04:09.904493,Complete,683,3,108.63
4317,258,2024-12-27 05:48:20.545443,Incomplete,430,2,766.58
4318,190,2025-01-26 21:00:53.736862,Complete,366,4,613.76
4319,276,2024-02-08 12:54:49.854939,Incomplete,897,1,87.54
4320,320,2024-05-11 01:35:49.837766,Incomplete,236,3,1015.95
4321,517,2023-04-30 08:52:10.878804,Incomplete,368,4,1396.68
4322,797,2023-02-19 23:28:30.704469,Complete,58,1,430.56
4323,814,2024-12-12 02:40:12.214558,Complete,911,3,108.81
4324,395,2023-03-22 08:21:01.500017,Complete,305,4,23.8
4325,292,2023-08-24 04:21:29.062998,Complete,844,4,752.16
4326,257,2023-07-10 15:17:49.616657,Incomplete,425,2,243.76
4327,417,2023-10-04 18:58:28.486902,Complete,323,5,1107.7
4328,39,2024-02-12 08:48:17.471660,Complete,213,5,1751.6
4329,219,2023-02-18 14:56:08.695740,Complete,347,3,300.3
4330,631,2023-04-12 01:00:45.507837,Incomplete,863,4,1257.96
4331,508,2025-01-13 16:44:03.696883,Complete,362,2,579.2
4332,664,2024-06-15 13:42:45.742873,Incomplete,734,4,1408.4
4333,319,2024-09-29 19:13:57.929364,Complete,697,3,334.5
4334,875,2024-09-23 09:34:13.861006,Incomplete,989,3,954.54
4335,754,2023-07-27 10:24:23.743682,Complete,161,2,649.56
4336,34,2024-05-22 08:38:41.872065,Complete,149,2,944.88
4337,8,2024-06-16 10:41:20.417604,Complete,585,1,430.39
4338,819,2025-01-26 00:07:46.142186,Incomplete,880,3,294.12
4339,499,2023-03-24 14:23:00.258009,Incomplete,874,1,201.93
4340,290,2023-12-10 00:17:09.670837,Incomplete,531,5,1378.95
4341,146,2024-12-05 01:57:04.762341,Complete,681,1,198.89
4342,801,2023-04-21 03:31:53.636784,Complete,92,4,907.04
4343,807,2024-11-12 11:07:56.508642,Complete,114,3,663.96
4344,908,2023-06-11 18:31:07.180810,Incomplete,675,2,901.18
4345,941,2024-04-11 04:35:49.260728,Incomplete,452,2,315.32
4346,276,2024-03-15 22:37:39.373550,Incomplete,604,1,267.92
4347,100,2023-05-17 09:48:14.518496,Incomplete,199,3,1374.6
4348,88,2024-08-05 18:23:09.019934,Incomplete,443,2,447.18
4349,149,2024-08-08 07:13:23.057312,Incomplete,280,3,631.47
4350,585,2024-07-21 13:11:28.008356,Incomplete,563,1,200.53
4351,575,2024-09-24 08:21:02.789282,Complete,763,3,1396.05
4352,519,2023-02-14 09:41:18.449854,Incomplete,421,1,178.89
4353,791,2024-11-04 08:15:07.715840,Incomplete,91,2,991.02
4354,948,2024-01-26 11:39:26.294295,Complete,903,4,680.44
4355,44,2023-04-18 21:41:14.638218,Incomplete,178,3,346.59
4356,486,2024-02-15 05:22:22.015484,Incomplete,251,4,1164.2
4357,674,2024-08-27 13:57:26.485891,Complete,217,2,171.82
4358,492,2024-06-12 19:14:20.138767,Complete,341,1,84.94
4359,564,2024-05-18 23:04:58.929884,Incomplete,531,4,1218.48
4360,185,2023-09-28 00:59:00.674733,Incomplete,595,4,300.88
4361,88,2023-07-18 01:42:53.745873,Complete,460,5,974.35
4362,501,2025-01-24 07:34:45.224192,Complete,782,3,1288.11
4363,897,2023-12-17 14:55:55.683661,Complete,89,1,269.92
4364,19,2024-03-14 21:39:32.658559,Incomplete,52,4,879.88
4365,649,2024-10-22 11:38:48.250595,Complete,759,3,137.61
4366,540,2024-10-07 16:33:18.410369,Incomplete,725,3,54.54
4367,978,2023-07-12 20:05:08.215630,Incomplete,195,1,65.75
4368,830,2025-01-23 13:58:38.302839,Complete,893,4,521.6
4369,846,2023-09-11 22:35:13.874568,Incomplete,101,4,80.16
4370,945,2023-09-24 05:06:06.565198,Complete,411,1,233.37
4371,700,2024-10-12 18:06:32.973853,Incomplete,44,4,1825.68
4372,995,2023-02-15 10:22:00.642685,Incomplete,665,2,497.02
4373,245,2024-05-31 12:05:26.946328,Incomplete,138,2,381.64
4374,928,2024-01-05 00:41:43.948829,Complete,336,2,135.18
4375,984,2024-10-12 01:04:23.046033,Complete,499,5,1134.8
4376,570,2024-02-26 00:05:15.700504,Incomplete,971,3,1225.56
4377,632,2024-05-01 07:29:22.985248,Complete,888,2,852.88
4378,708,2024-02-14 01:02:30.203051,Complete,234,1,407.98
4379,860,2024-10-20 05:09:25.286412,Incomplete,498,3,1211.37
4380,636,2024-01-20 13:38:21.237025,Complete,368,1,165.06
4381,39,2023-08-04 20:13:31.221243,Incomplete,842,2,568.98
4382,819,2023-12-17 16:53:48.466367,Complete,995,5,2314.5
4383,748,2024-04-01 23:24:39.790437,Incomplete,861,5,2254.3
4384,432,2024-06-27 14:05:11.671721,Complete,207,1,308.37
4385,949,2023-07-05 08:47:12.486756,Complete,912,4,324.36
4386,840,2023-08-15 03:37:01.545002,Complete,605,1,307.09
4387,61,2024-03-05 22:02:27.579958,Incomplete,599,4,1100.88
4388,68,2023-05-05 16:23:38.100051,Incomplete,872,5,2142.8
4389,9,2024-09-01 22:09:01.005035,Complete,74,2,761.2
4390,719,2024-08-22 14:06:21.173232,Complete,41,1,15.4
4391,945,2023-12-08 20:52:42.961658,Complete,578,2,690.6
4392,582,2024-11-27 10:21:16.333900,Incomplete,380,3,86.76
4393,895,2023-04-27 16:51:48.675363,Incomplete,924,5,1225.3
4394,645,2024-09-20 13:05:36.439848,Complete,52,2,876.56
4395,120,2024-05-03 14:55:44.960405,Incomplete,874,1,154.21
4396,836,2023-04-22 02:12:53.990407,Incomplete,841,3,296.37
4397,337,2023-03-17 00:58:14.852715,Incomplete,449,4,1968.28
4398,884,2024-04-06 08:23:01.067085,Complete,930,2,882.5
4399,770,2024-05-19 04:13:02.338306,Complete,20,5,1838.75
4400,14,2023-10-15 06:59:08.432678,Incomplete,280,5,2016.05
4401,990,2024-05-20 04:52:53.887521,Complete,758,3,1253.4
4402,107,2024-05-03 13:58:23.677448,Incomplete,275,5,510.75
4403,863,2024-01-14 16:39:28.648111,Incomplete,775,2,129.64
4404,211,2024-09-09 04:31:53.234089,Incomplete,672,4,671.84
4405,518,2023-05-31 06:53:20.826107,Complete,757,3,1176.18
4406,223,2024-03-09 08:31:30.521964,Complete,396,2,137.36
4407,257,2024-11-04 17:05:55.789022,Incomplete,43,5,2434.85
4408,434,2023-06-02 21:53:08.396695,Complete,820,4,1225.36
4409,650,2024-08-30 21:01:30.480401,Complete,754,5,1962.8
4410,170,2024-08-19 14:04:32.750252,Complete,204,1,187.33
4411,428,2023-10-12 11:41:45.382670,Incomplete,117,4,1121.72
4412,242,2024-03-15 11:06:15.872599,Incomplete,835,1,180.79
4413,686,2023-07-22 21:36:20.819130,Incomplete,525,3,1391.28
4414,401,2024-12-16 15:16:32.203812,Complete,114,3,1436.94
4415,875,2024-11-07 16:39:10.043786,Incomplete,358,2,514.54
4416,287,2023-11-09 04:34:28.524822,Incomplete,72,3,377.01
4417,825,2024-12-06 14:01:48.694560,Incomplete,72,5,1123.7
4418,552,2023-09-08 07:04:54.061991,Complete,308,4,1042.96
4419,911,2024-10-13 10:50:14.487090,Complete,163,5,428.9
4420,542,2024-11-30 07:50:44.906420,Complete,898,1,145.42
4421,536,2024-09-09 05:44:21.622968,Complete,581,2,840.48
4422,182,2025-01-14 00:19:36.966755,Complete,204,5,1208.0
4423,609,2024-08-16 06:51:37.081931,Incomplete,584,5,2164.15
4424,17,2024-08-06 10:32:05.575815,Complete,708,1,335.49
4425,203,2023-03-05 05:52:24.041207,Incomplete,741,1,75.47
4426,724,2024-09-23 16:43:48.732894,Incomplete,100,4,295.76
4427,964,2024-06-20 12:24:25.052579,Incomplete,363,3,1279.08
4428,689,2023-02-05 07:15:48.349558,Incomplete,447,2,462.34
4429,326,2023-08-20 17:54:29.559111,Incomplete,672,3,177.54
4430,393,2023-10-21 16:18:03.707431,Incomplete,655,5,509.95
4431,347,2024-08-04 20:25:49.552320,Incomplete,331,3,1218.51
4432,277,2023-05-21 10:40:56.870116,Complete,256,2,742.02
4433,469,2024-05-14 12:45:52.019238,Complete,777,3,37.44
4434,425,2023-10-27 00:02:56.172336,Incomplete,914,4,564.72
4435,583,2024-03-10 08:38:21.694479,Incomplete,567,1,282.99
4436,248,2024-03-22 14:36:17.411615,Complete,47,4,1724.76
4437,924,2024-06-12 12:38:09.695250,Incomplete,556,4,350.32
4438,99,2024-08-25 16:23:32.462070,Complete,838,4,1038.4
4439,638,2024-08-24 08:29:01.748714,Incomplete,834,5,1979.45
4440,381,2024-05-03 03:47:08.916308,Complete,775,2,873.16
4441,697,2023-07-31 13:11:57.248520,Complete,538,3,1007.67
4442,180,2024-09-21 15:05:54.885389,Incomplete,793,4,114.44
4443,239,2024-10-25 21:54:34.609405,Incomplete,164,4,889.88
4444,3,2023-08-14 08:30:57.783928,Complete,764,3,996.36
4445,646,2023-06-29 00:11:12.349609,Incomplete,617,1,114.17
4446,275,2024-08-21 00:36:33.252476,Complete,907,3,125.46
4447,507,2024-07-31 13:00:18.464851,Incomplete,777,1,357.16
4448,890,2023-03-27 17:27:03.580421,Complete,283,3,1184.52
4449,913,2024-08-07 15:59:42.338220,Complete,527,1,361.4
4450,211,2023-10-10 13:16:54.465340,Incomplete,266,2,776.98
4451,594,2024-03-25 07:03:01.545224,Incomplete,615,3,1453.92
4452,765,2023-12-30 11:12:10.044118,Complete,91,3,563.88
4453,83,2023-10-30 23:06:54.389111,Complete,602,2,371.54
4454,733,2023-06-17 23:14:57.952497,Complete,478,1,26.66
4455,90,2024-05-30 04:07:54.332200,Incomplete,46,2,256.64
4456,178,2024-12-15 12:00:06.707398,Incomplete,187,3,914.97
4457,840,2024-06-21 22:27:44.082942,Incomplete,796,4,1034.76
4458,309,2024-03-12 08:44:37.445141,Complete,575,2,913.24
4459,96,2023-11-07 11:30:06.568209,Complete,924,3,1289.58
4460,595,2023-05-02 07:11:46.881554,Complete,148,4,1080.36
4461,797,2024-11-28 22:23:03.993525,Incomplete,931,5,1148.8
4462,703,2024-01-26 01:44:52.558615,Incomplete,381,4,1063.44
4463,898,2023-07-12 05:59:04.798403,Complete,588,2,757.96
4464,988,2023-11-08 00:17:15.340945,Incomplete,785,4,1629.96
4465,731,2023-10-06 23:01:52.985381,Incomplete,967,1,60.41
4466,691,2024-07-02 12:46:29.989822,Complete,664,5,1265.7
4467,395,2023-02-27 16:05:41.388709,Complete,752,1,167.38
4468,252,2024-01-15 12:53:12.027404,Incomplete,998,4,1909.04
4469,185,2023-11-09 00:40:22.264591,Incomplete,982,3,1125.3
4470,350,2024-05-22 18:38:20.239885,Complete,988,2,366.28
4471,440,2024-07-03 18:28:53.744123,Complete,405,3,79.83
4472,470,2023-05-22 03:12:20.231220,Complete,339,1,438.85
4473,822,2024-08-16 19:22:04.551533,Incomplete,112,3,900.42
4474,951,2023-10-07 08:06:01.597288,Incomplete,318,4,1617.84
4475,854,2024-08-04 18:05:08.021240,Complete,316,4,515.32
4476,434,2024-04-29 04:16:15.693950,Incomplete,781,2,864.84
4477,527,2024-05-12 09:07:45.689471,Incomplete,409,4,972.72
4478,720,2024-12-18 16:59:32.446395,Incomplete,648,1,198.25
4479,870,2024-10-18 13:02:57.429235,Incomplete,420,1,251.58
4480,825,2025-01-06 18:39:12.070959,Complete,928,5,1062.8
4481,326,2024-05-20 18:43:34.358803,Incomplete,55,4,744.6
4482,596,2023-08-23 07:44:05.831204,Incomplete,559,2,205.68
4483,935,2023-12-20 18:16:36.122535,Incomplete,17,4,1835.56
4484,183,2024-09-17 10:22:58.131775,Complete,560,1,379.7
4485,498,2023-12-13 08:58:26.920902,Incomplete,476,4,294.52
4486,684,2024-07-24 00:40:28.417603,Incomplete,449,5,2009.6
4487,819,2023-02-03 22:51:45.291120,Incomplete,512,5,1514.5
4488,334,2023-09-22 09:44:05.948627,Incomplete,480,4,698.24
4489,718,2023-07-20 11:48:19.016178,Complete,399,2,663.98
4490,501,2024-03-14 10:31:39.951462,Complete,35,1,86.37
4491,924,2024-04-20 08:20:10.949476,Complete,760,2,546.44
4492,368,2024-12-12 11:11:31.771909,Incomplete,916,5,549.9
4493,245,2024-11-06 11:50:15.876593,Incomplete,149,4,849.32
4494,250,2024-07-31 08:06:17.626313,Complete,434,5,1660.9
4495,41,2024-07-06 18:38:11.564739,Incomplete,218,5,2065.9
4496,418,2024-02-06 20:59:31.409289,Incomplete,132,2,963.74
4497,917,2023-12-04 04:38:10.479732,Complete,666,4,176.32
4498,834,2023-04-13 22:34:20.138595,Incomplete,529,4,1937.76
4499,815,2023-10-25 23:03:06.241347,Complete,490,2,497.22
4500,22,2024-12-13 18:13:40.085784,Complete,64,4,498.0
4501,477,2023-11-05 19:34:36.437702,Incomplete,163,4,718.44
4502,32,2024-07-20 01:07:11.173376,Incomplete,33,1,311.44
4503,128,2023-03-11 01:22:27.660153,Complete,999,5,1742.05
4504,479,2023-04-06 13:54:28.619697,Incomplete,425,3,340.47
4505,320,2024-11-06 07:47:44.504344,Complete,452,1,309.99
4506,546,2023-04-16 23:08:03.323018,Complete,641,5,1227.15
4507,517,2023-12-01 17:30:18.693913,Complete,778,3,1392.09
4508,721,2024-06-30 17:08:08.271940,Incomplete,550,1,41.72
4509,291,2024-12-07 10:10:23.537166,Incomplete,376,2,35.52
4510,585,2023-05-16 01:17:30.601164,Complete,385,4,1532.56
4511,107,2024-04-24 13:01:09.236211,Complete,337,2,774.88
4512,988,2024-05-11 18:14:59.490926,Incomplete,889,1,184.1
4513,422,2024-12-06 08:09:32.245502,Incomplete,636,3,746.28
4514,793,2024-11-08 21:09:58.552334,Incomplete,166,3,1386.12
4515,788,2024-10-21 18:53:17.648790,Complete,139,3,644.1
4516,831,2024-06-07 21:33:22.215594,Complete,9,1,439.47
4517,970,2025-01-16 04:34:32.770170,Complete,80,1,429.45
4518,187,2023-11-25 02:20:08.071949,Complete,609,2,917.96
4519,605,2024-05-25 01:55:23.492386,Incomplete,920,3,114.42
4520,287,2024-12-21 21:37:41.229453,Complete,1000,1,120.04
4521,1,2023-06-19 17:00:28.680315,Complete,315,4,146.6
4522,469,2024-09-07 17:12:13.394544,Incomplete,746,2,620.28
4523,407,2024-01-23 20:48:07.686790,Complete,491,5,1979.45
4524,598,2023-01-28 11:06:01.911602,Complete,77,1,84.81
4525,803,2023-04-27 12:44:46.433147,Incomplete,306,5,779.45
4526,771,2024-08-29 11:18:09.441092,Complete,793,4,563.56
4527,712,2023-07-20 18:41:40.297678,Incomplete,169,4,1929.16
4528,62,2024-09-18 22:46:59.784447,Complete,398,5,1106.3
4529,727,2024-05-15 17:53:25.646196,Complete,88,5,484.05
4530,393,2024-10-15 15:02:49.790389,Incomplete,939,1,113.18
4531,529,2023-04-10 12:20:55.990510,Complete,47,3,1480.83
4532,861,2023-10-12 05:08:20.462166,Incomplete,983,2,929.24
4533,879,2023-10-18 04:50:31.787743,Complete,940,2,438.98
4534,224,2023-03-25 23:40:43.117862,Complete,876,2,374.04
4535,248,2023-10-11 20:08:35.118761,Incomplete,330,3,82.23
4536,350,2023-03-27 06:20:54.184684,Complete,920,5,586.15
4537,289,2024-09-14 02:25:56.448929,Complete,670,2,809.4
4538,178,2024-09-30 17:35:20.753892,Incomplete,987,4,1815.32
4539,571,2024-05-28 02:24:52.096632,Complete,254,1,322.33
4540,453,2023-10-07 23:03:16.782676,Complete,186,2,526.2
4541,139,2023-05-23 06:06:42.763829,Incomplete,948,2,973.24
4542,386,2023-02-03 06:11:19.457009,Incomplete,883,2,523.14
4543,363,2024-12-26 23:17:27.702506,Incomplete,884,5,2411.45
4544,1000,2023-02-09 06:53:49.011839,Complete,18,2,12.32
4545,454,2023-10-27 10:46:10.672692,Incomplete,738,1,43.54
4546,923,2023-03-25 10:00:01.713444,Complete,413,4,1737.4
4547,245,2024-07-27 20:55:04.367495,Complete,63,4,553.32
4548,439,2023-09-02 17:46:17.350820,Incomplete,523,3,686.1
4549,362,2023-08-18 07:08:20.362252,Complete,579,4,562.88
4550,136,2024-03-05 09:42:28.486630,Complete,937,3,98.37
4551,842,2023-05-08 01:11:36.145780,Incomplete,374,4,1826.2
4552,811,2023-04-29 21:20:57.342967,Complete,916,1,260.11
4553,691,2023-11-10 14:49:19.402815,Incomplete,797,2,20.28
4554,106,2024-10-19 00:08:47.500917,Incomplete,927,3,437.13
4555,348,2025-01-19 09:56:46.767590,Incomplete,234,5,727.75
4556,666,2023-08-06 13:51:21.464816,Incomplete,767,2,16.56
4557,269,2023-03-20 15:34:04.700109,Complete,608,2,864.88
4558,183,2023-08-07 06:11:22.813085,Complete,662,3,751.38
4559,480,2023-07-28 05:43:08.975787,Incomplete,291,4,1109.0
4560,276,2024-12-07 19:45:26.922282,Complete,914,1,177.94
4561,130,2024-11-01 12:15:47.334597,Complete,40,4,998.6
4562,903,2024-09-13 21:10:46.860845,Incomplete,890,4,965.92
4563,246,2024-12-11 19:46:56.731196,Incomplete,964,2,204.86
4564,956,2023-09-10 02:34:07.159118,Complete,254,3,1092.42
4565,290,2023-05-10 16:51:13.658900,Incomplete,917,4,431.4
4566,203,2025-01-10 15:07:14.898056,Incomplete,628,1,64.82
4567,42,2023-04-29 18:32:21.461703,Incomplete,50,4,1995.8
4568,848,2024-06-04 06:37:31.488954,Complete,18,1,482.69
4569,433,2024-06-24 02:51:59.094332,Incomplete,210,4,1586.28
4570,341,2024-02-26 05:03:10.730966,Incomplete,336,5,258.7
4571,302,2024-09-10 06:19:46.069943,Incomplete,885,1,309.35
4572,905,2024-03-20 03:11:54.737568,Complete,509,5,1261.05
4573,289,2024-03-30 18:40:09.027726,Complete,778,5,1582.45
4574,247,2024-11-01 20:20:45.836533,Incomplete,975,1,349.19
4575,44,2023-08-26 13:22:22.321511,Incomplete,585,4,1385.4
4576,458,2023-06-26 16:20:16.634633,Incomplete,520,5,949.15
4577,206,2024-06-22 04:21:38.220720,Incomplete,342,1,337.62
4578,813,2024-08-31 11:19:11.973764,Complete,827,1,315.99
4579,742,2023-07-09 06:17:35.784238,Complete,767,1,35.58
4580,372,2024-05-30 02:46:10.330271,Incomplete,445,4,1347.24
4581,659,2024-02-12 16:20:05.529123,Incomplete,887,5,685.35
4582,323,2025-01-02 15:53:29.607880,Incomplete,880,3,1314.54
4583,827,2024-12-21 03:12:24.695599,Incomplete,198,5,356.6
4584,599,2024-10-25 12:40:01.590317,Incomplete,664,2,910.32
4585,975,2024-09-11 19:32:54.602573,Incomplete,840,5,2243.2
4586,498,2023-05-17 03:44:11.944863,Incomplete,628,3,908.1
4587,703,2024-07-30 14:41:03.786035,Incomplete,432,5,309.35
4588,227,2023-04-22 00:21:41.297596,Complete,195,1,304.75
4589,833,2024-09-22 02:06:24.982912,Complete,993,4,184.64
4590,48,2023-11-28 03:18:10.177076,Complete,746,1,20.13
4591,985,2023-05-09 03:53:52.769781,Incomplete,196,3,206.43
4592,762,2025-01-17 04:42:30.001788,Incomplete,336,3,1461.51
4593,760,2024-02-05 17:46:25.141605,Complete,851,3,606.57
4594,502,2024-11-13 06:36:21.924647,Incomplete,687,3,461.73
4595,862,2023-12-07 19:53:30.706620,Incomplete,342,3,619.17
4596,17,2024-10-07 15:06:57.046762,Complete,516,4,611.04
4597,302,2024-07-13 23:43:08.817824,Incomplete,289,1,132.91
4598,558,2024-06-30 22:49:39.131496,Incomplete,706,4,916.88
4599,390,2024-03-23 04:26:40.153376,Incomplete,324,4,525.0
4600,403,2023-02-24 05:56:13.544153,Incomplete,473,1,213.86
4601,774,2024-11-30 00:13:57.671163,Complete,656,2,979.96
4602,305,2024-01-08 07:45:15.602989,Incomplete,467,1,189.59
4603,533,2024-01-06 02:31:46.848846,Complete,815,4,1153.0
4604,373,2023-07-24 03:10:21.258620,Complete,386,2,652.6
4605,577,2024-09-06 06:53:33.359369,Incomplete,175,1,423.62
4606,252,2023-02-08 06:14:40.061985,Incomplete,795,5,1483.9
4607,99,2024-12-03 00:53:24.095742,Incomplete,848,1,474.62
4608,528,2023-05-05 20:26:18.545515,Incomplete,409,1,69.05
4609,132,2023-12-22 18:45:35.878511,Complete,38,3,583.71
4610,882,2024-03-29 01:09:42.146756,Complete,188,5,2026.45
4611,71,2023-05-29 13:41:36.253679,Complete,351,1,215.75
4612,76,2024-10-21 00:04:27.919076,Complete,227,3,43.41
4613,376,2024-06-17 13:41:16.096189,Incomplete,144,2,956.08
4614,607,2023-07-16 22:40:03.366833,Incomplete,804,5,1028.55
4615,324,2024-04-02 03:48:34.786122,Incomplete,358,3,126.54
4616,902,2024-03-20 07:30:36.217371,Incomplete,128,2,618.4
4617,196,2023-06-01 01:17:56.293352,Incomplete,383,4,430.92
4618,221,2023-08-19 13:53:50.745001,Incomplete,680,4,161.52
4619,74,2024-08-22 11:14:37.553183,Complete,741,3,278.19
4620,216,2024-10-29 05:09:14.167819,Complete,912,5,233.25
4621,897,2023-07-24 13:01:12.154953,Complete,346,3,772.44
4622,333,2023-05-24 21:55:03.526551,Complete,923,4,849.0
4623,724,2023-03-11 21:44:29.356486,Complete,673,3,715.02
4624,812,2024-07-27 18:08:39.108864,Incomplete,725,4,1621.6
4625,221,2024-05-17 09:49:37.671777,Complete,242,1,403.5
4626,12,2023-10-27 03:42:27.229234,Complete,402,2,588.26
4627,851,2024-09-15 12:34:14.569199,Complete,450,5,2374.35
4628,440,2024-01-29 19:48:55.535602,Complete,780,3,403.95
4629,210,2023-11-25 21:49:55.910136,Complete,158,5,1029.8
4630,696,2023-09-21 03:03:12.846380,Complete,363,5,1678.7
4631,501,2023-04-20 04:11:14.885368,Complete,369,3,1033.23
4632,697,2024-01-04 12:16:59.230727,Incomplete,713,4,1957.04
4633,208,2023-12-19 15:42:02.593257,Complete,817,1,371.25
4634,816,2024-01-09 08:38:01.678247,Incomplete,162,4,228.36
4635,374,2024-01-22 09:47:35.497473,Incomplete,313,5,1546.9
4636,467,2023-11-23 13:20:35.962023,Incomplete,805,1,210.55
4637,299,2025-01-18 23:32:41.710562,Incomplete,747,1,99.53
4638,25,2023-08-26 03:57:18.276618,Complete,932,5,2016.85
4639,550,2024-05-30 18:19:02.982237,Complete,830,2,825.2
4640,923,2023-11-07 03:30:07.556023,Incomplete,648,3,770.79
4641,453,2023-02-08 07:54:50.243397,Complete,59,1,142.84
4642,347,2024-06-25 12:24:46.310112,Complete,232,4,567.96
4643,675,2024-08-14 19:08:08.755029,Incomplete,843,2,885.34
4644,65,2024-12-17 05:49:26.566981,Incomplete,647,5,1341.1
4645,998,2023-07-16 07:13:02.475656,Complete,213,4,1769.24
4646,61,2023-10-01 02:04:36.766130,Complete,59,2,992.6
4647,102,2023-06-14 20:32:20.263568,Incomplete,450,4,1899.56
4648,982,2023-03-28 05:46:39.549715,Complete,86,4,486.44
4649,954,2023-04-21 07:44:05.887891,Incomplete,117,5,2014.65
4650,452,2023-08-14 01:24:06.729019,Complete,770,2,568.34
4651,555,2024-12-31 05:13:44.545152,Complete,277,4,1317.68
4652,374,2024-03-22 21:06:43.797127,Incomplete,736,3,633.72
4653,616,2023-08-12 03:51:00.274089,Complete,512,4,864.8
4654,389,2024-06-17 16:14:19.952625,Incomplete,576,2,479.38
4655,100,2023-03-12 21:16:32.551518,Complete,688,2,613.14
4656,887,2024-02-22 10:47:30.642692,Incomplete,490,2,978.6
4657,318,2024-11-24 01:41:11.059546,Incomplete,432,4,211.76
4658,195,2025-01-06 00:47:05.713833,Complete,305,5,725.2
4659,10,2024-09-04 08:43:07.431650,Incomplete,400,2,272.88
4660,935,2023-09-07 13:28:07.548120,Complete,872,2,875.58
4661,841,2024-11-08 08:04:00.446892,Incomplete,719,2,89.6
4662,410,2023-02-08 00:10:22.478704,Incomplete,194,4,1948.16
4663,93,2024-05-14 23:08:50.797333,Complete,121,5,1841.3
4664,704,2023-04-17 12:17:10.312594,Incomplete,463,3,1437.84
4665,350,2023-04-12 22:18:36.882018,Incomplete,852,5,1413.85
4666,656,2023-04-24 23:20:23.906803,Incomplete,506,2,562.6
4667,939,2023-08-06 18:29:36.428095,Complete,668,4,1119.76
4668,104,2024-07-01 19:34:45.026996,Incomplete,602,5,1434.8
4669,382,2023-06-06 22:08:01.000422,Incomplete,129,3,1205.76
4670,546,2024-12-09 12:56:12.378505,Incomplete,313,4,1427.84
4671,113,2023-10-16 18:26:21.126546,Complete,886,3,705.09
4672,530,2024-12-17 10:59:01.099552,Incomplete,792,5,264.4
4673,923,2023-11-23 08:39:53.956039,Incomplete,941,5,866.35
4674,601,2023-09-06 02:00:11.195650,Incomplete,441,3,575.13
4675,573,2024-09-18 08:34:10.536077,Incomplete,82,1,345.31
4676,154,2024-05-31 20:43:21.844415,Incomplete,183,5,1209.5
4677,252,2024-06-17 00:55:27.600163,Complete,87,2,414.88
4678,461,2024-01-05 08:18:04.071176,Incomplete,19,2,31.12
4679,325,2024-01-18 10:00:21.929065,Incomplete,746,4,465.04
4680,491,2024-02-21 11:38:21.630750,Incomplete,750,2,504.64
4681,483,2024-04-17 09:03:01.073446,Complete,736,4,201.2
4682,956,2024-08-13 21:20:10.265613,Incomplete,922,3,197.04
4683,591,2024-11-20 04:07:37.072046,Complete,170,1,74.61
4684,414,2023-02-23 13:39:20.731509,Complete,638,2,283.62
4685,303,2024-12-22 21:26:24.486259,Incomplete,85,5,2498.8
4686,465,2023-07-16 18:13:31.897017,Complete,596,5,1822.5
4687,422,2023-04-19 05:37:40.237480,Complete,794,5,2468.65
4688,989,2023-07-01 21:18:20.243095,Incomplete,245,3,1169.46
4689,232,2024-06-04 17:47:45.451866,Complete,412,1,347.21
4690,644,2023-07-06 21:36:30.847875,Incomplete,230,1,295.83
4691,609,2025-01-20 19:42:42.594584,Complete,258,4,869.16
4692,17,2024-03-16 07:05:00.458143,Complete,26,3,1154.46
4693,375,2023-05-25 14:11:59.625129,Complete,377,1,60.22
4694,31,2023-11-10 02:19:54.304839,Complete,159,4,407.68
4695,996,2024-08-28 21:37:18.893042,Complete,45,3,723.48
4696,961,2023-04-27 02:01:02.842128,Incomplete,708,1,492.83
4697,388,2024-04-15 09:20:33.436346,Incomplete,968,4,1232.04
4698,722,2024-01-21 07:57:40.277697,Complete,699,1,172.08
4699,153,2024-08-17 13:11:10.930948,Incomplete,953,3,121.74
4700,866,2024-01-27 08:18:08.815102,Complete,440,2,469.64
4701,739,2024-10-15 21:30:20.370207,Complete,475,5,853.2
4702,610,2023-02-24 10:54:59.234426,Complete,26,3,1133.28
4703,193,2024-05-02 22:17:54.148108,Incomplete,149,5,845.05
4704,769,2024-09-04 06:00:04.848644,Incomplete,615,2,803.24
4705,392,2024-01-04 14:04:45.192063,Complete,552,3,1136.97
4706,544,2024-06-17 13:43:27.722782,Incomplete,450,2,608.82
4707,375,2023-09-17 12:42:01.579758,Complete,878,5,1735.15
4708,473,2023-09-06 22:28:49.517542,Complete,862,4,1631.48
4709,918,2023-03-23 23:20:40.761137,Complete,355,3,427.35
4710,131,2023-06-23 03:56:12.927685,Incomplete,142,3,942.57
4711,561,2023-02-28 07:49:37.561756,Incomplete,284,5,333.65
4712,773,2023-06-26 17:34:47.649674,Complete,922,2,144.1
4713,526,2023-04-13 17:00:51.562999,Complete,679,4,612.44
4714,575,2024-12-28 19:28:55.434018,Incomplete,966,5,453.95
4715,434,2024-07-09 05:54:51.037529,Complete,132,1,388.89
4716,404,2023-12-19 16:43:31.353369,Incomplete,541,3,1214.82
4717,80,2024-10-14 00:28:26.655013,Complete,192,1,213.07
4718,56,2024-06-01 14:07:51.757402,Complete,707,3,461.88
4719,946,2023-08-17 21:59:00.633678,Incomplete,591,3,1087.86
4720,39,2024-04-08 14:09:27.820995,Complete,105,4,852.04
4721,792,2024-01-20 23:27:17.444763,Complete,268,1,492.11
4722,388,2024-11-22 22:43:30.836407,Complete,97,5,1934.05
4723,844,2024-12-07 11:53:52.840843,Incomplete,69,4,516.28
4724,336,2024-07-20 02:16:36.284903,Complete,618,1,164.69
4725,551,2023-12-07 15:00:52.361522,Complete,773,1,52.97
4726,544,2023-02-01 03:26:16.419382,Complete,7,2,33.4
4727,998,2024-08-23 10:07:23.729858,Complete,811,4,1055.76
4728,803,2024-07-31 20:21:05.183352,Incomplete,354,1,17.43
4729,681,2024-12-02 01:49:28.065758,Incomplete,359,2,809.72
4730,368,2023-03-08 16:40:52.552253,Incomplete,616,2,24.92
4731,577,2024-03-23 07:29:04.333374,Complete,456,1,391.6
4732,369,2024-08-22 05:39:46.253138,Incomplete,26,2,999.3
4733,40,2023-08-10 16:31:32.650065,Incomplete,317,1,38.43
4734,553,2024-07-15 16:11:51.883161,Complete,161,1,83.75
4735,880,2024-02-06 18:32:53.478673,Complete,933,5,1786.2
4736,56,2024-06-05 00:31:37.999827,Complete,49,5,2046.5
4737,773,2024-11-25 18:51:17.963956,Complete,533,1,82.29
4738,326,2024-12-09 06:09:34.680458,Incomplete,724,5,1842.05
4739,871,2024-04-05 13:18:54.240180,Complete,17,3,378.3
4740,50,2024-12-07 13:51:22.308310,Complete,939,1,193.11
4741,273,2024-04-23 23:56:14.176384,Complete,537,2,617.36
4742,707,2023-02-20 06:11:32.265781,Complete,787,3,1458.09
4743,303,2024-09-02 08:07:48.106707,Complete,903,1,448.57
4744,473,2024-10-12 09:23:26.012605,Incomplete,758,5,1219.4
4745,449,2023-07-04 01:25:32.125758,Complete,470,4,1796.52
4746,41,2023-11-07 04:36:28.413763,Complete,973,4,1023.4
4747,451,2023-08-28 22:24:41.916812,Complete,493,4,607.44
4748,172,2024-10-12 11:01:47.345426,Complete,242,3,76.5
4749,986,2023-06-17 22:28:52.063067,Incomplete,70,1,305.84
4750,199,2025-01-18 15:03:55.704950,Incomplete,598,4,1198.44
4751,427,2024-02-02 06:37:10.139957,Complete,968,5,1842.25
4752,785,2023-07-23 20:25:53.702354,Incomplete,178,2,787.56
4753,902,2023-02-03 08:25:18.586805,Incomplete,488,1,380.63
4754,846,2024-03-28 09:29:24.266494,Incomplete,565,3,1486.5
4755,923,2023-09-20 15:40:46.914012,Incomplete,412,4,744.56
4756,817,2023-11-05 04:52:26.614136,Complete,933,1,48.47
4757,252,2023-03-10 22:39:27.722199,Complete,482,5,867.7
4758,909,2024-02-20 03:50:59.980532,Complete,842,2,808.74
4759,979,2024-11-23 09:48:48.558630,Complete,895,3,1287.0
4760,741,2024-01-07 18:02:15.504731,Complete,523,3,74.4
4761,246,2024-04-21 16:14:36.576125,Complete,615,5,2108.65
4762,522,2024-07-10 21:14:31.348315,Incomplete,84,4,961.08
4763,414,2023-03-22 08:59:39.226244,Incomplete,276,4,60.76
4764,286,2023-03-01 21:07:44.151296,Complete,399,1,259.0
4765,94,2024-08-04 06:24:48.523307,Incomplete,704,5,1083.75
4766,766,2023-12-08 03:12:35.808311,Complete,632,5,2046.0
4767,359,2024-01-12 23:45:31.808153,Complete,213,3,792.12
4768,572,2023-12-19 19:59:09.615836,Complete,35,3,357.09
4769,125,2024-05-25 12:09:44.210507,Incomplete,596,3,299.49
4770,289,2023-04-06 14:11:58.791808,Incomplete,950,5,457.6
4771,205,2024-07-22 13:43:07.283164,Incomplete,443,5,983.95
4772,489,2023-06-23 16:53:30.252762,Incomplete,956,5,718.3
4773,360,2024-02-27 02:21:09.209270,Incomplete,321,5,2447.15
4774,621,2024-04-13 14:50:25.080225,Complete,490,1,53.77
4775,495,2023-02-07 08:18:53.992291,Complete,583,4,235.16
4776,387,2023-02-26 03:07:23.900669,Complete,959,4,347.4
4777,292,2024-05-26 23:27:57.756789,Incomplete,181,2,695.58
4778,855,2024-12-14 19:53:57.621053,Incomplete,390,2,426.28
4779,519,2023-04-09 08:49:29.316546,Complete,329,4,217.08
4780,461,2023-09-24 15:32:13.170927,Complete,279,2,129.66
4781,748,2024-05-21 07:36:08.870447,Incomplete,307,4,1483.76
4782,271,2024-06-17 16:45:14.589312,Complete,391,5,198.0
4783,946,2024-03-09 09:53:50.602118,Incomplete,794,4,666.28
4784,502,2024-02-12 08:54:28.645942,Complete,49,3,794.19
4785,612,2024-09-23 07:40:59.462661,Complete,396,4,33.64
4786,999,2025-01-09 02:35:22.905507,Complete,253,5,346.35
4787,387,2023-10-28 20:43:34.631700,Incomplete,161,2,856.76
4788,984,2023-05-25 04:05:51.254508,Complete,188,1,466.9
4789,111,2024-11-28 14:46:10.560131,Complete,494,3,464.67
4790,342,2023-06-20 05:36:25.507796,Complete,244,2,292.08
4791,498,2023-09-27 02:34:17.901738,Complete,550,1,54.69
4792,471,2023-12-13 07:59:51.947211,Incomplete,432,4,1109.76
4793,153,2023-11-23 01:32:25.274793,Complete,198,4,1025.88
4794,469,2024-03-10 17:56:55.628114,Incomplete,775,4,307.52
4795,337,2023-09-25 21:38:14.515623,Complete,713,4,518.48
4796,416,2023-08-01 16:17:04.973634,Incomplete,773,1,198.47
4797,619,2023-08-31 13:55:14.790100,Incomplete,33,3,777.27
4798,631,2023-02-03 02:35:53.255323,Incomplete,444,3,1383.63
4799,251,2024-02-16 20:11:44.301728,Incomplete,515,2,12.62
4800,930,2023-03-24 22:53:33.571862,Incomplete,473,2,964.26
4801,744,2023-08-15 10:43:14.484383,Incomplete,872,5,1836.7
4802,203,2024-12-23 19:54:58.768646,Complete,11,5,901.85
4803,44,2024-06-04 08:43:44.841167,Complete,855,1,498.54
4804,80,2024-08-27 11:39:09.357172,Incomplete,926,2,171.28
4805,656,2024-07-04 00:53:03.839818,Incomplete,976,4,1677.56
4806,511,2023-12-26 04:46:31.589200,Complete,721,4,1134.2
4807,283,2024-09-25 20:35:38.355918,Complete,342,2,190.66
4808,86,2024-10-26 23:25:18.519960,Incomplete,898,5,1010.8
4809,478,2023-05-19 11:57:30.168151,Complete,277,4,1624.32
4810,587,2023-08-21 09:21:55.799662,Complete,794,3,1442.64
4811,223,2023-09-25 00:45:36.185490,Complete,553,4,677.84
4812,569,2024-01-19 03:23:24.145914,Incomplete,732,2,989.32
4813,322,2023-05-13 12:08:21.595066,Incomplete,285,5,1343.0
4814,189,2023-07-05 02:42:57.552365,Complete,943,2,975.52
4815,51,2023-09-04 00:24:05.127737,Incomplete,693,3,458.46
4816,971,2023-07-21 17:17:28.047115,Complete,935,1,118.02
4817,558,2023-12-28 06:33:24.402565,Complete,804,5,2073.45
4818,845,2023-04-10 21:12:50.070295,Complete,165,5,950.75
4819,903,2024-03-02 13:18:48.945287,Incomplete,127,3,421.11
4820,936,2024-09-24 03:43:23.532717,Complete,274,3,43.47
4821,420,2024-05-02 13:35:38.599085,Complete,965,1,45.97
4822,565,2024-10-30 19:34:12.504260,Incomplete,989,5,1677.0
4823,141,2024-12-27 23:23:35.802623,Incomplete,454,4,1017.44
4824,410,2024-01-19 15:30:38.933911,Complete,91,4,1951.76
4825,864,2023-02-18 06:12:04.641919,Complete,320,2,777.84
4826,954,2023-02-04 07:20:26.971302,Complete,663,4,1935.48
4827,462,2024-01-31 09:58:26.569820,Incomplete,993,4,1141.84
4828,43,2024-05-10 01:20:52.134267,Incomplete,76,5,306.8
4829,869,2023-10-15 19:13:26.261744,Complete,222,3,882.39
4830,311,2023-07-05 00:07:27.280095,Incomplete,501,3,256.05
4831,5,2023-06-12 03:36:27.414234,Complete,824,1,192.27
4832,962,2023-02-11 18:53:36.808770,Complete,724,5,1227.2
4833,548,2024-01-12 20:13:31.166061,Incomplete,94,2,647.26
4834,119,2023-06-02 23:48:54.790565,Complete,681,5,168.8
4835,30,2023-10-06 12:43:41.866671,Complete,704,4,686.16
4836,38,2023-09-26 07:08:32.536735,Incomplete,61,1,134.38
4837,625,2024-05-16 00:30:02.306168,Incomplete,91,3,1070.85
4838,640,2024-06-14 20:16:34.821092,Incomplete,969,4,1338.12
4839,142,2023-09-18 21:03:14.015548,Incomplete,69,2,445.42
4840,593,2024-02-03 08:01:34.349554,Complete,259,2,49.32
4841,726,2023-05-18 09:20:30.139721,Complete,501,1,364.77
4842,256,2023-11-26 10:02:14.571518,Incomplete,423,5,1492.7
4843,223,2023-05-18 01:05:14.943773,Incomplete,611,3,1483.56
4844,673,2025-01-27 03:34:12.342164,Complete,194,4,231.76
4845,547,2024-01-26 05:00:30.941822,Complete,75,5,376.3
4846,217,2024-09-06 06:55:35.530999,Incomplete,886,3,1184.19
4847,990,2024-05-20 02:23:14.240295,Incomplete,231,4,1716.4
4848,784,2024-09-19 23:00:36.024749,Complete,985,2,714.72
4849,448,2024-03-08 20:42:03.124795,Incomplete,590,3,645.12
4850,454,2023-02-05 18:18:24.464314,Complete,149,1,318.07
4851,950,2024-07-29 17:42:59.163950,Incomplete,544,5,1993.4
4852,666,2023-12-14 14:37:35.641292,Complete,943,5,1645.4
4853,740,2024-05-16 03:38:12.430939,Complete,236,5,1724.1
4854,100,2024-03-10 18:01:07.836511,Complete,784,2,422.08
4855,655,2023-06-20 19:33:42.190646,Incomplete,427,3,704.61
4856,704,2024-04-09 18:58:58.352874,Complete,786,1,73.96
4857,523,2024-12-07 22:27:47.240817,Complete,959,2,384.02
4858,206,2025-01-15 16:04:10.203191,Incomplete,488,3,1484.88
4859,548,2023-09-25 11:54:41.621135,Complete,479,5,1071.1
4860,829,2024-04-09 04:02:40.921670,Complete,785,5,124.15
4861,174,2024-06-08 16:14:06.027809,Complete,596,4,470.84
4862,868,2023-09-13 01:21:27.285988,Complete,394,5,1992.5
4863,552,2024-03-16 18:21:34.377151,Incomplete,62,1,424.79
4864,832,2024-09-28 17:10:29.144420,Incomplete,621,5,912.9
4865,629,2023-10-19 23:48:37.084204,Incomplete,407,3,1215.21
4866,546,2023-03-11 13:02:20.876727,Complete,657,2,484.76
4867,693,2023-10-14 23:24:30.625288,Incomplete,825,4,1164.28
4868,295,2024-11-29 00:03:00.115601,Complete,105,4,769.4
4869,205,2023-12-13 00:58:46.550564,Incomplete,248,4,122.68
4870,35,2023-09-24 10:03:51.457834,Incomplete,335,2,637.44
4871,599,2024-05-22 11:22:37.155778,Incomplete,738,4,802.44
4872,739,2023-02-20 22:14:34.097170,Complete,89,1,416.91
4873,904,2023-09-29 20:56:50.007628,Incomplete,327,1,394.44
4874,435,2024-04-01 12:33:50.355619,Complete,269,4,157.48
4875,902,2024-12-14 22:33:45.212974,Incomplete,908,2,470.42
4876,241,2023-04-30 22:27:19.679853,Complete,407,5,834.75
4877,506,2024-03-11 18:48:37.065978,Incomplete,401,2,530.94
4878,116,2023-09-15 23:29:05.804479,Incomplete,467,4,1426.0
4879,659,2023-07-13 08:45:25.326740,Incomplete,651,2,770.32
4880,99,2023-05-03 09:05:49.978719,Complete,732,1,7.94
4881,398,2023-08-12 22:28:05.460672,Complete,730,5,434.4
4882,481,2024-03-30 04:55:24.644216,Complete,164,2,787.34
4883,554,2023-06-25 12:27:25.027544,Incomplete,564,1,19.7
4884,364,2024-04-09 20:26:34.832355,Incomplete,870,5,550.85
4885,901,2024-01-12 12:17:09.809490,Complete,325,4,1707.76
4886,567,2024-04-03 20:34:41.270756,Complete,173,3,266.55
4887,498,2023-05-18 14:38:40.089432,Complete,175,3,211.68
4888,62,2024-09-14 22:15:10.805319,Incomplete,930,5,1579.9
4889,492,2024-10-25 02:43:54.264012,Incomplete,425,2,930.06
4890,505,2024-03-17 13:57:53.027084,Incomplete,957,3,764.73
4891,839,2023-04-30 23:10:57.196512,Incomplete,599,2,107.5
4892,879,2024-05-07 18:24:48.023492,Incomplete,702,4,1763.88
4893,987,2024-08-06 07:47:44.897819,Complete,960,1,61.07
4894,380,2024-06-02 08:46:15.324334,Complete,771,5,1640.65
4895,872,2023-07-09 16:46:37.424257,Incomplete,34,5,2298.3
4896,295,2024-09-10 16:08:25.815366,Incomplete,108,1,48.87
4897,624,2023-11-13 14:45:57.700774,Incomplete,757,1,55.11
4898,835,2023-06-07 18:30:19.804316,Incomplete,79,4,1351.4
4899,335,2023-07-24 13:11:00.286386,Incomplete,798,4,1245.52
4900,26,2023-07-12 13:12:36.083164,Incomplete,320,2,580.64
4901,767,2023-11-28 05:49:00.547109,Incomplete,843,2,990.98
4902,473,2024-03-10 12:07:36.298631,Incomplete,380,5,178.0
4903,29,2024-10-28 05:02:58.069470,Complete,103,3,1213.65
4904,580,2023-07-08 20:08:59.600500,Incomplete,754,4,1757.92
4905,144,2023-08-03 13:31:55.730473,Complete,337,2,785.32
4906,338,2024-10-07 15:54:17.797996,Incomplete,389,2,278.74
4907,875,2024-04-07 15:05:01.494537,Incomplete,250,2,357.8
4908,265,2023-08-03 03:24:41.123589,Complete,961,2,671.5
4909,236,2023-05-17 05:41:24.333437,Complete,531,5,627.05
4910,676,2024-08-08 00:22:16.275755,Incomplete,235,3,1422.69
4911,970,2023-07-18 11:24:20.216260,Complete,317,1,286.6
4912,665,2024-07-06 13:32:46.853708,Incomplete,669,3,817.5
4913,4,2023-03-16 04:12:55.938720,Incomplete,315,1,370.55
4914,407,2025-01-19 07:39:14.070423,Incomplete,161,5,826.55
4915,925,2024-07-02 00:57:49.814448,Incomplete,393,3,1000.26
4916,613,2023-11-01 18:03:26.789758,Complete,787,5,439.35
4917,456,2023-06-28 12:40:19.636067,Incomplete,723,2,526.22
4918,560,2023-10-24 06:33:00.608439,Incomplete,521,5,566.8
4919,420,2024-01-27 03:01:46.262218,Complete,552,2,224.68
4920,692,2024-11-22 15:31:50.563918,Complete,587,2,216.34
4921,427,2023-10-15 09:49:21.138021,Incomplete,633,4,1886.52
4922,6,2024-10-27 09:41:06.372972,Incomplete,909,5,2248.3
4923,678,2024-03-06 04:37:11.794268,Incomplete,180,3,1443.39
4924,476,2024-04-11 14:13:21.236478,Complete,206,5,1139.7
4925,549,2023-06-28 19:06:41.439236,Incomplete,948,1,469.82
4926,339,2024-05-23 13:46:03.276748,Complete,319,4,237.08
4927,851,2024-12-23 15:16:09.699411,Complete,71,3,490.53
4928,530,2025-01-26 21:07:43.512367,Complete,216,4,544.8
4929,389,2024-10-03 13:13:06.677796,Complete,311,2,879.86
4930,448,2023-09-16 17:52:38.589048,Incomplete,479,5,1525.6
4931,141,2024-01-26 00:01:58.112425,Incomplete,385,3,996.03
4932,188,2024-10-08 10:33:30.903020,Incomplete,604,1,81.47
4933,680,2023-06-13 05:00:31.289591,Complete,109,3,611.52
4934,424,2024-09-26 01:45:07.478660,Incomplete,542,3,887.73
4935,578,2023-06-01 12:29:12.142589,Complete,543,4,348.6
4936,626,2024-06-09 06:55:42.187125,Incomplete,698,1,254.18
4937,52,2024-09-04 04:48:15.704115,Complete,748,5,1505.45
4938,620,2023-12-05 05:27:29.432164,Incomplete,917,4,148.84
4939,613,2025-01-03 20:07:34.802151,Incomplete,24,1,55.34
4940,852,2024-05-11 11:04:55.798668,Incomplete,992,3,491.34
4941,358,2024-10-30 02:54:59.561181,Complete,875,5,241.2
4942,421,2024-06-15 21:54:45.372417,Incomplete,449,1,257.95
4943,45,2024-08-08 19:56:44.214788,Incomplete,888,4,188.48
4944,484,2024-12-26 03:40:00.815404,Incomplete,282,3,1195.8
4945,179,2023-09-13 13:38:50.321486,Incomplete,204,5,441.4
4946,103,2024-09-23 16:41:59.979464,Incomplete,418,4,544.2
4947,765,2024-10-09 08:15:32.649451,Incomplete,919,1,411.82
4948,421,2024-07-02 20:57:47.464765,Complete,826,4,678.08
4949,100,2023-12-23 07:14:46.472953,Incomplete,635,4,346.12
4950,571,2023-11-23 23:56:38.120053,Complete,322,5,136.45
4951,449,2023-02-05 03:56:48.759313,Incomplete,779,2,85.86
4952,367,2024-08-10 17:17:25.155511,Complete,3,5,1879.5
4953,432,2023-07-07 13:02:07.765378,Complete,27,4,1410.52
4954,525,2024-09-03 22:21:40.449675,Incomplete,484,1,17.59
4955,956,2023-06-29 06:38:01.503724,Complete,474,5,797.45
4956,788,2023-06-21 00:07:14.177980,Incomplete,958,1,226.97
4957,390,2024-06-16 03:13:06.634064,Complete,966,4,1881.6
4958,508,2023-09-18 22:42:50.694792,Complete,315,2,162.94
4959,993,2024-02-12 10:43:02.241380,Complete,889,3,1031.82
4960,707,2024-08-14 12:02:03.704856,Incomplete,928,3,287.22
4961,391,2023-03-22 02:47:18.902738,Complete,349,3,700.2
4962,714,2024-04-10 01:52:15.024348,Incomplete,600,5,2197.05
4963,184,2023-08-11 00:58:29.836095,Incomplete,450,5,1249.55
4964,799,2024-11-06 17:46:19.240987,Incomplete,341,3,980.58
4965,863,2023-06-25 07:06:15.291592,Complete,86,3,768.99
4966,115,2023-04-20 23:38:16.720185,Complete,695,4,154.48
4967,540,2023-11-22 14:20:29.056448,Complete,343,2,184.64
4968,225,2023-08-19 13:10:05.400316,Incomplete,639,3,1294.02
4969,800,2023-07-03 09:48:56.543484,Complete,856,2,364.54
4970,418,2024-05-10 11:03:19.346205,Complete,787,3,896.94
4971,716,2025-01-15 14:18:25.166350,Incomplete,219,1,342.68
4972,990,2024-01-26 09:53:37.297639,Incomplete,435,4,562.64
4973,757,2023-05-01 21:49:07.523462,Complete,775,1,241.03
4974,765,2023-03-04 07:11:42.490879,Complete,98,3,117.36
4975,822,2023-08-15 03:12:30.222938,Incomplete,174,1,113.4
4976,661,2024-02-19 04:38:03.350226,Incomplete,165,5,928.35
4977,971,2024-10-25 19:57:21.722817,Incomplete,400,5,2107.35
4978,18,2023-07-21 22:37:02.616715,Complete,659,2,505.86
4979,385,2023-07-13 14:45:35.011421,Incomplete,265,5,1779.65
4980,29,2023-04-07 17:18:06.886450,Complete,672,1,109.84
4981,740,2024-11-01 09:29:59.549942,Complete,389,3,1179.66
4982,751,2023-11-22 15:47:40.635864,Complete,10,4,565.2
4983,434,2023-08-18 02:39:20.776165,Complete,869,5,1477.45
4984,31,2024-06-09 00:13:15.624933,Complete,854,2,74.74
4985,408,2023-10-09 07:18:10.808075,Complete,210,5,321.15
4986,159,2024-12-29 18:14:10.623195,Incomplete,825,4,1116.52
4987,306,2024-03-25 14:45:03.532359,Incomplete,696,2,908.08
4988,713,2024-11-11 18:45:09.749048,Complete,335,3,835.83
4989,878,2023-08-07 11:38:42.758643,Incomplete,668,4,688.48
4990,93,2024-11-20 00:59:38.755401,Incomplete,724,3,644.31
4991,627,2023-09-28 05:49:06.956265,Complete,510,1,449.29
4992,782,2024-05-03 22:42:58.091001,Complete,640,3,1463.31
4993,504,2024-11-03 23:17:10.760188,Complete,801,2,292.52
4994,592,2023-04-25 07:48:58.368218,Incomplete,741,4,742.56
4995,603,2023-11-01 18:13:20.350433,Complete,261,2,627.34
4996,536,2024-04-23 06:37:24.533158,Complete,397,2,976.16
4997,191,2023-08-12 06:54:21.324053,Incomplete,515,1,380.85
4998,317,2023-11-05 12:20:37.573020,Complete,364,3,1041.09
4999,673,2024-01-19 18:35:49.643465,Complete,317,5,2326.25
5000,973,2024-01-17 21:34:02.206633,Incomplete,62,3,1491.0
5001,427,2024-06-12 14:00:36.305666,Incomplete,349,1,110.71
5002,994,2024-03-03 11:06:07.285389,Incomplete,227,3,1116.99
5003,580,2024-08-08 19:56:39.531317,Complete,780,1,293.16
5004,207,2023-04-19 21:56:27.678724,Complete,760,5,493.7
5005,800,2025-01-05 20:56:17.408485,Complete,309,2,815.18
5006,600,2024-02-15 08:13:29.497706,Complete,143,5,784.65
5007,757,2024-10-10 15:17:39.636651,Incomplete,639,3,974.31
5008,147,2023-08-29 15:45:39.706032,Incomplete,49,3,482.88
5009,862,2023-12-30 20:57:08.821776,Incomplete,795,3,1349.04
5010,971,2023-02-28 07:17:32.838852,Complete,758,3,1338.39
5011,60,2023-09-04 20:32:53.564825,Complete,609,3,1156.53
5012,445,2024-08-17 16:27:37.207074,Complete,263,2,767.6
5013,485,2023-04-20 13:06:06.685659,Complete,738,1,482.57
5014,346,2023-02-01 05:33:16.845663,Incomplete,358,3,870.75
5015,510,2024-10-21 00:44:02.648523,Complete,855,3,1432.47
5016,630,2023-10-14 00:15:40.570659,Complete,513,2,723.18
5017,933,2023-07-10 08:11:57.406074,Incomplete,191,3,735.81
5018,623,2024-02-15 07:16:12.255866,Complete,672,4,1230.92
5019,863,2024-12-12 07:53:39.027857,Incomplete,142,5,2150.0
5020,54,2024-08-04 06:48:36.529407,Complete,225,2,424.2
5021,649,2024-12-14 03:19:00.191967,Incomplete,415,4,1298.96
5022,416,2023-03-03 19:25:26.701599,Incomplete,893,3,859.74
5023,53,2023-09-20 04:28:05.893816,Incomplete,440,3,643.38
5024,540,2023-09-15 04:04:26.020260,Incomplete,434,2,907.24
5025,124,2024-07-01 15:46:24.552441,Complete,989,3,1050.93
5026,847,2023-05-28 13:53:08.442176,Complete,452,3,1100.04
5027,130,2024-01-28 12:42:11.496679,Incomplete,114,3,536.7
5028,888,2024-09-02 12:54:06.920528,Incomplete,933,2,763.8
5029,282,2023-09-04 13:34:58.985192,Complete,749,1,160.68
5030,809,2024-04-08 08:59:24.847341,Incomplete,890,5,1818.95
5031,298,2024-10-03 22:25:09.796649,Complete,605,2,857.08
5032,88,2024-07-23 21:44:24.977649,Complete,313,5,264.1
5033,846,2023-04-01 01:08:46.295711,Complete,610,5,1320.0
5034,562,2023-05-20 12:51:26.644045,Complete,884,4,361.68
5035,126,2023-12-03 11:18:11.342511,Incomplete,920,4,1886.68
5036,618,2024-12-06 05:30:56.490557,Incomplete,92,5,1716.25
5037,21,2024-07-10 23:17:07.666775,Incomplete,293,1,287.54
5038,307,2023-02-07 04:09:07.960361,Complete,493,3,1187.28
5039,742,2024-06-22 07:34:56.351912,Incomplete,834,1,437.92
5040,497,2024-01-08 13:10:04.185078,Incomplete,850,3,1240.5
5041,514,2023-03-14 08:47:24.570825,Incomplete,360,1,382.14
5042,848,2024-12-27 14:28:20.873908,Complete,790,2,673.94
5043,741,2023-08-12 23:28:26.779348,Incomplete,52,4,1617.6
5044,778,2024-03-09 10:05:56.143173,Incomplete,361,2,123.76
5045,810,2023-07-25 06:52:55.090015,Incomplete,632,1,214.08
5046,70,2024-02-04 04:06:55.731230,Incomplete,701,5,1605.15
5047,422,2024-10-03 10:08:38.013026,Complete,752,4,520.36
5048,294,2024-12-27 00:28:29.872513,Incomplete,519,3,896.49
5049,359,2023-12-19 19:30:50.482079,Complete,86,1,234.8
5050,348,2024-04-19 02:16:46.440298,Complete,394,4,176.28
5051,459,2023-09-16 01:05:14.259002,Complete,871,1,39.37
5052,456,2023-04-28 21:15:54.290916,Incomplete,99,5,2443.8
5053,198,2024-11-10 15:12:59.146011,Incomplete,888,2,24.44
5054,764,2023-12-15 16:26:32.721862,Complete,306,3,851.25
5055,732,2024-01-17 20:40:17.500233,Incomplete,846,1,319.08
5056,647,2023-04-04 10:29:39.730487,Complete,820,1,459.85
5057,634,2024-01-06 06:03:38.096797,Complete,605,3,307.71
5058,417,2023-08-10 12:40:38.426329,Incomplete,572,3,1228.68
5059,206,2024-02-05 22:02:27.436034,Incomplete,578,2,71.92
5060,799,2023-08-16 09:03:33.585354,Complete,801,2,99.68
5061,16,2023-11-20 13:39:31.820466,Incomplete,753,4,927.24
5062,376,2023-08-24 05:24:58.320368,Complete,962,1,88.5
5063,120,2024-04-16 15:45:16.620322,Complete,245,2,653.0
5064,994,2024-07-24 00:19:50.828459,Incomplete,964,5,2138.9
5065,407,2024-11-07 08:38:10.095633,Incomplete,524,4,1490.52
5066,114,2023-09-23 09:08:49.043004,Incomplete,38,1,277.14
5067,580,2024-12-31 00:23:20.807346,Incomplete,99,1,498.05
5068,760,2023-11-02 03:19:43.701286,Complete,18,2,93.06
5069,534,2025-01-22 09:56:03.437955,Incomplete,3,5,491.3
5070,739,2023-12-22 07:20:41.348171,Incomplete,300,4,648.28
5071,440,2023-08-26 17:28:02.984077,Incomplete,697,1,281.11
5072,189,2023-10-17 07:04:43.717549,Complete,753,2,843.38
5073,374,2025-01-07 08:46:25.888599,Incomplete,955,2,621.4
5074,387,2023-08-27 19:02:06.572478,Complete,803,3,202.11
5075,60,2024-05-29 07:14:15.429171,Incomplete,802,1,333.47
5076,596,2023-12-29 15:48:59.080230,Incomplete,582,4,700.68
5077,500,2024-07-16 13:52:21.851560,Complete,321,4,955.96
5078,872,2024-12-23 21:28:25.456397,Complete,815,1,371.5
5079,722,2023-02-15 10:44:36.695198,Complete,304,1,106.19
5080,229,2024-05-02 22:16:30.118588,Complete,523,4,376.68
5081,507,2024-03-01 10:38:09.546942,Incomplete,819,2,725.22
5082,397,2024-10-25 23:00:08.274340,Complete,784,5,1889.65
5083,630,2024-03-17 05:15:41.493829,Complete,462,2,78.82
5084,101,2025-01-22 11:40:16.572017,Incomplete,362,4,228.24
5085,860,2023-02-08 11:31:41.296941,Incomplete,496,5,1810.9
5086,901,2024-02-03 20:47:11.321757,Complete,459,3,1048.14
5087,518,2023-05-26 02:56:12.115359,Incomplete,404,3,910.32
5088,345,2024-12-15 09:50:00.986659,Incomplete,815,1,299.97
5089,846,2024-02-09 05:12:07.788105,Complete,839,3,640.53
5090,844,2024-03-03 17:28:55.239196,Incomplete,944,4,1109.2
5091,34,2023-11-04 01:17:26.209328,Complete,893,4,397.56
5092,790,2023-05-10 00:51:27.038330,Incomplete,731,5,2392.7
5093,380,2024-12-09 20:00:52.635266,Complete,174,5,2370.75
5094,679,2024-01-24 10:42:47.749254,Complete,666,1,481.15
5095,75,2023-04-19 19:01:29.334255,Complete,511,2,91.38
5096,676,2023-05-11 00:12:27.179625,Incomplete,875,2,350.02
5097,21,2024-08-04 15:39:38.981308,Incomplete,212,1,180.31
5098,485,2023-06-20 05:03:13.325495,Incomplete,344,3,1412.94
5099,609,2023-04-07 16:26:27.767392,Incomplete,832,4,206.08
5100,421,2023-03-10 21:33:10.291402,Complete,382,4,990.8
5101,717,2023-07-31 12:04:27.403553,Complete,951,4,236.16
5102,668,2025-01-03 23:35:25.886526,Incomplete,439,2,848.26
5103,388,2024-06-14 08:50:28.047842,Complete,328,4,1359.28
5104,42,2023-05-24 09:42:31.063254,Complete,559,3,248.31
5105,324,2023-09-25 03:35:35.857259,Incomplete,470,2,284.36
5106,293,2024-10-15 16:37:47.815661,Incomplete,836,5,1938.35
5107,3,2023-11-07 09:55:21.123835,Complete,769,1,459.58
5108,614,2023-09-09 01:42:06.345288,Incomplete,1000,1,333.09
5109,655,2023-09-16 21:42:01.402799,Complete,592,2,636.28
5110,39,2023-07-13 14:03:23.679182,Incomplete,958,3,351.18
5111,352,2023-05-08 22:30:41.927546,Incomplete,766,1,465.18
5112,333,2025-01-16 15:59:38.580256,Incomplete,509,2,44.74
5113,697,2024-05-13 19:10:06.250392,Incomplete,276,4,1979.72
5114,593,2023-03-13 09:30:43.401015,Complete,741,4,1508.6
5115,631,2024-05-14 21:31:20.334802,Complete,905,4,982.52
5116,444,2024-11-10 20:39:17.136129,Complete,242,4,282.76
5117,66,2023-05-06 05:10:41.360228,Incomplete,786,2,996.34
5118,377,2023-06-22 21:41:20.699590,Complete,471,1,44.19
5119,350,2024-07-14 10:25:05.541200,Complete,664,1,469.32
5120,828,2023-10-27 00:35:57.431993,Incomplete,93,3,141.66
5121,372,2024-12-17 18:46:42.662209,Incomplete,343,5,1398.7
5122,454,2023-12-18 10:37:39.983011,Complete,628,3,558.27
5123,872,2023-12-16 03:16:55.480678,Incomplete,418,5,1475.05
5124,692,2024-04-20 07:33:12.757348,Incomplete,600,3,742.83
5125,969,2024-06-30 12:48:59.569632,Complete,213,3,1100.7
5126,511,2023-05-11 06:06:08.306419,Complete,508,1,190.14
5127,62,2023-05-07 09:23:36.056249,Incomplete,528,4,1189.04
5128,211,2025-01-16 07:41:30.347512,Incomplete,574,4,1837.24
5129,927,2023-06-29 00:41:38.771317,Incomplete,635,3,987.69
5130,757,2024-11-15 17:38:54.557093,Complete,234,4,1831.2
5131,801,2024-12-20 03:30:15.646594,Incomplete,67,2,294.66
5132,842,2024-09-30 05:48:22.011996,Incomplete,237,5,2175.35
5133,471,2024-09-29 01:35:43.640062,Complete,990,5,2408.95
5134,690,2024-06-12 16:46:30.576948,Incomplete,881,2,155.82
5135,982,2024-12-21 07:44:45.837610,Complete,970,1,412.83
5136,700,2024-06-06 18:52:39.283302,Incomplete,661,4,1524.44
5137,198,2024-04-24 02:26:59.994566,Complete,942,3,262.77
5138,263,2024-07-17 07:40:42.135820,Complete,185,5,497.65
5139,33,2024-11-21 00:02:10.002670,Complete,40,2,348.14
5140,914,2023-09-19 13:12:02.182882,Incomplete,809,5,1428.45
5141,956,2024-08-17 03:03:05.574304,Complete,571,5,391.35
5142,413,2023-02-11 21:10:23.978706,Incomplete,425,4,941.8
5143,453,2024-11-10 02:16:25.803333,Incomplete,101,2,854.92
5144,796,2024-04-21 09:10:20.144607,Complete,572,2,56.52
5145,194,2024-09-16 14:52:12.379492,Complete,852,1,163.77
5146,517,2023-06-14 16:03:51.731905,Incomplete,670,5,2010.35
5147,999,2024-11-16 11:18:55.407298,Incomplete,906,1,369.98
5148,869,2024-09-01 03:15:57.099824,Complete,603,4,119.6
5149,733,2024-10-20 01:30:36.395571,Incomplete,764,1,114.69
5150,731,2023-03-23 17:44:54.354105,Incomplete,547,4,855.12
5151,235,2024-10-22 15:56:36.131605,Incomplete,929,1,71.71
5152,528,2024-09-18 22:12:26.846750,Incomplete,199,3,1002.42
5153,693,2023-06-15 07:02:29.988737,Complete,96,4,1495.72
5154,326,2024-01-31 05:15:46.672525,Complete,315,5,1465.1
5155,790,2024-12-31 00:26:33.501029,Incomplete,605,2,940.12
5156,361,2023-02-14 03:53:18.100188,Incomplete,730,2,381.94
5157,188,2024-02-19 11:08:10.651394,Complete,455,1,446.49
5158,986,2023-11-15 19:47:57.229844,Incomplete,808,4,939.6
5159,198,2024-02-23 03:03:47.036201,Incomplete,213,4,1956.24
5160,590,2024-05-13 16:49:04.844243,Complete,881,5,1820.25
5161,755,2023-02-15 11:29:20.985338,Incomplete,661,3,697.47
5162,870,2024-09-22 20:29:19.666977,Complete,884,1,102.64
5163,5,2023-09-15 16:01:20.094807,Complete,222,3,418.5
5164,580,2023-11-07 10:36:11.931503,Complete,778,1,146.42
5165,827,2024-11-20 23:25:13.444876,Complete,810,1,346.71
5166,51,2024-09-03 18:05:49.643826,Incomplete,275,3,67.17
5167,786,2023-11-06 18:47:50.463418,Incomplete,395,4,1887.4
5168,322,2024-04-23 23:24:32.328549,Incomplete,462,1,265.99
5169,409,2023-12-30 05:25:29.836710,Incomplete,94,4,192.32
5170,672,2025-01-12 23:19:58.694759,Incomplete,558,2,741.3
5171,487,2023-05-09 02:49:33.644362,Incomplete,126,2,82.86
5172,540,2024-03-15 23:53:31.203263,Complete,89,5,892.6
5173,596,2024-06-19 18:51:01.508727,Complete,313,4,467.48
5174,191,2024-07-29 20:34:53.870780,Incomplete,249,1,107.89
5175,661,2024-02-14 05:12:16.560330,Complete,761,5,118.5
5176,562,2024-06-16 15:16:07.876849,Complete,514,5,1926.0
5177,970,2023-12-14 20:45:58.604340,Incomplete,17,4,671.04
5178,938,2024-05-22 10:33:42.143292,Complete,80,5,2345.7
5179,982,2023-03-31 17:14:32.344277,Complete,679,1,237.58
5180,580,2024-11-17 00:44:20.475945,Complete,868,2,442.84
5181,677,2024-04-26 10:30:20.312959,Complete,884,1,86.45
5182,807,2023-11-16 05:57:38.892980,Incomplete,223,5,468.25
5183,801,2024-11-29 21:21:42.906104,Incomplete,481,1,458.01
5184,971,2024-09-11 01:02:01.082222,Incomplete,89,1,434.55
5185,763,2023-12-20 18:09:54.120782,Complete,393,3,1267.89
5186,609,2023-05-16 00:39:29.801620,Incomplete,348,4,848.96
5187,159,2024-12-15 19:11:49.906271,Complete,733,1,219.28
5188,668,2024-08-17 22:44:43.645819,Incomplete,772,3,282.69
5189,59,2024-05-24 00:59:55.449528,Complete,703,3,1135.41
5190,576,2023-06-11 09:24:57.544511,Incomplete,209,1,61.18
5191,416,2024-03-27 06:58:16.841641,Complete,128,5,2259.2
5192,930,2025-01-22 07:30:27.059638,Complete,186,2,878.4
5193,10,2024-01-20 15:32:35.792324,Complete,674,4,853.0
5194,949,2023-08-26 10:05:09.450498,Incomplete,858,3,1441.65
5195,103,2024-01-11 21:55:09.693344,Incomplete,93,1,351.65
5196,730,2024-02-16 09:29:01.863627,Incomplete,970,5,476.1
5197,325,2023-05-24 21:08:39.109192,Complete,575,3,957.0
5198,896,2023-10-07 18:33:39.643648,Complete,424,5,918.35
5199,59,2023-08-26 07:23:21.951284,Complete,954,3,1359.42
5200,270,2024-11-15 08:01:24.110117,Incomplete,542,4,704.16
5201,949,2024-05-15 10:08:24.675151,Incomplete,871,4,428.0
5202,274,2023-11-01 13:18:20.621103,Complete,668,5,1545.3
5203,952,2023-08-20 01:17:22.253483,Incomplete,83,3,101.82
5204,476,2024-10-30 15:07:55.129849,Complete,772,3,1081.17
5205,22,2023-02-11 10:47:17.322134,Complete,126,1,99.32
5206,662,2023-07-08 02:11:07.464172,Complete,194,1,70.52
5207,558,2023-07-29 03:48:33.579597,Complete,322,3,399.69
5208,605,2023-03-23 04:40:50.097983,Incomplete,517,1,96.59
5209,300,2023-02-10 16:06:21.000714,Complete,616,3,1389.81
5210,54,2024-09-02 19:58:10.360766,Incomplete,190,1,297.28
5211,249,2024-02-07 11:07:09.341318,Incomplete,51,4,1246.52
5212,42,2023-03-13 22:45:24.471919,Incomplete,299,1,481.21
5213,989,2024-04-18 00:01:23.780609,Incomplete,650,1,129.75
5214,602,2024-03-21 06:46:50.544307,Complete,792,5,598.9
5215,271,2024-06-24 12:39:40.605402,Complete,502,2,677.12
5216,557,2023-12-27 10:27:59.612325,Complete,492,4,562.2
5217,109,2023-04-26 00:51:51.145893,Complete,521,5,1026.6
5218,135,2024-10-11 02:40:19.761316,Complete,395,3,17.7
5219,719,2023-10-12 10:19:07.874012,Incomplete,550,2,877.76
5220,551,2024-05-21 06:30:28.436557,Incomplete,824,5,2465.1
5221,347,2024-06-04 12:40:08.310467,Complete,684,1,398.36
5222,327,2024-06-22 15:48:21.966952,Incomplete,446,1,486.36
5223,105,2023-02-17 05:57:42.382185,Complete,936,4,50.56
5224,126,2023-06-05 21:28:57.320087,Incomplete,408,2,770.34
5225,447,2024-05-06 12:33:11.096671,Complete,316,1,434.19
5226,346,2023-03-27 04:21:53.017220,Complete,983,3,31.74
5227,226,2024-03-04 11:41:20.431681,Incomplete,354,2,329.96
5228,689,2023-05-08 16:54:24.691005,Incomplete,593,5,1958.4
5229,122,2024-08-17 20:34:23.250659,Incomplete,349,5,621.65
5230,60,2023-12-31 03:38:00.711489,Incomplete,983,1,173.75
5231,366,2024-09-03 05:21:06.303344,Complete,716,3,317.37
5232,350,2023-05-21 04:15:14.583918,Incomplete,663,4,616.96
5233,647,2024-01-23 15:41:27.349946,Complete,642,1,17.97
5234,881,2024-10-05 00:37:14.705467,Incomplete,516,3,193.17
5235,293,2023-07-20 00:48:43.319029,Incomplete,454,1,384.11
5236,50,2024-06-25 16:35:52.973686,Complete,104,5,848.3
5237,798,2023-06-10 18:36:17.813506,Complete,447,5,1301.8
5238,365,2023-08-29 19:54:26.758664,Complete,958,5,701.15
5239,858,2024-10-18 23:09:23.219071,Incomplete,379,4,155.24
5240,548,2023-07-28 21:30:13.059639,Incomplete,373,5,2371.7
5241,90,2024-07-25 03:49:47.731823,Incomplete,807,2,514.92
5242,687,2023-03-14 19:14:33.859779,Complete,268,2,912.98
5243,268,2023-11-15 09:51:16.453890,Incomplete,347,3,1029.6
5244,142,2023-08-11 10:40:17.310025,Incomplete,865,4,802.88
5245,181,2024-08-09 15:54:06.381874,Incomplete,295,4,98.68
5246,163,2023-05-03 15:30:44.421456,Incomplete,522,1,39.76
5247,996,2024-12-03 11:54:32.141527,Incomplete,968,2,852.44
5248,271,2024-11-26 04:29:54.068732,Incomplete,504,4,1881.72
5249,887,2023-07-09 04:01:26.530948,Incomplete,534,4,1339.24
5250,306,2024-09-20 03:51:47.306552,Complete,506,4,1813.44
5251,526,2023-06-12 04:40:15.378248,Incomplete,456,1,284.04
5252,652,2024-08-11 20:36:33.677940,Incomplete,46,1,148.53
5253,674,2023-03-26 05:14:28.474247,Incomplete,850,1,100.0
5254,635,2024-06-08 10:52:30.557107,Complete,559,3,733.89
5255,787,2023-10-22 15:42:57.916069,Incomplete,926,4,625.64
5256,844,2023-05-19 02:12:28.762336,Incomplete,116,2,142.62
5257,616,2024-08-04 11:20:16.656589,Complete,73,3,438.99
5258,38,2024-07-11 08:10:42.193177,Incomplete,767,2,613.88
5259,258,2024-02-20 15:47:39.148767,Incomplete,567,4,1522.92
5260,81,2024-09-23 07:25:12.677538,Incomplete,502,5,844.8
5261,428,2024-06-05 00:42:19.050499,Complete,959,1,10.5
5262,988,2024-06-25 19:23:39.386487,Complete,794,3,880.65
5263,971,2023-10-20 19:35:00.457371,Incomplete,94,3,854.64
5264,793,2024-08-13 08:18:15.050597,Complete,321,4,1781.04
5265,949,2024-10-22 08:38:34.532439,Complete,73,3,543.21
5266,689,2024-12-15 21:06:19.158094,Incomplete,477,5,882.25
5267,613,2023-06-21 00:38:27.972889,Incomplete,220,3,470.07
5268,616,2024-10-28 12:38:48.520372,Complete,63,2,944.3
5269,930,2024-11-03 11:55:30.764404,Complete,524,5,2015.05
5270,489,2024-01-22 22:46:32.621652,Incomplete,357,5,1129.95
5271,712,2023-04-20 05:39:07.084193,Incomplete,986,5,1767.55
5272,721,2023-10-01 14:43:24.133976,Complete,590,4,743.44
5273,982,2023-08-10 20:47:16.947253,Complete,640,3,166.74
5274,431,2024-10-18 17:09:21.009171,Complete,509,4,573.44
5275,456,2024-01-20 20:37:36.045062,Incomplete,868,4,843.0
5276,46,2023-10-23 21:42:40.870437,Incomplete,399,5,2132.05
5277,918,2023-04-05 23:18:49.111756,Complete,638,4,1513.88
5278,576,2023-06-29 04:24:53.913908,Complete,861,2,577.6
5279,343,2024-05-02 15:25:15.556873,Incomplete,764,4,72.2
5280,235,2023-07-03 05:18:23.889168,Incomplete,416,2,271.42
5281,163,2023-10-19 18:08:03.807710,Complete,901,3,1062.12
5282,59,2024-08-28 21:00:57.557238,Incomplete,925,4,1409.16
5283,500,2023-03-29 06:52:55.223203,Incomplete,765,1,259.87
5284,968,2024-08-18 07:56:39.577460,Complete,832,5,1061.0
5285,79,2023-02-01 02:06:16.147632,Complete,955,1,154.08
5286,568,2023-12-27 10:30:44.474406,Incomplete,44,2,318.22
5287,776,2023-08-05 17:32:02.125165,Complete,79,3,1020.75
5288,703,2023-08-12 01:33:49.398781,Incomplete,496,1,291.1
5289,792,2024-06-19 00:21:47.897565,Complete,571,3,770.55
5290,597,2024-05-17 21:38:31.464639,Incomplete,767,3,1146.15
5291,481,2024-05-04 11:17:20.264652,Complete,393,2,762.52
5292,858,2023-08-17 03:30:13.957446,Incomplete,634,2,574.06
5293,786,2023-07-14 04:02:44.639665,Complete,817,3,1381.59
5294,737,2024-11-17 21:37:55.808055,Complete,441,3,1326.75
5295,293,2023-09-07 20:31:45.558748,Complete,100,5,899.4
5296,600,2024-11-27 06:55:06.178640,Incomplete,177,4,453.68
5297,721,2024-05-28 11:55:30.955023,Complete,577,1,199.91
5298,800,2023-12-15 13:23:40.231506,Incomplete,6,1,361.9
5299,99,2023-04-19 00:55:00.035367,Complete,72,4,223.6
5300,922,2025-01-01 07:10:40.302243,Complete,821,1,253.25
5301,624,2024-01-23 18:27:50.492038,Complete,991,2,682.84
5302,209,2024-07-02 10:16:52.418198,Complete,806,4,671.04
5303,815,2023-09-29 01:05:43.328925,Complete,491,5,2396.15
5304,616,2024-12-17 19:27:04.674679,Incomplete,430,1,399.26
5305,99,2024-07-22 05:18:18.903434,Complete,512,4,1509.36
5306,683,2024-12-19 15:12:45.575180,Incomplete,807,4,700.92
5307,868,2024-09-13 21:58:41.302241,Incomplete,284,1,452.06
5308,206,2024-05-07 09:50:33.658720,Complete,308,1,246.39
5309,806,2023-11-14 01:47:25.229716,Complete,511,4,921.44
5310,718,2024-01-24 06:04:28.915503,Incomplete,339,5,1966.0
5311,698,2024-08-29 09:20:43.946701,Complete,353,4,103.72
5312,716,2023-05-02 06:53:43.223021,Incomplete,546,3,684.6
5313,371,2024-05-06 10:13:53.171719,Incomplete,246,2,51.84
5314,162,2024-08-26 14:25:06.043164,Incomplete,898,3,840.36
5315,401,2023-09-06 00:17:56.820238,Incomplete,671,3,204.78
5316,505,2024-08-12 01:59:40.812263,Complete,761,4,146.8
5317,22,2023-07-18 05:37:54.237889,Complete,412,3,694.17
5318,365,2023-03-30 18:12:39.876325,Complete,82,2,74.2
5319,898,2023-10-04 15:36:58.091434,Complete,437,4,411.12
5320,587,2024-06-22 02:37:25.832995,Incomplete,792,1,313.59
5321,135,2023-05-05 14:32:05.701862,Incomplete,268,2,917.78
5322,191,2024-11-08 03:48:26.924293,Incomplete,581,1,472.22
5323,814,2024-03-01 17:06:46.286378,Complete,46,1,259.18
5324,455,2024-12-22 09:38:31.929355,Incomplete,434,3,1435.35
5325,369,2023-11-24 16:02:54.940662,Complete,433,4,916.24
5326,790,2023-09-02 15:43:09.580188,Incomplete,864,3,679.62
5327,888,2024-06-01 13:22:45.837806,Complete,909,4,1892.08
5328,571,2024-08-27 14:33:47.223974,Complete,294,5,1865.9
5329,984,2023-11-02 11:18:43.259652,Incomplete,101,3,180.09
5330,580,2024-03-25 09:08:30.827819,Complete,232,3,882.42
5331,202,2023-09-08 10:19:21.732754,Complete,359,3,1168.95
5332,16,2023-07-27 18:13:24.708766,Incomplete,991,3,636.96
5333,181,2023-09-03 18:12:12.352814,Incomplete,139,4,1117.76
5334,384,2024-06-29 17:11:25.591946,Incomplete,585,5,690.4
5335,616,2025-01-09 18:41:20.009339,Complete,17,4,1835.0
5336,807,2023-07-13 18:37:52.278029,Incomplete,471,2,784.8
5337,526,2024-08-27 06:18:20.729417,Incomplete,394,4,30.44
5338,954,2025-01-21 10:55:09.274738,Incomplete,773,5,1008.15
5339,941,2023-11-12 07:28:42.757947,Incomplete,909,3,804.99
5340,600,2023-01-31 19:14:52.228281,Incomplete,893,4,575.04
5341,352,2024-09-08 20:53:58.512230,Incomplete,510,3,895.32
5342,841,2024-06-09 02:59:07.865312,Incomplete,886,2,496.5
5343,224,2024-05-18 23:47:37.632008,Complete,21,1,44.26
5344,72,2023-08-21 22:37:14.500469,Incomplete,845,3,336.18
5345,704,2024-12-14 02:21:47.063145,Complete,934,2,742.98
5346,716,2023-03-10 17:04:17.574384,Incomplete,779,3,815.34
5347,818,2024-08-12 16:19:37.875426,Complete,67,1,82.81
5348,508,2023-10-28 14:31:09.833190,Complete,463,4,131.16
5349,906,2024-07-30 00:57:42.158535,Complete,507,3,100.92
5350,696,2024-03-21 17:29:38.891296,Incomplete,423,3,72.87
5351,649,2024-01-10 18:40:49.852206,Complete,756,4,280.92
5352,681,2023-05-15 08:59:22.070121,Complete,467,5,626.35
5353,689,2024-11-04 12:38:31.711726,Incomplete,391,3,766.5
5354,886,2023-03-29 02:02:40.358949,Complete,306,2,334.06
5355,611,2024-12-25 09:43:25.340846,Complete,614,3,1364.37
5356,236,2023-09-10 05:56:34.325057,Complete,560,2,750.2
5357,149,2023-11-28 16:34:48.634232,Incomplete,58,1,464.76
5358,218,2024-03-14 18:42:18.299830,Complete,939,1,238.27
5359,905,2023-10-11 22:35:22.852564,Incomplete,42,4,302.8
5360,917,2023-11-12 15:28:19.067822,Incomplete,539,1,457.99
5361,390,2023-04-04 12:07:49.596292,Complete,97,1,92.77
5362,576,2023-05-07 14:06:57.355778,Complete,272,1,22.57
5363,304,2023-09-28 08:29:49.632120,Complete,378,1,232.38
5364,604,2023-02-18 18:18:38.586330,Incomplete,68,5,814.6
5365,117,2023-05-17 22:54:44.089463,Incomplete,915,1,498.01
5366,973,2025-01-04 03:38:22.223975,Incomplete,494,5,1383.7
5367,723,2023-12-15 23:08:52.597891,Complete,265,3,51.39
5368,226,2023-07-01 13:03:23.492404,Incomplete,505,4,1327.48
5369,213,2024-10-19 19:47:41.646188,Incomplete,984,2,498.12
5370,88,2023-07-11 14:51:45.877557,Incomplete,394,4,1457.0
5371,528,2024-07-12 12:33:51.580097,Incomplete,246,4,1136.52
5372,36,2024-08-08 12:38:00.973301,Incomplete,10,2,251.22
5373,38,2024-12-20 03:29:20.953609,Complete,859,4,177.92
5374,836,2023-02-25 10:38:35.374918,Incomplete,702,1,275.73
5375,865,2024-04-19 12:46:31.484957,Complete,763,3,306.3
5376,60,2023-09-04 00:20:50.061867,Incomplete,983,3,663.18
5377,719,2025-01-27 03:15:36.162233,Incomplete,637,5,1403.85
5378,882,2024-09-10 12:06:41.502632,Incomplete,991,4,990.28
5379,83,2023-12-28 17:53:02.385736,Incomplete,233,2,350.5
5380,544,2024-02-21 20:26:44.916822,Complete,664,1,185.6
5381,177,2024-10-05 03:10:35.708064,Complete,732,4,806.4
5382,500,2023-03-06 03:34:07.237686,Incomplete,639,2,497.36
5383,314,2023-07-10 01:05:52.154454,Incomplete,593,1,82.32
5384,428,2024-08-01 21:18:02.613585,Complete,647,3,1353.57
5385,454,2023-08-05 07:22:03.278863,Incomplete,366,5,949.4
5386,134,2023-05-19 06:42:55.672614,Incomplete,142,3,557.58
5387,435,2024-11-13 00:13:55.360840,Complete,65,3,1088.94
5388,310,2024-10-04 05:54:31.063855,Complete,43,1,318.75
5389,289,2023-06-28 10:45:56.662531,Incomplete,399,2,995.2
5390,450,2024-12-13 22:58:23.255788,Incomplete,23,5,338.85
5391,656,2023-10-13 19:13:10.846832,Complete,563,3,400.29
5392,556,2023-04-10 00:25:51.667118,Incomplete,255,4,787.12
5393,890,2024-10-31 16:22:25.430565,Incomplete,104,3,236.22
5394,359,2023-08-15 12:10:18.491242,Incomplete,935,5,402.7
5395,534,2024-05-27 06:14:19.039182,Complete,57,5,2449.75
5396,963,2023-05-02 08:49:36.214136,Incomplete,636,4,246.88
5397,252,2023-08-09 06:43:26.348676,Complete,255,1,482.91
5398,784,2023-08-08 02:14:22.763205,Incomplete,996,5,901.35
5399,834,2024-09-09 19:18:06.494651,Incomplete,717,5,805.2
5400,646,2024-12-09 10:13:06.904235,Incomplete,434,1,188.57
5401,8,2024-08-25 06:59:33.138064,Incomplete,788,1,207.04
5402,931,2023-07-25 10:31:42.415407,Complete,975,5,2312.5
5403,805,2023-07-28 22:01:18.654536,Complete,714,4,602.12
5404,509,2023-06-26 01:40:03.773429,Complete,636,1,63.21
5405,827,2023-08-23 11:44:58.719525,Incomplete,19,5,1231.35
5406,734,2024-01-10 15:53:35.679083,Incomplete,566,5,1868.25
5407,214,2023-04-08 23:23:19.726093,Incomplete,223,4,1900.96
5408,985,2024-01-05 04:30:01.449559,Complete,357,4,1069.72
5409,679,2023-08-06 19:23:15.074336,Complete,591,5,631.0
5410,450,2024-10-11 13:04:08.959765,Incomplete,917,4,1362.36
5411,843,2023-03-07 18:29:52.648011,Complete,704,4,233.8
5412,857,2023-11-05 14:38:23.519526,Complete,224,3,101.73
5413,171,2023-09-26 09:16:40.019794,Incomplete,889,5,2131.55
5414,918,2023-12-30 19:31:16.159299,Incomplete,584,4,431.04
5415,813,2023-08-14 09:12:13.356789,Incomplete,74,2,789.38
5416,633,2024-03-22 06:06:19.565918,Incomplete,275,4,1903.2
5417,154,2023-11-07 02:14:21.499727,Incomplete,737,2,964.72
5418,219,2023-12-04 23:20:02.354365,Complete,840,5,2377.25
5419,928,2024-05-24 19:23:22.717604,Incomplete,118,3,485.19
5420,683,2023-04-25 03:20:04.098904,Incomplete,627,3,225.12
5421,604,2023-10-12 12:18:54.606569,Incomplete,979,3,604.68
5422,451,2023-12-06 09:27:13.053294,Incomplete,790,1,349.4
5423,316,2023-12-24 00:54:59.616969,Complete,688,5,1648.75
5424,263,2025-01-09 11:59:09.458242,Complete,477,5,1679.8
5425,225,2024-12-29 17:40:09.636460,Incomplete,237,3,288.3
5426,983,2023-07-24 08:27:50.239328,Incomplete,925,4,898.52
5427,496,2024-04-17 16:30:46.595670,Complete,91,3,884.37
5428,990,2023-11-17 23:42:49.356677,Complete,548,2,842.42
5429,161,2024-08-13 16:49:19.189361,Incomplete,977,1,290.32
5430,624,2023-05-04 07:51:58.307152,Incomplete,220,1,258.53
5431,786,2024-09-15 08:48:55.849105,Incomplete,127,3,734.91
5432,82,2024-02-07 12:55:43.919016,Complete,764,2,892.7
5433,101,2024-08-06 20:10:16.378857,Complete,535,5,2200.25
5434,767,2023-10-18 17:09:17.924982,Incomplete,998,5,426.2
5435,148,2024-11-18 19:17:32.173835,Incomplete,157,4,1800.64
5436,892,2024-05-30 20:49:37.896327,Incomplete,167,5,102.3
5437,420,2023-07-24 02:01:04.825780,Incomplete,523,4,1845.76
5438,308,2024-05-02 14:54:21.818519,Complete,865,2,746.82
5439,217,2024-06-10 21:00:21.365501,Incomplete,454,3,523.11
5440,650,2024-03-14 10:54:47.921165,Incomplete,855,3,1259.4
5441,67,2024-12-25 02:17:46.068688,Complete,733,5,1475.5
5442,55,2024-01-13 13:43:46.847791,Incomplete,389,5,469.15
5443,821,2024-05-05 01:22:53.777272,Complete,297,3,1334.43
5444,952,2023-02-12 23:23:39.023611,Incomplete,675,2,532.64
5445,573,2024-05-12 21:22:31.697534,Complete,426,1,207.64
5446,657,2023-03-23 18:48:17.985121,Complete,907,5,1773.85
5447,663,2023-03-05 03:13:45.742484,Complete,124,3,1196.07
5448,849,2024-06-15 18:58:14.510823,Incomplete,286,2,308.18
5449,223,2024-01-19 15:23:29.920646,Incomplete,617,1,292.17
5450,485,2024-06-11 17:22:53.667632,Complete,416,4,188.48
5451,104,2024-12-18 01:44:51.239244,Incomplete,966,2,388.6
5452,672,2024-10-02 17:06:23.483448,Incomplete,390,3,30.6
5453,843,2024-09-09 08:28:33.052082,Incomplete,713,5,1310.9
5454,625,2023-04-19 09:38:14.012725,Incomplete,493,5,2299.6
5455,286,2024-09-18 09:45:19.609927,Incomplete,343,3,1083.48
5456,12,2023-06-02 04:46:21.881810,Complete,430,4,1607.36
5457,486,2023-06-02 23:48:38.722533,Complete,937,3,620.7
5458,271,2023-07-29 16:31:52.595011,Incomplete,792,4,1620.56
5459,61,2024-06-30 20:18:58.536272,Incomplete,876,4,331.6
5460,243,2024-11-22 18:30:51.528192,Complete,290,5,1289.85
5461,909,2024-03-18 15:35:46.382315,Incomplete,276,5,1265.3
5462,339,2024-04-27 04:44:26.016692,Complete,17,2,766.28
5463,851,2023-12-18 06:43:40.594060,Incomplete,626,5,2075.8
5464,439,2024-12-08 17:11:03.916360,Complete,601,3,268.59
5465,781,2024-09-07 14:42:43.492877,Incomplete,747,5,524.05
5466,767,2023-02-22 04:32:08.636308,Incomplete,535,3,624.36
5467,648,2024-03-03 18:57:40.351848,Complete,858,3,1032.63
5468,726,2024-03-27 04:45:51.106971,Complete,461,3,24.0
5469,47,2023-11-01 08:14:45.916330,Incomplete,534,4,719.92
5470,691,2023-02-18 12:46:56.343840,Complete,113,4,1984.56
5471,10,2024-12-24 05:08:52.867161,Incomplete,984,2,815.78
5472,881,2023-01-30 11:44:08.400122,Incomplete,178,2,239.84
5473,474,2023-10-11 07:05:06.890374,Complete,141,5,1249.7
5474,871,2024-03-05 06:37:17.104351,Incomplete,103,4,65.12
5475,562,2024-12-14 17:15:51.301841,Incomplete,966,4,1813.76
5476,474,2023-12-04 17:06:56.483661,Complete,1000,4,342.16
5477,572,2024-11-12 00:15:10.212186,Complete,742,2,428.26
5478,931,2024-05-12 21:28:45.485730,Complete,213,4,1207.72
5479,877,2024-04-06 05:34:36.008480,Complete,311,1,16.23
5480,643,2024-12-20 09:56:10.024091,Incomplete,629,3,976.44
5481,86,2024-07-02 00:05:50.939878,Incomplete,839,3,770.52
5482,937,2023-08-17 20:32:54.010157,Complete,291,3,694.74
5483,867,2024-11-30 18:07:20.145410,Incomplete,865,4,1846.24
5484,494,2024-06-21 17:10:45.142637,Incomplete,182,1,458.56
5485,589,2023-09-13 00:23:53.488308,Incomplete,33,3,1364.34
5486,335,2024-09-04 01:31:50.295630,Incomplete,44,5,483.85
5487,20,2024-07-29 23:08:24.385101,Incomplete,300,5,2130.1
5488,81,2023-08-06 00:35:18.901434,Incomplete,280,3,861.24
5489,829,2023-05-16 12:52:50.062948,Complete,999,5,1397.15
5490,357,2024-12-25 13:02:01.305941,Complete,535,5,483.25
5491,282,2023-02-24 15:43:08.526783,Complete,408,3,608.25
5492,301,2023-09-27 17:22:18.879420,Incomplete,437,1,60.21
5493,532,2024-04-27 02:14:04.031096,Complete,840,5,64.1
5494,106,2023-03-27 14:27:54.051208,Incomplete,831,3,503.97
5495,269,2024-09-15 01:50:04.226005,Incomplete,778,3,377.67
5496,250,2024-06-25 21:25:33.844023,Complete,332,3,399.51
5497,630,2024-11-16 07:03:14.749038,Complete,583,1,159.47
5498,822,2023-11-12 09:27:45.514981,Complete,930,3,657.75
5499,977,2023-02-10 21:11:55.405016,Incomplete,179,4,1683.68
5500,731,2023-03-14 06:31:35.826983,Complete,354,4,312.72
5501,8,2024-01-15 07:35:15.020262,Incomplete,248,5,375.65
5502,329,2024-04-15 18:02:37.556893,Complete,573,4,1558.36
5503,80,2023-09-04 22:16:21.765047,Complete,164,5,1119.45
5504,155,2023-05-23 13:01:29.965063,Incomplete,500,2,48.82
5505,629,2024-04-18 07:16:09.776206,Incomplete,79,3,1379.31
5506,899,2023-08-17 02:21:06.920417,Complete,877,2,699.02
5507,260,2024-09-23 23:59:21.445756,Incomplete,708,4,566.52
5508,640,2024-04-24 09:28:00.760926,Complete,958,5,1645.35
5509,352,2024-01-28 07:22:50.055465,Incomplete,381,2,961.64
5510,120,2023-05-08 10:25:28.976130,Incomplete,511,4,243.56
5511,221,2024-11-29 16:27:34.932343,Complete,805,3,1148.91
5512,886,2023-03-31 05:03:40.016886,Complete,121,5,508.35
5513,373,2024-05-03 06:03:46.603952,Complete,79,4,641.64
5514,109,2023-08-22 02:32:04.967186,Complete,32,2,736.0
5515,133,2023-03-11 17:09:22.448117,Complete,194,4,1479.0
5516,569,2023-05-09 01:06:08.367990,Complete,90,3,1135.05
5517,436,2025-01-10 08:19:35.756650,Complete,419,5,174.25
5518,224,2024-06-17 01:44:51.971270,Incomplete,724,2,161.08
5519,942,2024-04-03 16:12:09.203771,Incomplete,440,5,951.45
5520,691,2023-05-16 14:47:43.476619,Complete,818,2,11.04
5521,233,2024-03-06 08:25:24.053833,Incomplete,209,4,956.44
5522,940,2023-12-04 01:50:30.267519,Incomplete,226,5,175.55
5523,668,2024-08-23 04:33:44.775031,Incomplete,16,4,554.28
5524,946,2024-03-16 10:46:09.715419,Incomplete,129,2,304.8
5525,557,2023-08-21 06:36:35.672666,Complete,581,1,171.93
5526,112,2023-09-29 05:54:34.448490,Incomplete,232,5,1209.85
5527,127,2024-11-24 13:12:45.228081,Incomplete,183,3,1239.09
5528,594,2024-03-24 22:17:21.837430,Complete,191,2,850.68
5529,795,2024-08-04 06:12:43.645492,Complete,87,2,960.86
5530,280,2023-09-11 07:08:46.130786,Complete,284,2,571.1
5531,148,2024-12-08 16:33:51.945962,Complete,625,3,997.62
5532,216,2024-07-04 09:57:02.890967,Incomplete,695,4,1600.52
5533,450,2024-07-10 02:50:25.136194,Incomplete,949,4,1551.16
5534,848,2023-10-25 10:37:18.015430,Incomplete,680,3,795.51
5535,491,2024-01-21 19:33:44.700949,Complete,478,4,543.12
5536,55,2024-04-03 06:07:53.225880,Complete,71,4,196.6
5537,451,2023-04-09 22:51:04.602306,Incomplete,608,2,543.9
5538,566,2023-05-14 18:27:16.214796,Complete,827,5,1586.1
5539,585,2024-11-20 11:01:14.804315,Incomplete,701,4,1723.72
5540,735,2023-02-16 02:24:31.966096,Complete,874,2,364.36
5541,456,2023-09-12 02:44:10.946041,Complete,594,4,274.96
5542,330,2023-05-31 02:09:33.905348,Complete,460,3,1048.05
5543,320,2024-09-08 21:01:28.814024,Complete,562,3,203.91
5544,56,2023-02-22 16:29:36.489654,Complete,448,3,258.51
5545,198,2024-06-30 07:42:22.968054,Incomplete,468,3,832.38
5546,455,2024-11-02 04:08:41.408853,Incomplete,562,5,2290.9
5547,287,2024-03-20 23:00:16.772620,Incomplete,548,5,1215.2
5548,688,2023-12-22 11:14:26.451950,Incomplete,916,4,490.12
5549,317,2024-06-12 04:19:58.446384,Complete,617,3,183.0
5550,667,2024-03-10 05:53:02.835668,Complete,899,1,114.65
5551,484,2024-01-08 23:35:34.902614,Incomplete,851,2,464.88
5552,823,2023-03-06 18:25:05.257751,Complete,556,5,1525.75
5553,879,2024-10-23 13:32:28.661381,Complete,13,5,569.35
5554,902,2024-03-09 16:24:56.223341,Complete,344,3,317.34
5555,777,2024-04-05 22:23:34.427635,Complete,96,4,1892.68
5556,413,2024-09-18 13:14:08.169851,Complete,124,5,1646.35
5557,373,2024-11-29 09:46:41.665296,Complete,549,2,242.78
5558,693,2023-11-15 04:25:42.876777,Incomplete,789,1,491.79
5559,731,2024-03-04 19:57:30.473258,Incomplete,832,1,42.77
5560,785,2023-04-01 21:41:47.518253,Complete,713,1,304.72
5561,807,2023-11-17 12:43:49.178233,Incomplete,680,1,187.47
5562,333,2024-06-15 21:44:25.786194,Complete,942,5,2260.9
5563,53,2024-10-27 19:34:07.898836,Complete,458,4,905.36
5564,477,2023-11-27 23:07:11.635435,Complete,954,3,747.93
5565,39,2024-10-17 23:14:05.482730,Incomplete,401,4,456.48
5566,979,2023-11-06 00:07:19.140716,Complete,109,5,1644.6
5567,345,2023-09-16 18:32:08.644979,Complete,935,5,1890.75
5568,732,2023-04-06 08:22:26.639220,Complete,256,5,1129.95
5569,129,2024-06-19 22:55:53.699773,Complete,155,5,2175.8
5570,836,2023-05-02 15:47:47.041015,Complete,78,4,1558.28
5571,326,2024-01-04 02:29:33.621113,Incomplete,976,4,353.52
5572,597,2023-02-18 01:43:42.747047,Incomplete,919,3,314.91
5573,628,2024-01-04 07:18:29.391117,Incomplete,330,5,892.35
5574,731,2024-08-23 14:27:41.724156,Complete,742,2,23.82
5575,486,2023-02-16 03:41:35.229745,Incomplete,447,3,98.46
5576,961,2023-03-27 11:48:11.046043,Complete,108,4,877.6
5577,594,2023-02-25 08:56:34.857669,Complete,27,2,573.48
5578,351,2024-10-24 02:32:39.756610,Incomplete,451,5,1172.75
5579,365,2023-08-16 16:04:49.846418,Incomplete,429,2,15.16
5580,757,2023-03-01 22:57:45.538491,Incomplete,385,1,405.19
5581,843,2024-10-06 20:21:54.475625,Incomplete,454,2,347.54
5582,825,2024-11-26 03:58:06.781483,Complete,135,4,1834.4
5583,837,2023-11-03 23:41:06.818380,Complete,63,3,1336.5
5584,192,2023-04-17 13:09:13.164347,Complete,219,2,612.86
5585,38,2024-02-02 02:59:48.889882,Incomplete,928,2,500.0
5586,28,2023-12-09 20:59:34.224762,Complete,824,1,342.18
5587,938,2023-07-12 12:39:46.001462,Incomplete,82,1,273.86
5588,800,2024-10-03 14:30:49.980208,Complete,264,3,432.51
5589,831,2023-02-21 11:17:50.967115,Incomplete,541,2,415.02
5590,183,2023-11-29 16:01:29.404367,Incomplete,119,3,824.07
5591,475,2024-08-22 07:27:59.548268,Incomplete,967,5,594.15
5592,843,2024-04-01 22:09:58.365064,Complete,944,1,73.62
5593,626,2024-09-26 11:11:36.206763,Incomplete,731,5,2273.45
5594,901,2024-07-01 19:43:12.713602,Incomplete,103,2,616.94
5595,406,2023-04-30 10:57:56.146675,Incomplete,49,4,1358.0
5596,705,2024-03-07 19:19:28.007670,Incomplete,361,5,2177.3
5597,799,2023-03-11 16:56:04.271907,Complete,821,3,619.38
5598,714,2023-05-17 17:26:34.262942,Complete,53,3,617.34
5599,265,2024-04-29 04:27:54.066921,Complete,141,3,1480.65
5600,954,2023-04-07 06:51:26.488400,Incomplete,118,4,821.6
5601,559,2023-11-25 10:33:38.278959,Complete,34,3,1211.55
5602,613,2023-09-06 13:43:14.443474,Complete,221,2,461.86
5603,884,2025-01-08 22:08:39.304368,Complete,481,4,1144.16
5604,231,2023-10-08 19:24:20.981811,Incomplete,133,2,420.32
5605,632,2024-10-11 19:17:41.894075,Complete,355,3,98.94
5606,456,2023-11-06 00:55:58.110710,Complete,188,4,223.72
5607,82,2024-03-04 18:15:13.589281,Incomplete,535,4,550.92
5608,250,2024-04-17 03:29:11.214343,Complete,271,4,650.16
5609,655,2023-07-23 10:58:16.936116,Complete,889,5,1541.6
5610,881,2024-10-29 08:36:32.783817,Incomplete,296,4,99.28
5611,427,2023-01-30 13:52:21.419021,Incomplete,884,5,1471.95
5612,956,2024-01-08 05:25:57.999804,Incomplete,356,2,661.3
5613,134,2023-08-14 20:19:13.891714,Complete,465,4,1208.92
5614,354,2023-04-01 08:09:05.219846,Incomplete,810,2,400.76
5615,972,2024-06-19 19:18:43.485059,Complete,152,4,1755.4
5616,2,2024-05-11 17:13:44.190748,Incomplete,703,5,840.9
5617,804,2024-12-27 10:17:00.377931,Incomplete,994,2,493.46
5618,875,2024-06-25 03:01:23.232717,Complete,912,1,334.71
5619,196,2023-11-20 06:41:31.821941,Incomplete,380,1,110.34
5620,946,2023-04-28 09:25:37.249885,Complete,200,2,285.34
5621,963,2024-02-18 23:34:02.289004,Incomplete,461,5,752.95
5622,72,2024-01-02 17:01:14.036067,Incomplete,546,2,888.16
5623,334,2023-03-12 06:25:14.042276,Incomplete,359,1,182.08
5624,961,2024-06-10 19:00:41.251355,Incomplete,947,5,642.8
5625,796,2023-10-16 01:28:22.208264,Incomplete,678,2,273.94
5626,908,2024-07-08 01:41:27.792511,Incomplete,281,2,525.0
5627,99,2023-10-02 21:06:27.451091,Complete,490,2,770.52
5628,828,2023-09-04 04:51:32.019396,Incomplete,251,2,578.48
5629,389,2023-08-18 20:10:34.196297,Complete,609,2,496.4
5630,167,2023-09-22 17:13:33.148875,Incomplete,239,1,426.33
5631,141,2024-09-12 23:03:35.871991,Incomplete,90,2,293.2
5632,468,2024-06-27 08:33:04.573651,Complete,69,2,875.02
5633,178,2024-07-01 19:27:43.865637,Incomplete,20,3,1283.55
5634,719,2023-04-08 07:58:22.606898,Complete,628,5,2402.05
5635,821,2023-02-06 03:20:25.391945,Incomplete,701,1,454.61
5636,767,2023-12-13 08:41:54.297231,Complete,557,5,1569.15
5637,652,2023-08-12 15:00:14.951947,Complete,859,4,652.76
5638,505,2024-09-22 02:03:22.458322,Incomplete,503,2,117.26
5639,545,2024-10-30 19:48:37.647773,Complete,202,3,154.47
5640,370,2024-02-27 19:17:52.507726,Incomplete,38,1,480.21
5641,281,2024-10-09 05:57:49.177419,Incomplete,917,1,408.18
5642,7,2024-06-19 20:28:02.680308,Complete,312,1,199.16
5643,280,2023-06-04 16:29:09.749034,Complete,547,3,1277.94
5644,707,2024-08-03 11:44:39.780770,Incomplete,639,5,2050.3
5645,912,2024-09-06 10:30:25.317390,Complete,11,2,256.12
5646,557,2024-09-17 19:28:45.421778,Complete,803,3,387.39
5647,243,2024-05-23 06:14:44.831446,Incomplete,23,3,976.59
5648,688,2024-05-13 04:40:33.659209,Incomplete,291,1,344.01
5649,580,2024-04-25 04:47:02.342843,Incomplete,503,5,1140.5
5650,377,2023-12-05 07:59:15.774178,Complete,875,3,363.9
5651,948,2023-10-23 02:30:29.280973,Complete,187,3,529.89
5652,89,2023-12-16 06:26:21.700043,Complete,228,4,154.04
5653,293,2024-01-03 11:32:26.096101,Incomplete,583,3,17.28
5654,571,2024-07-09 20:37:05.547081,Complete,237,5,103.0
5655,628,2023-12-19 12:08:58.069667,Complete,473,3,1295.61
5656,688,2025-01-05 07:15:42.582757,Incomplete,569,4,812.28
5657,501,2023-06-18 19:11:58.880551,Complete,281,5,1853.1
5658,655,2024-04-18 21:39:29.800415,Incomplete,377,1,259.73
5659,39,2024-11-20 08:52:42.813934,Incomplete,219,5,1211.75
5660,493,2023-08-16 07:15:26.096298,Incomplete,737,2,390.76
5661,535,2023-02-03 08:14:12.025569,Complete,491,1,21.36
5662,430,2023-06-22 19:59:56.190017,Incomplete,546,4,889.4
5663,239,2025-01-11 11:53:51.592663,Complete,970,3,1191.45
5664,316,2024-01-10 06:54:20.930840,Incomplete,179,1,183.75
5665,212,2023-01-30 19:51:59.051313,Complete,887,1,241.02
5666,115,2023-11-15 10:45:12.204193,Complete,301,5,2361.7
5667,716,2024-04-02 10:19:29.133482,Incomplete,608,1,435.6
5668,97,2023-12-11 07:38:59.076071,Complete,399,1,159.68
5669,982,2024-01-14 00:25:03.744063,Incomplete,12,1,450.87
5670,933,2024-09-29 07:44:50.139669,Complete,399,1,189.54
5671,313,2024-11-04 18:13:50.974816,Incomplete,249,4,1227.16
5672,864,2023-07-13 15:37:38.521396,Incomplete,962,4,613.96
5673,45,2024-04-27 02:29:36.581696,Incomplete,588,4,1216.0
5674,281,2024-12-18 21:37:22.733357,Incomplete,326,4,1282.96
5675,400,2023-09-30 11:15:58.173969,Incomplete,219,1,458.19
5676,520,2023-05-25 13:10:17.018080,Incomplete,274,1,452.56
5677,86,2025-01-10 12:54:28.009817,Complete,702,2,241.88
5678,570,2023-11-15 11:32:45.290329,Incomplete,217,3,1224.06
5679,786,2023-11-12 18:03:07.136322,Complete,658,5,2011.9
5680,467,2024-07-08 16:44:37.079361,Incomplete,696,2,482.3
5681,844,2024-01-14 18:21:32.808260,Complete,534,2,362.38
5682,251,2023-10-21 02:09:10.743168,Incomplete,833,3,549.72
5683,905,2024-11-18 16:26:28.395856,Complete,993,2,446.92
5684,584,2023-08-16 17:51:48.279201,Incomplete,344,5,66.8
5685,945,2023-04-14 01:37:20.343655,Complete,999,2,317.58
5686,798,2024-11-29 14:18:30.812460,Complete,255,4,1078.04
5687,80,2023-11-26 02:03:02.947923,Incomplete,573,2,350.6
5688,799,2023-08-14 15:16:23.845356,Incomplete,943,4,339.76
5689,356,2023-07-08 22:22:10.551134,Complete,178,1,441.35
5690,229,2024-07-18 10:36:39.465610,Complete,789,2,754.88
5691,200,2024-03-22 14:40:21.254691,Complete,408,3,692.49
5692,735,2024-07-01 17:40:02.474382,Incomplete,197,4,239.12
5693,899,2024-08-12 00:23:18.442340,Complete,281,2,498.14
5694,616,2023-09-18 06:39:12.904802,Complete,832,2,758.06
5695,844,2024-01-25 19:29:44.276908,Complete,402,1,252.37
5696,7,2023-01-28 07:05:52.768850,Incomplete,593,1,154.8
5697,98,2023-05-21 13:56:30.256235,Incomplete,992,5,1675.25
5698,787,2024-11-16 15:50:11.542608,Incomplete,61,5,1696.25
5699,696,2023-11-30 08:12:07.536523,Complete,387,3,272.1
5700,809,2023-12-08 05:48:37.341426,Complete,748,1,155.5
5701,490,2024-01-17 07:04:31.420753,Complete,536,5,1556.9
5702,503,2024-06-28 18:45:38.001478,Complete,981,2,751.26
5703,347,2024-12-17 00:45:37.354980,Incomplete,728,2,345.96
5704,626,2024-04-08 12:11:01.173798,Complete,264,4,253.64
5705,455,2024-04-02 10:59:27.184631,Complete,888,3,873.15
5706,90,2023-07-18 09:02:20.982477,Complete,528,2,352.38
5707,76,2024-11-18 03:04:47.790459,Complete,587,1,361.41
5708,627,2024-12-04 21:40:56.667753,Complete,249,5,466.9
5709,673,2023-10-09 03:48:02.270808,Incomplete,403,4,1470.8
5710,540,2024-05-27 08:18:09.022240,Incomplete,398,4,721.12
5711,36,2023-10-19 15:50:27.245643,Complete,333,4,141.76
5712,648,2024-09-01 01:47:58.934425,Incomplete,378,2,593.52
5713,905,2023-04-06 13:45:26.245425,Incomplete,561,2,319.6
5714,253,2024-05-23 23:16:57.852518,Incomplete,487,1,459.96
5715,612,2023-10-26 06:13:09.211623,Incomplete,677,2,462.86
5716,432,2024-01-05 08:10:27.692931,Complete,416,3,1359.63
5717,324,2023-12-13 21:30:32.345881,Incomplete,865,5,1869.9
5718,677,2023-07-03 23:46:08.072715,Incomplete,64,5,2049.3
5719,220,2024-02-23 21:28:08.794966,Incomplete,527,3,751.23
5720,425,2024-09-15 05:40:05.170377,Incomplete,258,3,1481.94
5721,854,2023-06-20 18:34:10.807400,Complete,187,2,710.9
5722,839,2024-12-18 14:22:31.781759,Incomplete,493,1,106.78
5723,260,2024-02-03 13:20:10.806720,Complete,270,1,333.02
5724,190,2024-06-11 17:24:58.897976,Incomplete,37,3,121.56
5725,876,2025-01-21 07:21:27.343738,Complete,88,1,45.28
5726,738,2024-08-22 12:18:06.173135,Incomplete,945,5,376.15
5727,867,2024-06-15 15:05:49.954929,Complete,983,3,1000.02
5728,866,2023-10-30 10:45:32.835103,Complete,24,2,180.04
5729,529,2023-04-02 18:28:14.762574,Complete,608,4,165.28
5730,171,2023-03-19 12:16:23.399489,Incomplete,753,1,417.29
5731,293,2023-07-07 01:53:39.180976,Complete,757,4,1407.64
5732,645,2023-05-12 18:38:42.934476,Incomplete,226,2,311.78
5733,776,2023-12-14 12:03:30.339670,Incomplete,371,1,371.72
5734,422,2024-08-14 03:27:50.794300,Incomplete,648,3,19.08
5735,176,2024-10-21 09:30:43.769745,Complete,911,1,45.24
5736,789,2024-12-06 04:29:17.991143,Complete,398,2,17.6
5737,11,2023-01-29 21:30:22.252997,Complete,493,4,1973.92
5738,341,2023-03-21 20:52:04.192975,Incomplete,752,3,658.8
5739,717,2023-03-04 22:24:17.239695,Complete,527,1,407.89
5740,323,2024-07-19 12:19:02.711718,Incomplete,171,2,653.5
5741,489,2023-06-11 15:39:42.454504,Incomplete,232,5,1023.5
5742,207,2024-01-21 11:00:39.407460,Incomplete,789,2,672.82
5743,798,2025-01-07 03:24:33.237475,Incomplete,874,3,762.33
5744,469,2024-09-16 00:09:57.434263,Incomplete,765,2,265.04
5745,797,2023-08-04 04:50:17.161806,Incomplete,723,2,273.82
5746,823,2023-03-16 16:44:39.999471,Incomplete,602,5,1424.95
5747,528,2024-10-27 09:58:14.424789,Complete,603,2,283.9
5748,873,2023-11-30 04:36:50.139434,Incomplete,79,3,1428.36
5749,414,2024-07-19 14:04:09.684550,Complete,430,1,464.44
5750,250,2024-11-23 17:45:06.990521,Complete,286,5,2158.6
5751,399,2024-11-29 14:04:05.514736,Complete,206,5,2218.15
5752,918,2024-06-04 19:07:07.346224,Complete,298,3,963.93
5753,325,2024-02-08 00:55:59.729793,Complete,247,1,95.94
5754,709,2023-01-31 09:31:52.544052,Incomplete,475,2,166.26
5755,899,2023-04-27 08:44:53.474894,Complete,619,4,855.32
5756,158,2023-12-25 08:20:07.578508,Incomplete,220,1,197.27
5757,708,2023-07-10 01:19:43.211477,Incomplete,407,4,1697.84
5758,39,2024-08-10 10:48:18.788095,Complete,937,1,315.96
5759,818,2023-11-21 23:47:57.281587,Incomplete,3,2,655.04
5760,672,2023-11-28 02:00:04.926999,Complete,923,5,1415.4
5761,445,2024-06-26 09:32:34.845905,Incomplete,270,2,545.92
5762,113,2023-04-30 02:50:58.239166,Incomplete,333,3,786.33
5763,480,2023-03-13 01:30:23.729023,Complete,724,2,364.38
5764,567,2023-07-07 10:12:52.566684,Complete,364,5,1359.45
5765,136,2024-07-08 12:36:00.777908,Incomplete,115,3,436.02
5766,307,2023-12-23 19:43:36.195132,Complete,588,1,496.59
5767,183,2023-12-12 11:56:00.644570,Complete,465,3,287.19
5768,595,2024-05-01 00:01:49.987691,Complete,538,2,19.6
5769,400,2023-02-10 03:56:16.737463,Incomplete,41,1,99.02
5770,452,2023-09-12 00:09:21.676678,Complete,386,1,142.86
5771,559,2025-01-07 14:01:11.462840,Complete,566,5,1284.5
5772,788,2023-07-04 16:28:32.050552,Incomplete,828,2,524.48
5773,642,2024-04-26 04:42:19.963441,Incomplete,65,3,551.94
5774,521,2025-01-11 12:59:11.287076,Incomplete,788,4,1576.76
5775,83,2023-08-19 07:17:55.639168,Incomplete,3,4,418.84
5776,823,2024-01-27 09:29:02.699332,Incomplete,551,2,544.78
5777,639,2023-11-23 02:53:40.762288,Complete,523,4,914.0
5778,248,2024-05-16 11:09:23.646873,Incomplete,746,2,53.18
5779,57,2024-09-27 06:22:37.989721,Incomplete,252,1,378.68
5780,742,2024-07-11 02:12:21.964689,Incomplete,356,3,540.0
5781,674,2024-02-11 02:22:32.279768,Complete,825,3,660.15
5782,952,2023-06-15 00:20:44.326659,Incomplete,57,5,1504.25
5783,102,2024-11-19 18:33:27.667503,Complete,356,4,1084.04
5784,440,2023-08-02 03:35:33.229387,Incomplete,206,3,69.48
5785,962,2023-05-05 14:57:16.492041,Incomplete,282,3,600.21
5786,730,2024-05-04 16:46:30.395144,Complete,13,1,436.33
5787,862,2023-11-09 04:25:42.677200,Complete,516,3,1368.21
5788,518,2024-03-09 14:16:17.520681,Complete,133,4,1317.08
5789,904,2024-04-14 16:35:30.968465,Incomplete,998,3,1119.27
5790,796,2024-07-30 08:36:53.098334,Incomplete,441,3,836.22
5791,808,2023-09-28 08:33:37.597319,Complete,178,5,904.35
5792,34,2023-09-22 02:34:29.174384,Incomplete,430,1,367.22
5793,779,2024-08-24 18:47:43.931258,Complete,316,2,249.98
5794,63,2024-08-14 00:18:03.999108,Incomplete,50,2,993.74
5795,427,2023-12-29 19:25:05.171300,Incomplete,853,2,424.22
5796,168,2023-03-07 06:05:09.512959,Complete,807,2,235.2
5797,627,2023-11-20 12:12:24.933838,Complete,158,3,1091.64
5798,913,2024-09-27 15:57:43.800963,Incomplete,999,1,207.98
5799,944,2023-02-23 02:00:54.650505,Complete,307,1,391.23
5800,489,2023-07-11 19:07:06.202409,Complete,611,3,504.96
5801,694,2024-03-28 04:00:07.564833,Complete,450,1,122.9
5802,732,2023-11-12 15:42:49.937860,Incomplete,768,4,181.4
5803,145,2024-05-10 22:04:14.986932,Incomplete,68,2,990.4
5804,264,2023-10-31 09:48:39.724016,Incomplete,480,2,571.76
5805,353,2024-11-19 02:32:17.180444,Incomplete,706,4,1331.52
5806,566,2023-06-08 08:47:08.620127,Incomplete,502,3,30.3
5807,632,2024-05-21 10:20:42.818664,Incomplete,404,3,580.98
5808,974,2024-01-05 09:56:11.969034,Complete,756,2,354.92
5809,847,2024-03-28 15:31:38.928709,Complete,999,4,1906.16
5810,36,2024-05-20 11:21:49.621651,Complete,652,3,485.31
5811,423,2024-06-09 06:26:59.699859,Incomplete,217,2,576.76
5812,576,2024-08-14 23:51:09.816576,Incomplete,754,1,359.96
5813,162,2023-02-05 08:24:13.446353,Incomplete,840,1,334.22
5814,4,2024-06-19 01:28:21.466104,Incomplete,307,4,1207.2
5815,321,2023-11-13 01:21:22.026988,Incomplete,14,2,916.4
5816,550,2023-11-13 02:57:48.479915,Complete,796,5,589.65
5817,774,2023-09-29 20:20:30.375906,Incomplete,593,2,745.6
5818,157,2024-08-14 02:19:47.954494,Complete,140,4,62.92
5819,849,2023-04-17 05:30:44.368289,Complete,410,4,1012.92
5820,455,2024-07-06 18:22:16.891229,Incomplete,233,2,581.96
5821,419,2023-08-25 12:06:27.817845,Complete,426,2,661.2
5822,686,2023-02-09 05:16:45.581017,Complete,144,2,448.78
5823,336,2024-08-30 05:36:50.621542,Incomplete,938,1,137.5
5824,253,2024-07-05 21:43:25.103950,Incomplete,202,2,63.52
5825,489,2024-01-19 10:54:23.023460,Complete,769,3,1416.27
5826,71,2024-05-11 19:05:37.052583,Incomplete,554,1,184.81
5827,40,2023-11-29 10:02:23.371997,Complete,812,3,343.41
5828,29,2023-03-26 06:37:37.584824,Complete,420,2,452.18
5829,238,2023-05-17 04:11:30.567888,Complete,103,5,1038.15
5830,139,2024-12-28 10:54:34.055735,Complete,949,5,532.75
5831,849,2024-08-01 09:39:28.426371,Incomplete,730,2,10.48
5832,625,2024-01-05 17:27:00.137405,Complete,542,1,357.98
5833,789,2023-08-04 18:47:44.369112,Incomplete,435,2,718.92
5834,926,2024-05-21 20:30:18.160823,Incomplete,913,3,1092.0
5835,468,2023-08-13 17:19:14.937895,Complete,726,4,1541.68
5836,927,2023-06-02 00:38:39.367424,Complete,18,4,1310.52
5837,13,2024-07-18 12:47:20.487184,Complete,846,3,1162.2
5838,639,2023-10-29 12:45:01.391633,Complete,200,1,199.87
5839,145,2024-04-03 12:22:51.039959,Complete,484,2,392.3
5840,720,2024-11-10 22:59:41.683698,Incomplete,978,4,413.52
5841,957,2023-06-29 18:36:34.360918,Incomplete,794,2,945.18
5842,973,2024-05-18 08:09:08.038223,Complete,337,1,233.9
5843,365,2024-09-12 05:15:25.572749,Complete,219,1,41.47
5844,591,2024-10-09 23:44:02.941407,Incomplete,721,3,101.94
5845,488,2024-01-02 13:27:12.125549,Incomplete,313,3,351.72
5846,359,2024-03-08 12:02:01.915367,Complete,854,2,48.04
5847,233,2024-12-21 07:07:19.499228,Complete,2,4,1687.08
5848,314,2023-06-10 08:40:48.581273,Incomplete,468,3,274.47
5849,193,2024-09-10 10:19:24.222361,Incomplete,27,1,74.75
5850,934,2024-02-03 06:15:35.648417,Complete,932,5,1498.1
5851,94,2023-04-22 10:35:45.333274,Incomplete,990,4,278.24
5852,464,2023-11-02 01:44:43.940437,Complete,143,5,1423.55
5853,213,2023-09-30 05:04:55.648633,Complete,716,2,207.1
5854,207,2024-10-09 19:41:07.773245,Complete,520,4,24.8
5855,191,2023-05-30 08:43:01.124802,Complete,374,2,84.46
5856,920,2023-05-22 03:40:46.735689,Incomplete,384,1,41.51
5857,980,2024-04-07 14:20:51.740810,Complete,766,2,836.14
5858,178,2023-04-22 05:31:10.812569,Complete,45,1,474.23
5859,465,2024-12-02 22:44:41.038272,Incomplete,85,1,189.73
5860,587,2024-10-01 21:03:39.627360,Complete,998,1,42.79
5861,249,2023-02-26 05:40:13.320040,Incomplete,869,4,1181.08
5862,210,2023-02-06 21:11:50.107446,Incomplete,203,2,230.0
5863,194,2023-03-17 18:48:12.489030,Complete,138,1,315.09
5864,201,2024-04-20 17:34:41.720101,Complete,783,3,1075.92
5865,299,2023-12-21 10:58:39.095934,Incomplete,204,4,1438.44
5866,870,2024-06-21 18:40:51.794409,Incomplete,424,4,278.64
5867,752,2024-03-21 00:29:03.752017,Incomplete,206,4,62.04
5868,339,2023-04-24 16:33:56.444807,Complete,214,1,120.81
5869,687,2023-11-25 07:16:15.412526,Incomplete,675,2,918.7
5870,225,2024-10-14 12:21:49.788609,Incomplete,173,5,1971.15
5871,567,2023-11-30 11:11:16.592833,Complete,150,1,99.73
5872,745,2023-06-22 13:37:42.840941,Incomplete,690,4,616.64
5873,518,2024-12-05 19:59:49.744843,Complete,22,1,11.85
5874,680,2023-12-15 11:25:25.741665,Complete,118,4,1645.72
5875,192,2024-11-28 11:05:21.115633,Complete,95,2,633.98
5876,668,2023-07-11 22:17:30.363315,Incomplete,862,2,921.86
5877,281,2024-12-31 11:10:45.411972,Complete,616,4,422.32
5878,653,2024-02-22 08:31:11.009975,Incomplete,102,5,76.05
5879,564,2023-07-02 04:36:57.019849,Incomplete,307,2,900.9
5880,778,2023-04-01 15:20:27.956766,Complete,867,5,199.85
5881,302,2024-12-03 03:21:31.656446,Incomplete,524,4,1924.48
5882,722,2024-09-22 07:50:40.957870,Complete,109,4,1310.52
5883,837,2024-09-01 20:36:06.040867,Complete,503,2,822.48
5884,207,2024-03-28 05:22:04.662717,Complete,10,2,255.18
5885,434,2024-12-18 21:36:34.317067,Incomplete,872,5,76.1
5886,985,2024-11-03 16:53:06.190147,Incomplete,225,5,985.6
5887,113,2024-11-30 09:54:40.802605,Incomplete,149,1,96.64
5888,873,2024-05-05 15:17:13.184918,Incomplete,585,2,832.56
5889,240,2025-01-05 10:14:57.359448,Incomplete,10,5,798.35
5890,516,2023-01-31 12:38:50.083886,Complete,443,1,463.28
5891,350,2024-03-03 12:56:22.819350,Incomplete,873,2,546.98
5892,914,2024-06-14 03:50:28.901251,Incomplete,737,1,273.05
5893,273,2024-09-10 02:46:29.847312,Incomplete,729,2,699.04
5894,783,2024-05-30 17:09:36.167367,Incomplete,779,5,58.1
5895,38,2024-03-11 06:46:21.588317,Complete,400,2,987.36
5896,515,2024-10-16 19:12:59.923146,Incomplete,725,5,1802.15
5897,23,2024-10-25 02:15:34.691949,Complete,593,1,464.45
5898,617,2024-07-11 21:34:14.961332,Incomplete,171,5,918.2
5899,453,2024-03-18 00:38:10.750445,Incomplete,119,1,497.68
5900,502,2023-07-04 10:55:36.360699,Complete,459,3,39.24
5901,487,2024-06-15 03:49:29.817863,Complete,507,4,1270.56
5902,362,2024-03-28 17:40:33.438994,Incomplete,163,5,2277.4
5903,782,2023-04-23 12:35:36.739571,Incomplete,525,3,1101.42
5904,668,2023-03-26 20:30:35.460219,Complete,182,3,835.95
5905,606,2024-03-30 14:05:31.137689,Complete,157,2,165.0
5906,106,2023-02-15 07:10:17.732558,Complete,377,3,177.3
5907,677,2024-03-24 12:36:13.773799,Incomplete,2,3,881.85
5908,448,2024-03-26 03:58:09.431459,Incomplete,819,2,68.0
5909,336,2024-09-03 03:23:52.272251,Complete,901,3,180.39
5910,366,2024-08-19 10:44:19.843095,Incomplete,16,4,317.36
5911,387,2023-11-07 03:09:38.721915,Complete,485,2,684.86
5912,24,2024-07-03 04:07:49.325872,Incomplete,557,5,1868.1
5913,724,2023-05-24 10:46:16.642777,Complete,424,1,19.74
5914,929,2024-08-10 01:27:09.735239,Complete,670,2,44.56
5915,908,2023-12-26 03:35:08.542779,Incomplete,779,2,88.78
5916,732,2023-01-29 10:00:48.909278,Incomplete,616,4,1804.92
5917,968,2025-01-07 06:48:31.937816,Incomplete,280,4,706.6
5918,932,2024-10-18 20:51:21.137190,Complete,487,2,116.0
5919,28,2023-02-09 06:06:56.481231,Incomplete,621,1,448.71
5920,524,2023-09-25 02:56:02.121309,Complete,168,3,592.11
5921,349,2023-11-19 11:39:59.744730,Incomplete,968,1,54.75
5922,550,2023-01-29 04:59:34.454359,Incomplete,44,2,947.4
5923,618,2024-10-25 09:22:42.752733,Incomplete,365,3,548.85
5924,656,2024-01-16 09:18:44.244004,Complete,724,2,711.94
5925,363,2024-08-28 19:01:48.180273,Incomplete,601,4,1134.92
5926,546,2023-09-20 13:00:22.700288,Complete,514,1,212.52
5927,75,2024-07-26 03:18:27.760436,Incomplete,861,3,1116.63
5928,631,2024-03-01 19:41:10.842816,Complete,347,4,642.0
5929,908,2023-06-03 02:27:27.944661,Incomplete,354,1,493.14
5930,364,2023-12-31 00:35:36.299835,Complete,911,5,1199.25
5931,746,2024-04-07 18:01:07.371947,Complete,735,2,398.02
5932,394,2024-07-11 18:41:00.084979,Incomplete,208,4,107.92
5933,294,2023-08-14 03:11:50.255260,Complete,426,3,547.26
5934,179,2024-10-20 23:27:32.583848,Incomplete,343,3,1190.34
5935,616,2024-11-01 09:13:04.859696,Complete,821,1,302.43
5936,990,2023-05-30 16:59:07.504681,Complete,669,2,775.6
5937,946,2024-12-12 06:06:11.730488,Incomplete,468,1,137.84
5938,692,2023-02-10 07:27:58.886558,Incomplete,45,5,694.25
5939,888,2024-05-09 01:37:07.441347,Complete,339,3,924.15
5940,576,2024-10-10 07:45:15.632803,Incomplete,470,4,979.28
5941,916,2023-12-29 02:39:13.562227,Complete,2,2,722.16
5942,206,2023-02-02 01:23:19.514274,Incomplete,786,1,275.67
5943,406,2025-01-12 05:34:40.331366,Complete,457,1,102.74
5944,174,2023-12-12 12:34:50.071734,Complete,912,3,900.42
5945,575,2023-06-18 00:46:38.729537,Complete,525,5,1942.1
5946,874,2024-10-14 19:54:02.596474,Incomplete,659,5,1523.85
5947,47,2023-12-29 07:18:00.053480,Incomplete,957,1,403.61
5948,624,2024-08-15 21:14:11.076284,Incomplete,723,4,757.88
5949,904,2023-11-06 12:26:54.165459,Complete,244,2,320.0
5950,975,2023-05-20 09:49:07.840561,Incomplete,929,5,1618.9
5951,906,2023-10-18 20:45:46.236506,Complete,403,1,410.64
5952,346,2023-02-18 04:33:38.729885,Incomplete,675,1,483.94
5953,782,2024-04-18 13:31:20.245684,Incomplete,737,2,212.24
5954,940,2024-04-30 16:46:09.885568,Incomplete,475,2,702.48
5955,290,2024-10-07 04:38:51.355988,Complete,148,3,1187.85
5956,669,2024-04-21 17:53:07.645661,Complete,812,5,1117.75
5957,86,2024-09-23 14:38:26.336958,Complete,416,4,1425.84
5958,310,2023-05-20 08:26:47.813610,Incomplete,262,3,240.0
5959,84,2023-12-21 02:22:21.176879,Complete,345,5,1084.8
5960,526,2024-01-06 11:31:07.142008,Complete,346,4,747.44
5961,20,2023-08-21 00:26:15.189007,Incomplete,851,5,1008.7
5962,615,2024-10-31 19:11:39.323363,Complete,700,3,100.2
5963,741,2024-12-10 10:44:39.402527,Complete,98,3,361.77
5964,954,2024-10-31 22:37:23.069312,Incomplete,331,3,639.15
5965,887,2023-04-16 09:50:05.466522,Incomplete,772,3,327.27
5966,747,2024-06-15 11:20:54.705952,Incomplete,889,5,841.3
5967,935,2024-03-22 05:57:11.626981,Incomplete,297,5,1967.05
5968,232,2024-02-27 03:32:57.697161,Complete,476,5,353.25
5969,431,2024-05-13 17:00:27.242694,Complete,72,2,845.76
5970,75,2024-11-12 15:34:58.526655,Complete,776,2,535.88
5971,765,2024-09-16 10:16:02.275632,Complete,682,5,2094.3
5972,810,2024-11-23 20:58:13.515865,Incomplete,100,1,153.27
5973,989,2024-04-17 21:54:43.051480,Incomplete,769,1,176.72
5974,660,2024-07-02 02:13:48.807880,Complete,500,1,490.05
5975,981,2024-10-31 13:37:15.085762,Complete,576,3,962.37
5976,538,2024-02-27 11:07:07.066575,Incomplete,970,5,1177.5
5977,807,2023-08-15 10:33:03.747223,Incomplete,246,2,253.18
5978,717,2023-08-21 13:05:23.071256,Incomplete,263,5,1876.2
5979,565,2024-04-27 23:07:08.803036,Incomplete,477,4,724.24
5980,12,2024-08-09 01:00:38.381076,Complete,417,3,1419.09
5981,855,2023-05-18 01:39:15.998811,Incomplete,363,4,838.56
5982,55,2023-06-05 06:44:36.113283,Incomplete,128,3,129.33
5983,300,2023-10-05 05:30:33.101022,Incomplete,25,5,929.05
5984,478,2023-08-26 02:23:40.667441,Incomplete,213,3,192.66
5985,586,2023-11-07 05:31:37.943584,Complete,873,2,526.6
5986,251,2023-06-16 09:58:13.670550,Incomplete,627,4,682.36
5987,906,2023-08-12 02:30:46.183612,Incomplete,304,3,747.36
5988,857,2024-03-04 14:26:44.402049,Complete,5,1,322.03
5989,618,2024-10-13 15:02:05.341035,Complete,45,4,455.96
5990,201,2023-10-28 21:46:48.430127,Complete,935,2,536.6
5991,616,2024-10-18 21:54:25.880563,Incomplete,202,5,1079.0
5992,426,2024-09-09 06:01:17.194441,Complete,843,5,2355.3
5993,483,2024-03-26 11:27:35.006474,Incomplete,342,2,627.0
5994,117,2024-07-17 16:47:29.697391,Incomplete,558,4,1800.08
5995,594,2024-01-17 16:43:42.915698,Complete,958,2,114.4
5996,745,2024-05-02 17:58:28.466153,Complete,818,5,1036.75
5997,398,2024-02-25 21:31:28.818042,Complete,682,1,81.21
5998,94,2023-07-06 04:20:41.737800,Complete,372,3,345.48
5999,371,2023-11-23 17:13:51.517837,Complete,734,1,342.55
6000,725,2024-06-09 15:36:11.716129,Incomplete,736,3,1395.81
6001,277,2024-02-13 17:26:28.745409,Incomplete,709,5,883.1
6002,238,2024-08-31 09:51:17.463225,Incomplete,822,3,207.81
6003,16,2023-05-30 20:44:29.478753,Complete,744,4,757.24
6004,282,2023-09-16 04:00:37.619989,Complete,25,4,770.08
6005,718,2023-02-18 10:48:38.951870,Complete,473,3,926.49
6006,39,2024-08-31 04:45:05.310645,Incomplete,621,2,948.28
6007,456,2023-06-27 09:40:05.112650,Incomplete,80,5,2233.25
6008,947,2024-11-20 23:01:54.951911,Complete,405,3,684.21
6009,617,2025-01-02 09:30:05.280025,Incomplete,443,1,111.24
6010,722,2023-09-06 09:16:53.456684,Complete,250,5,1387.3
6011,615,2024-03-05 22:57:07.230420,Complete,308,1,149.27
6012,777,2023-02-12 14:57:43.719853,Incomplete,634,1,64.74
6013,794,2024-08-26 20:11:38.647177,Incomplete,841,3,877.74
6014,805,2024-05-24 06:44:34.436493,Incomplete,350,3,565.23
6015,436,2023-10-31 13:59:48.027838,Complete,667,2,258.14
6016,310,2023-07-27 06:06:21.368613,Incomplete,371,1,140.31
6017,752,2023-06-03 09:34:34.770649,Incomplete,200,5,2001.35
6018,808,2024-04-29 07:29:58.684752,Complete,240,1,462.21
6019,322,2023-08-11 01:34:46.009647,Incomplete,155,4,1714.76
6020,992,2024-04-04 07:26:18.162978,Incomplete,725,1,374.59
6021,895,2024-01-07 14:31:20.145976,Complete,589,1,287.82
6022,165,2023-06-10 01:03:35.796962,Complete,396,2,95.36
6023,180,2024-09-08 00:23:10.407207,Complete,569,3,692.25
6024,266,2024-10-12 03:09:42.286855,Incomplete,42,4,949.48
6025,28,2024-02-22 16:29:56.511948,Complete,586,5,430.4
6026,29,2024-06-07 06:55:32.064619,Incomplete,483,4,438.92
6027,433,2023-04-26 14:24:40.964008,Complete,7,4,325.28
6028,739,2023-05-23 19:34:58.318510,Incomplete,372,3,231.48
6029,287,2024-07-26 22:52:48.105501,Complete,289,4,369.32
6030,552,2023-10-30 02:31:15.950864,Complete,17,1,288.64
6031,196,2024-11-30 06:48:16.689508,Complete,612,3,1342.83
6032,796,2024-07-03 17:16:56.309684,Complete,795,5,2214.1
6033,139,2024-01-23 18:22:34.556720,Complete,40,3,338.7
6034,94,2024-11-05 07:14:31.767166,Complete,255,2,143.76
6035,886,2024-07-27 19:56:48.066912,Complete,736,1,157.47
6036,399,2023-04-10 11:38:40.129966,Incomplete,42,4,1369.96
6037,656,2023-11-26 00:36:12.997653,Complete,86,2,467.22
6038,695,2023-03-28 18:14:32.295740,Complete,700,1,388.19
6039,98,2024-07-11 05:13:44.067072,Incomplete,113,4,624.0
6040,368,2024-04-05 01:48:37.392838,Incomplete,433,4,1756.08
6041,199,2023-08-27 07:07:37.907970,Incomplete,765,1,299.0
6042,215,2023-09-19 17:28:10.462435,Complete,414,2,774.42
6043,4,2023-09-20 13:23:56.897213,Complete,146,5,481.55
6044,462,2024-02-13 13:06:54.323452,Incomplete,199,2,617.48
6045,930,2024-12-10 13:07:20.098185,Complete,576,1,325.73
6046,281,2023-12-21 10:15:24.405912,Complete,29,5,2359.25
6047,998,2023-05-20 15:38:47.949709,Complete,682,1,145.71
6048,312,2023-07-24 07:59:36.537644,Complete,154,2,383.5
6049,531,2024-07-28 21:47:59.288979,Complete,713,1,391.37
6050,838,2023-12-02 09:15:08.816451,Complete,768,1,489.05
6051,579,2023-03-17 11:05:17.338135,Complete,69,2,536.96
6052,769,2024-11-27 09:05:26.495993,Complete,336,2,136.52
6053,612,2024-10-17 04:52:31.174284,Complete,534,5,2314.8
6054,933,2023-01-29 17:49:27.955059,Incomplete,196,3,1193.19
6055,435,2024-07-31 21:02:48.004530,Incomplete,182,1,268.03
6056,953,2023-11-07 03:10:53.637820,Incomplete,710,5,205.35
6057,537,2023-02-03 01:59:04.833476,Complete,171,4,415.92
6058,22,2024-11-28 21:02:04.685553,Complete,910,1,411.3
6059,95,2023-12-11 22:31:45.454009,Complete,647,3,619.53
6060,441,2023-09-05 16:32:26.717676,Complete,755,4,1038.24
6061,987,2023-10-21 04:12:56.236860,Incomplete,345,2,742.68
6062,661,2023-05-12 13:15:56.542021,Incomplete,596,3,775.98
6063,648,2024-01-08 19:29:04.961725,Complete,359,4,1862.52
6064,411,2024-01-05 11:30:33.173519,Incomplete,309,5,186.15
6065,538,2024-07-08 09:27:10.901720,Complete,790,3,525.99
6066,113,2024-12-12 17:57:58.426592,Incomplete,649,2,580.3
6067,865,2024-08-14 01:47:41.322130,Complete,582,3,873.48
6068,953,2023-11-08 15:02:05.826380,Complete,661,3,370.68
6069,601,2024-12-06 10:18:51.660866,Complete,759,3,580.11
6070,322,2024-10-12 05:02:40.459105,Incomplete,325,2,429.8
6071,566,2023-12-13 23:07:03.894851,Incomplete,972,4,384.04
6072,330,2023-08-29 06:56:10.135215,Complete,479,3,138.51
6073,450,2024-12-15 09:34:09.263288,Incomplete,669,2,914.68
6074,264,2024-07-13 15:17:22.221758,Incomplete,925,5,713.8
6075,297,2023-06-03 04:36:46.011400,Incomplete,161,4,883.04
6076,607,2024-04-16 09:36:33.452567,Complete,864,4,1311.16
6077,933,2025-01-26 12:34:52.776392,Incomplete,844,4,1010.52
6078,414,2024-02-01 22:31:18.595871,Complete,295,5,2354.85
6079,410,2023-10-12 17:44:44.412571,Incomplete,254,4,328.68
6080,394,2023-02-27 04:50:38.211400,Incomplete,970,1,325.65
6081,533,2024-07-27 21:13:20.788305,Incomplete,886,2,536.26
6082,653,2025-01-07 16:56:50.642824,Incomplete,724,1,411.52
6083,511,2024-01-13 13:28:33.176721,Incomplete,173,4,1819.52
6084,231,2023-08-03 19:52:35.072994,Incomplete,592,4,1467.84
6085,344,2024-08-20 12:43:38.007753,Complete,85,3,276.24
6086,974,2023-03-26 22:30:27.489165,Incomplete,68,4,1499.6
6087,344,2023-06-04 12:30:02.568684,Complete,548,1,106.14
6088,1000,2024-02-25 19:25:37.397211,Incomplete,117,3,898.92
6089,892,2023-03-23 11:48:32.970434,Incomplete,999,3,1445.13
6090,968,2024-06-03 23:57:22.170446,Complete,116,5,440.05
6091,435,2023-06-05 11:37:04.651776,Incomplete,372,1,165.46
6092,667,2024-12-24 17:18:42.566664,Complete,601,4,1753.8
6093,6,2023-04-20 21:24:43.998234,Incomplete,943,1,379.27
6094,492,2024-01-01 22:57:47.578814,Complete,884,3,853.68
6095,625,2023-07-05 22:05:30.022312,Complete,547,5,1626.5
6096,216,2023-06-03 12:16:56.540497,Complete,642,4,173.8
6097,461,2023-06-14 06:02:47.112119,Incomplete,765,3,1483.59
6098,928,2024-06-20 23:51:26.317552,Incomplete,360,2,778.04
6099,89,2024-02-18 03:59:52.046129,Incomplete,234,1,401.61
6100,922,2023-09-24 12:03:28.535712,Complete,369,5,1372.4
6101,456,2023-09-26 10:33:14.113214,Complete,841,5,275.2
6102,862,2023-09-06 09:29:52.889464,Incomplete,78,5,2489.5
6103,313,2024-05-07 16:34:46.908933,Incomplete,920,1,117.07
6104,471,2024-06-01 03:52:33.065534,Incomplete,920,5,220.65
6105,224,2024-08-03 06:32:40.512587,Incomplete,433,2,875.84
6106,613,2024-01-06 01:19:22.696093,Complete,15,5,2480.15
6107,225,2023-07-07 17:26:00.564775,Complete,127,5,728.25
6108,552,2024-01-01 15:01:29.187897,Incomplete,246,4,82.44
6109,266,2023-03-06 11:22:42.104518,Complete,969,3,1217.49
6110,610,2024-08-06 04:04:23.309245,Incomplete,739,1,269.73
6111,964,2024-11-10 00:25:52.940702,Complete,230,4,568.32
6112,280,2023-10-19 00:47:14.940167,Complete,854,2,11.68
6113,359,2024-02-08 00:50:10.882072,Incomplete,722,1,377.73
6114,326,2024-12-21 11:51:26.688801,Complete,64,5,1097.45
6115,8,2024-07-03 06:11:24.525199,Complete,46,4,623.68
6116,101,2023-06-20 20:14:58.703748,Complete,981,2,152.86
6117,6,2024-03-27 20:44:03.770419,Incomplete,151,5,2184.35
6118,694,2023-11-10 04:09:33.160139,Incomplete,443,4,135.84
6119,601,2024-10-18 07:23:51.220449,Incomplete,320,2,808.78
6120,199,2024-10-05 09:06:46.929178,Complete,929,3,1226.88
6121,302,2024-12-09 17:23:52.878190,Incomplete,953,5,2249.55
6122,178,2023-10-04 00:14:56.151422,Complete,375,5,1171.15
6123,626,2024-10-27 12:50:53.151710,Incomplete,133,3,1496.04
6124,889,2023-03-20 05:41:44.906029,Complete,902,4,1477.68
6125,402,2024-02-03 06:09:05.912143,Complete,173,4,1003.2
6126,330,2023-02-05 09:15:30.860261,Complete,256,4,506.4
6127,966,2024-04-10 03:59:39.561124,Complete,189,3,271.8
6128,100,2023-10-26 09:49:52.789404,Complete,768,3,1020.54
6129,797,2023-04-10 08:04:27.903802,Incomplete,354,3,752.19
6130,171,2023-03-10 08:38:19.109014,Incomplete,778,2,282.52
6131,434,2024-06-12 09:21:33.688579,Complete,614,2,217.36
6132,813,2023-02-20 20:16:09.602055,Complete,20,4,609.48
6133,1,2023-12-08 08:45:09.086615,Complete,624,3,1101.87
6134,160,2023-07-07 11:49:35.688458,Complete,791,1,322.7
6135,146,2024-08-18 18:10:29.467729,Complete,937,4,1348.24
6136,942,2024-05-07 23:17:53.094046,Complete,642,1,353.54
6137,30,2023-06-07 06:45:04.941494,Complete,389,1,366.04
6138,687,2023-09-16 12:23:43.711691,Complete,622,1,61.7
6139,310,2023-03-18 19:51:37.182326,Incomplete,71,5,662.35
6140,476,2023-04-30 03:42:19.868356,Incomplete,216,5,1195.55
6141,856,2023-02-21 06:42:39.034815,Incomplete,546,4,1890.56
6142,763,2024-07-03 22:15:02.230184,Incomplete,188,5,152.25
6143,836,2023-10-09 15:42:21.773484,Complete,762,5,1572.25
6144,958,2024-10-04 08:53:25.562355,Complete,200,4,1571.56
6145,326,2023-12-06 13:47:05.829859,Complete,344,1,41.74
6146,48,2024-09-02 05:02:09.362360,Incomplete,304,1,253.48
6147,660,2023-08-24 18:45:28.325387,Incomplete,317,2,606.64
6148,236,2024-12-17 23:33:58.188203,Incomplete,445,2,358.02
6149,944,2025-01-02 07:10:41.357060,Incomplete,898,4,66.64
6150,903,2024-10-11 12:43:57.003475,Complete,786,3,53.43
6151,221,2024-03-22 20:05:50.925941,Complete,909,1,19.89
6152,518,2024-01-01 19:14:17.496881,Complete,5,1,46.29
6153,978,2023-02-26 13:24:26.923016,Incomplete,904,1,343.84
6154,108,2024-04-22 02:26:24.425967,Complete,706,2,368.88
6155,88,2023-03-31 11:55:27.120565,Incomplete,73,4,1670.88
6156,340,2024-02-13 01:29:17.278764,Incomplete,546,3,33.45
6157,449,2024-06-26 00:08:44.568642,Incomplete,191,3,817.38
6158,917,2024-03-26 22:54:20.056213,Complete,383,1,25.73
6159,831,2024-05-23 11:58:53.858324,Incomplete,631,3,164.04
6160,883,2024-05-14 12:20:38.705343,Complete,813,3,170.58
6161,886,2023-04-29 23:54:38.194427,Complete,964,2,284.86
6162,997,2023-11-11 15:35:08.189290,Complete,667,3,660.72
6163,914,2023-07-30 21:22:49.582937,Complete,747,1,482.48
6164,577,2023-05-12 14:12:11.293699,Complete,204,1,126.01
6165,790,2024-11-02 14:42:06.406246,Incomplete,338,5,84.05
6166,412,2023-12-21 05:26:16.354460,Incomplete,877,5,1232.15
6167,592,2024-06-22 09:24:33.613938,Incomplete,452,4,1829.68
6168,447,2024-06-22 20:52:29.856131,Complete,265,2,834.04
6169,993,2024-07-29 11:28:40.126290,Complete,41,5,2110.1
6170,978,2023-09-28 20:00:18.475494,Complete,745,4,1373.6
6171,393,2023-03-28 22:37:22.562298,Incomplete,87,5,1497.95
6172,408,2023-03-05 14:26:08.483982,Complete,916,1,216.0
6173,331,2025-01-14 12:31:46.186286,Incomplete,843,4,1813.68
6174,894,2025-01-05 19:23:20.657321,Incomplete,508,1,489.13
6175,366,2024-12-06 17:14:08.902838,Incomplete,104,3,272.85
6176,135,2023-04-01 03:42:16.986852,Incomplete,431,1,122.36
6177,711,2023-08-06 09:26:59.034476,Incomplete,586,2,572.74
6178,961,2024-02-15 15:39:55.137613,Incomplete,533,4,1997.4
6179,914,2024-10-22 11:27:56.689525,Incomplete,49,3,1366.92
6180,550,2024-09-07 08:48:13.620958,Incomplete,822,5,2213.35
6181,336,2024-02-25 01:19:46.625200,Incomplete,214,1,68.69
6182,966,2023-12-15 12:47:58.594354,Complete,188,4,599.32
6183,307,2024-01-01 09:01:48.414582,Incomplete,98,3,122.7
6184,41,2024-01-12 04:29:28.044404,Complete,576,2,887.26
6185,960,2023-11-13 03:46:05.479624,Complete,684,1,474.75
6186,587,2025-01-20 22:13:53.773221,Incomplete,518,1,253.83
6187,569,2024-09-10 06:26:08.733181,Complete,680,2,331.74
6188,894,2023-08-28 18:43:54.687128,Incomplete,280,1,186.07
6189,280,2024-12-26 20:36:12.468937,Incomplete,574,3,809.91
6190,106,2024-09-07 01:09:34.100204,Incomplete,176,5,623.85
6191,835,2024-12-07 21:04:29.761573,Complete,339,2,395.76
6192,40,2024-02-11 12:04:37.019899,Incomplete,476,5,2491.5
6193,267,2024-02-05 20:43:53.584822,Complete,641,2,464.58
6194,825,2024-10-09 12:03:56.000015,Incomplete,94,1,252.31
6195,579,2023-06-03 15:49:38.826777,Complete,496,3,829.38
6196,297,2024-02-01 03:44:08.070280,Complete,781,4,1635.52
6197,953,2024-08-27 09:33:02.511600,Complete,612,5,591.95
6198,734,2024-06-12 18:20:29.918329,Incomplete,550,1,326.14
6199,71,2023-06-19 12:38:02.652531,Incomplete,319,2,673.72
6200,30,2024-08-23 12:29:05.653034,Complete,110,2,649.66
6201,392,2024-07-03 02:55:42.438436,Complete,654,3,166.77
6202,442,2024-06-17 18:01:31.357842,Incomplete,319,4,1903.0
6203,106,2023-05-11 08:53:13.026602,Incomplete,859,5,2018.9
6204,744,2023-08-25 03:52:37.485704,Incomplete,14,5,1739.5
6205,902,2023-02-05 00:08:00.876839,Complete,402,1,40.18
6206,92,2024-10-02 07:25:04.280640,Incomplete,454,5,225.1
6207,22,2023-05-07 00:36:10.171751,Incomplete,441,4,413.04
6208,84,2024-06-29 01:56:04.766534,Complete,685,4,1123.6
6209,719,2024-09-25 02:53:48.950533,Incomplete,214,5,1141.7
6210,377,2024-11-28 07:25:59.694536,Complete,434,4,1072.64
6211,825,2024-03-23 07:19:11.699326,Complete,865,1,46.98
6212,103,2024-10-08 10:08:35.275734,Incomplete,644,1,454.14
6213,653,2023-03-09 08:25:00.239383,Complete,234,4,1987.08
6214,377,2024-02-14 17:59:03.556611,Complete,903,5,1225.8
6215,835,2023-10-27 02:32:59.201877,Complete,60,3,1304.73
6216,149,2024-03-29 01:22:28.085953,Complete,807,2,757.34
6217,598,2024-07-17 17:05:31.924059,Complete,4,3,279.66
6218,2,2025-01-05 04:19:06.709237,Incomplete,854,4,1106.24
6219,162,2023-12-30 20:46:44.339267,Incomplete,406,4,1941.56
6220,832,2024-07-20 19:55:42.068788,Complete,204,3,40.29
6221,726,2024-12-30 09:59:43.608437,Complete,233,5,653.85
6222,445,2023-04-19 15:47:15.394900,Complete,931,3,1240.23
6223,96,2024-12-14 09:50:25.930065,Incomplete,581,4,968.8
6224,841,2023-08-29 17:35:32.676877,Incomplete,259,4,913.36
6225,125,2023-06-10 18:51:02.866500,Incomplete,286,2,739.5
6226,505,2024-05-16 03:11:15.172358,Incomplete,784,3,339.63
6227,879,2023-04-23 07:44:32.871679,Incomplete,772,5,1089.55
6228,166,2024-06-09 04:01:04.533016,Complete,904,5,1736.9
6229,221,2024-04-12 09:30:32.116516,Incomplete,541,3,1427.79
6230,929,2023-10-13 08:29:10.637268,Incomplete,244,5,264.2
6231,356,2023-06-09 13:23:27.471039,Complete,166,3,1301.04
6232,486,2024-07-31 21:17:18.138425,Complete,855,1,215.09
6233,975,2024-05-09 12:19:42.169211,Complete,690,2,528.42
6234,516,2023-04-06 06:48:17.835181,Complete,178,4,1330.76
6235,875,2023-10-08 07:23:40.516784,Complete,904,4,1926.76
6236,406,2024-03-14 02:57:38.048632,Complete,431,4,161.44
6237,156,2023-09-25 01:06:39.739634,Complete,902,2,280.98
6238,169,2023-08-01 07:26:46.190286,Complete,649,3,399.81
6239,490,2024-11-08 10:57:08.604483,Complete,443,5,1818.45
6240,982,2023-11-26 08:48:38.902105,Incomplete,933,5,1279.6
6241,627,2024-02-21 07:48:13.655494,Incomplete,644,3,511.23
6242,656,2024-02-11 02:28:23.265915,Incomplete,542,1,308.58
6243,992,2024-06-26 16:20:03.718862,Complete,862,1,208.79
6244,842,2023-08-07 13:25:26.212666,Incomplete,666,1,365.45
6245,839,2024-10-25 15:08:22.311497,Complete,847,4,737.6
6246,468,2024-04-27 06:22:49.230854,Complete,471,2,248.74
6247,476,2023-06-07 23:45:37.730658,Incomplete,815,1,377.89
6248,417,2023-04-21 09:52:34.550981,Complete,174,4,1319.72
6249,812,2024-07-22 14:14:15.672096,Complete,900,2,364.56
6250,419,2025-01-22 17:25:20.000564,Complete,19,5,145.75
6251,10,2024-09-30 11:32:51.369009,Complete,333,3,1000.74
6252,643,2023-12-01 04:58:20.386381,Complete,162,1,47.45
6253,959,2024-10-17 07:34:12.655908,Incomplete,270,3,442.38
6254,141,2023-07-24 03:27:26.617883,Complete,789,4,1824.68
6255,406,2024-11-09 18:44:19.435843,Complete,791,5,1483.35
6256,864,2023-07-06 08:29:18.495898,Incomplete,43,3,810.81
6257,257,2023-03-17 09:44:02.249749,Complete,300,1,139.68
6258,688,2023-04-09 16:17:32.269655,Complete,646,5,400.75
6259,908,2024-08-18 03:28:11.681519,Complete,707,4,1715.44
6260,787,2024-07-26 14:29:37.034838,Incomplete,471,4,346.72
6261,398,2023-09-20 09:30:44.709064,Complete,674,2,59.58
6262,654,2024-07-21 11:43:57.445063,Incomplete,912,4,343.16
6263,35,2024-07-11 19:28:47.018578,Complete,10,1,333.0
6264,241,2024-03-27 10:11:11.864411,Incomplete,668,2,263.32
6265,980,2024-01-01 10:05:03.911743,Complete,859,4,1359.28
6266,232,2023-05-06 14:06:30.043868,Incomplete,747,2,547.88
6267,34,2023-06-15 19:42:59.508392,Complete,845,4,219.2
6268,5,2023-04-23 17:08:28.518200,Complete,405,5,1217.0
6269,962,2023-02-23 05:50:35.186344,Complete,43,4,945.6
6270,939,2024-01-12 10:21:25.415874,Complete,418,3,175.41
6271,588,2023-04-20 11:58:10.919889,Incomplete,167,3,235.14
6272,802,2024-10-05 23:05:33.771910,Incomplete,277,4,932.0
6273,477,2024-11-29 07:04:48.561027,Incomplete,932,4,110.8
6274,829,2023-02-26 19:46:30.336094,Complete,244,4,824.52
6275,564,2024-12-24 05:14:44.442342,Incomplete,541,4,1907.88
6276,956,2023-08-09 18:21:45.461438,Incomplete,73,4,537.52
6277,918,2023-06-09 15:41:16.866917,Incomplete,617,3,704.76
6278,545,2025-01-14 05:14:11.396704,Complete,155,2,223.7
6279,957,2024-08-30 16:38:29.578715,Incomplete,533,2,224.2
6280,449,2023-06-30 18:52:11.343561,Complete,956,1,372.0
6281,49,2024-03-22 21:02:46.322081,Complete,465,2,452.56
6282,372,2024-04-19 19:02:18.688598,Incomplete,114,1,77.73
6283,621,2023-04-24 13:14:33.951010,Complete,633,3,1077.48
6284,552,2024-06-28 04:24:26.694494,Complete,431,4,1443.08
6285,352,2023-12-14 23:39:04.502581,Incomplete,579,1,181.91
6286,917,2024-03-02 21:41:53.705438,Complete,855,3,924.18
6287,638,2024-03-14 00:42:16.059804,Incomplete,139,4,1558.76
6288,191,2023-12-17 06:50:55.154192,Complete,529,1,140.71
6289,166,2024-05-04 19:38:51.466027,Complete,620,1,481.73
6290,229,2023-02-27 05:42:03.231215,Incomplete,878,3,568.8
6291,236,2024-08-28 20:55:06.162848,Incomplete,336,5,1846.4
6292,938,2024-10-23 05:00:44.102188,Incomplete,680,4,1263.56
6293,554,2024-09-24 01:04:26.107098,Complete,303,3,1440.24
6294,997,2024-06-03 08:05:16.757794,Complete,241,5,653.3
6295,974,2024-09-25 03:19:25.903641,Complete,207,1,149.66
6296,815,2024-02-08 18:29:31.508335,Complete,284,2,705.36
6297,534,2023-12-21 02:35:06.584793,Complete,608,3,1073.31
6298,826,2024-07-24 02:27:46.966504,Incomplete,194,1,403.56
6299,567,2024-01-11 16:42:07.879789,Incomplete,772,5,134.6
6300,26,2024-05-01 13:51:36.817474,Incomplete,850,2,973.34
6301,307,2024-12-13 10:53:03.057484,Incomplete,294,4,1375.28
6302,233,2024-07-03 14:07:05.537180,Complete,639,2,852.52
6303,307,2023-05-15 18:49:54.340816,Incomplete,766,3,881.88
6304,193,2025-01-09 08:00:53.605546,Complete,930,1,288.95
6305,741,2023-06-02 11:09:03.574636,Incomplete,817,2,736.4
6306,903,2024-12-23 15:55:07.886383,Incomplete,325,2,30.64
6307,407,2024-11-15 16:32:29.872929,Incomplete,580,3,356.07
6308,209,2024-11-04 04:07:06.450974,Incomplete,867,5,2271.05
6309,152,2024-07-17 02:49:06.037708,Complete,214,1,139.91
6310,333,2024-08-10 06:53:58.677946,Incomplete,677,5,106.7
6311,904,2024-12-12 22:26:49.690920,Complete,150,3,794.82
6312,357,2024-08-30 10:11:08.314683,Complete,175,2,78.56
6313,548,2023-07-09 09:56:34.152088,Incomplete,547,1,284.65
6314,883,2023-12-09 13:20:27.903051,Complete,407,3,948.18
6315,891,2024-12-19 16:17:40.986993,Incomplete,625,4,942.6
6316,401,2024-02-23 08:04:34.793134,Incomplete,653,3,1304.43
6317,813,2024-06-16 23:14:07.164142,Incomplete,750,2,364.38
6318,734,2024-03-12 09:08:52.248890,Incomplete,493,3,701.04
6319,75,2023-02-12 13:00:02.283107,Complete,450,2,177.62
6320,91,2024-06-19 20:38:37.836623,Complete,81,2,732.88
6321,940,2024-07-23 15:18:49.610209,Complete,810,3,913.26
6322,355,2024-01-13 03:18:38.506028,Complete,51,4,852.88
6323,247,2024-06-12 04:39:03.418575,Complete,479,3,441.66
6324,418,2024-12-03 06:34:52.892160,Complete,960,4,1343.76
6325,255,2023-04-21 12:04:47.384520,Incomplete,273,2,518.46
6326,448,2024-03-24 15:52:55.834013,Complete,457,3,1194.93
6327,594,2024-04-01 16:54:16.530419,Incomplete,543,1,467.63
6328,932,2025-01-20 02:45:38.583761,Incomplete,965,1,99.06
6329,132,2023-09-02 11:56:00.761109,Incomplete,358,1,395.5
6330,818,2024-02-02 13:18:23.952668,Complete,922,5,2475.0
6331,903,2024-05-03 22:11:48.695803,Complete,836,3,821.85
6332,57,2024-12-21 00:26:44.422967,Complete,118,4,1430.4
6333,426,2024-04-08 16:50:33.364396,Incomplete,385,2,357.38
6334,122,2023-10-02 19:50:00.220226,Incomplete,228,5,1061.15
6335,162,2024-05-06 20:35:13.797723,Incomplete,738,5,2210.8
6336,104,2024-07-20 07:51:38.515327,Incomplete,105,1,15.85
6337,638,2023-03-10 05:58:42.283589,Incomplete,547,5,1783.1
6338,451,2024-06-16 18:19:25.429138,Incomplete,318,5,525.2
6339,489,2024-12-08 15:34:04.140357,Complete,665,2,858.96
6340,499,2024-09-24 21:48:31.118293,Complete,802,1,87.28
6341,719,2024-12-28 12:16:31.585252,Incomplete,592,4,726.28
6342,771,2023-11-06 21:46:49.214187,Complete,460,2,381.68
6343,895,2024-05-30 05:40:16.702675,Incomplete,166,5,978.6
6344,428,2024-12-24 08:58:54.908651,Complete,364,5,690.8
6345,433,2024-08-09 06:08:12.989075,Complete,905,3,1340.22
6346,671,2025-01-19 13:07:55.220337,Incomplete,845,3,505.92
6347,510,2024-04-16 17:16:25.885925,Complete,609,3,529.98
6348,422,2024-05-01 05:29:07.691638,Complete,886,1,70.01
6349,948,2023-07-21 14:59:41.759394,Complete,3,1,28.52
6350,556,2024-12-03 09:28:12.108503,Incomplete,762,2,339.54
6351,182,2024-12-17 21:10:09.726733,Complete,487,1,153.89
6352,623,2024-01-07 16:39:43.413424,Incomplete,347,3,682.26
6353,150,2024-10-28 10:07:06.386302,Complete,255,5,801.05
6354,173,2023-08-20 23:41:04.187511,Incomplete,622,5,2298.5
6355,690,2024-06-23 20:31:12.070175,Incomplete,609,1,391.26
6356,178,2024-08-22 15:20:39.217295,Complete,76,4,424.4
6357,561,2024-05-08 18:39:17.402170,Incomplete,604,2,611.12
6358,255,2024-10-17 16:07:34.077798,Incomplete,327,3,210.72
6359,64,2023-02-05 04:33:56.242605,Incomplete,886,1,5.76
6360,358,2023-03-20 07:17:37.865477,Complete,666,3,1459.95
6361,135,2024-12-29 18:03:26.528928,Complete,714,4,1229.88
6362,824,2023-07-08 22:40:55.088409,Incomplete,649,2,17.52
6363,603,2023-04-23 18:08:44.023668,Incomplete,823,5,2199.75
6364,861,2023-11-16 12:35:29.305673,Incomplete,813,4,1277.8
6365,551,2024-03-12 04:50:25.896058,Incomplete,545,5,1908.75
6366,574,2023-07-06 18:53:50.252075,Complete,748,5,969.95
6367,491,2023-11-15 13:06:55.980046,Complete,539,3,329.49
6368,531,2023-02-24 18:07:54.781874,Complete,106,4,1298.68
6369,166,2024-08-04 15:15:23.264107,Incomplete,360,2,890.26
6370,208,2024-09-26 15:11:38.149177,Complete,366,3,288.87
6371,977,2023-08-27 14:21:43.261495,Incomplete,568,5,2017.15
6372,852,2023-10-04 19:21:18.084581,Incomplete,944,3,882.06
6373,884,2024-02-17 13:38:49.686143,Incomplete,313,5,2242.95
6374,630,2023-12-18 10:34:34.836817,Complete,795,5,728.4
6375,304,2023-02-25 09:28:13.036899,Complete,760,2,361.02
6376,182,2023-08-22 03:41:31.727732,Complete,899,2,793.66
6377,439,2023-05-21 18:43:33.295557,Incomplete,791,2,942.58
6378,578,2023-09-28 07:55:48.762362,Complete,139,2,734.2
6379,265,2023-09-28 19:43:15.453711,Incomplete,451,2,679.6
6380,204,2024-11-11 10:58:33.072780,Incomplete,175,4,746.24
6381,895,2023-05-16 22:37:54.627649,Complete,23,5,1997.9
6382,867,2024-12-23 17:44:29.322933,Complete,388,2,108.42
6383,553,2024-10-14 12:49:59.110352,Complete,496,3,568.41
6384,239,2024-10-16 00:31:05.302652,Complete,472,1,149.17
6385,483,2023-09-20 00:47:15.697227,Complete,293,5,2398.2
6386,820,2024-04-21 09:24:31.067119,Complete,344,5,1791.35
6387,623,2023-01-28 23:51:30.204286,Complete,485,1,181.26
6388,738,2023-08-04 11:19:35.585433,Complete,404,1,413.49
6389,957,2024-07-25 01:59:10.003368,Incomplete,104,2,558.52
6390,329,2024-01-04 15:34:49.654002,Incomplete,717,4,1754.68
6391,62,2023-05-11 15:48:01.530140,Complete,770,2,822.86
6392,641,2024-07-16 15:08:41.152369,Complete,812,5,78.25
6393,224,2024-07-08 04:11:54.787493,Incomplete,733,3,772.02
6394,145,2023-12-25 07:20:34.433596,Incomplete,280,1,37.19
6395,979,2023-03-28 19:07:11.587537,Complete,82,1,482.13
6396,289,2024-07-30 10:30:40.322286,Incomplete,423,3,677.13
6397,669,2023-03-01 08:32:10.222705,Complete,205,4,1994.8
6398,51,2024-01-13 02:39:39.168630,Incomplete,167,5,538.55
6399,367,2024-11-14 12:49:47.219098,Incomplete,159,1,209.39
6400,207,2023-07-13 03:55:48.895118,Complete,932,1,154.16
6401,182,2023-02-15 21:44:47.645162,Incomplete,350,5,664.5
6402,748,2024-07-30 21:08:56.842209,Complete,339,3,187.35
6403,131,2024-02-04 22:45:36.399715,Complete,141,5,653.65
6404,732,2023-12-08 18:03:47.497438,Incomplete,929,4,249.48
6405,193,2023-06-17 11:02:04.045554,Complete,247,1,273.91
6406,376,2023-09-11 00:30:35.286090,Complete,281,5,1354.4
6407,164,2024-10-31 20:01:11.886170,Complete,577,3,500.28
6408,565,2024-04-27 13:54:22.831672,Incomplete,593,5,1499.75
6409,158,2024-09-28 14:25:05.629804,Complete,382,1,123.24
6410,525,2024-06-15 15:47:58.951425,Complete,17,5,1116.4
6411,719,2024-04-29 20:02:01.130606,Incomplete,586,3,666.87
6412,694,2025-01-25 18:56:30.531734,Incomplete,116,2,819.1
6413,655,2023-06-22 02:21:31.177903,Incomplete,442,1,118.55
6414,515,2025-01-07 17:25:32.515224,Complete,20,1,45.38
6415,445,2023-03-14 10:31:27.325507,Complete,856,3,1277.7
6416,861,2024-05-20 01:46:42.413915,Complete,674,2,990.04
6417,37,2024-04-04 14:57:26.630843,Complete,756,3,1475.55
6418,322,2023-02-16 05:55:02.274127,Complete,133,1,356.44
6419,601,2023-10-27 09:34:58.029398,Incomplete,935,1,144.74
6420,140,2024-10-25 17:22:45.922286,Complete,118,3,1135.44
6421,821,2023-05-02 05:45:36.136830,Complete,148,1,317.29
6422,821,2024-09-13 10:23:34.677349,Complete,901,3,633.0
6423,268,2024-04-20 17:45:26.858859,Incomplete,477,4,765.04
6424,527,2023-09-25 04:47:26.615713,Incomplete,575,2,431.94
6425,920,2024-11-16 07:31:39.413640,Complete,459,4,137.72
6426,139,2024-07-22 16:58:27.900449,Complete,132,2,998.94
6427,344,2024-07-19 11:08:59.464847,Incomplete,921,5,1207.7
6428,675,2024-05-07 07:37:48.642654,Complete,228,2,622.96
6429,414,2023-03-08 11:23:44.555857,Incomplete,487,3,266.67
6430,283,2024-05-27 17:43:42.437036,Incomplete,322,2,799.0
6431,504,2023-09-05 19:41:26.119035,Complete,558,4,608.32
6432,715,2023-10-31 13:32:16.781333,Incomplete,99,4,394.16
6433,70,2024-05-18 04:53:26.620320,Incomplete,242,5,1590.05
6434,816,2023-12-10 21:52:46.423566,Incomplete,371,5,1360.15
6435,979,2023-02-08 16:09:06.174013,Incomplete,420,4,840.96
6436,168,2023-10-23 16:05:51.052388,Complete,183,3,1270.56
6437,743,2023-11-11 06:58:56.062240,Complete,28,3,1287.18
6438,801,2023-02-16 06:20:06.646898,Incomplete,259,2,205.84
6439,842,2024-11-01 14:46:12.703589,Incomplete,42,5,818.4
6440,929,2024-01-16 10:28:00.357854,Incomplete,505,5,587.5
6441,51,2024-06-18 13:51:02.494879,Incomplete,8,5,2245.05
6442,298,2023-11-14 13:47:50.904006,Incomplete,294,1,59.95
6443,293,2024-03-30 17:11:48.455225,Complete,659,4,276.28
6444,398,2023-01-31 04:21:41.482429,Complete,939,1,65.45
6445,565,2024-09-28 22:17:24.463085,Incomplete,524,5,2217.2
6446,488,2023-08-22 10:36:43.218913,Complete,498,4,821.04
6447,732,2023-04-28 06:47:02.461576,Complete,514,2,128.14
6448,169,2024-05-21 20:02:38.444834,Complete,852,4,1131.52
6449,533,2023-05-16 17:39:54.590410,Complete,880,2,545.32
6450,980,2023-08-10 07:47:12.719161,Complete,543,3,340.05
6451,42,2024-09-07 04:05:53.948611,Complete,948,4,1273.4
6452,387,2024-06-30 06:55:36.322103,Incomplete,580,4,377.64
6453,219,2024-03-13 08:21:30.894744,Incomplete,886,3,459.39
6454,75,2023-06-08 13:52:41.118396,Complete,850,3,408.12
6455,682,2023-02-21 14:09:00.559030,Incomplete,796,2,507.06
6456,690,2024-08-27 22:25:46.691314,Incomplete,937,2,548.24
6457,882,2023-07-07 12:00:45.620924,Incomplete,934,1,15.18
6458,761,2024-12-16 16:34:59.494532,Incomplete,616,5,2341.3
6459,207,2024-03-03 07:22:33.818662,Complete,773,4,752.72
6460,221,2024-11-07 23:00:58.318819,Complete,510,1,267.88
6461,695,2023-02-19 12:12:33.138643,Incomplete,481,5,1721.4
6462,635,2023-06-10 20:09:05.131524,Complete,276,3,1384.71
6463,755,2023-04-14 23:07:15.202274,Complete,629,3,1012.11
6464,472,2023-08-14 12:44:57.966838,Complete,596,2,634.02
6465,502,2023-11-05 09:53:27.402501,Complete,603,5,1578.15
6466,136,2023-02-01 12:53:39.950113,Complete,910,3,1319.25
6467,969,2024-06-07 01:23:40.567336,Incomplete,192,5,669.0
6468,793,2023-03-27 17:37:58.578213,Complete,184,4,1747.52
6469,644,2024-09-07 09:41:43.528058,Incomplete,867,2,301.4
6470,666,2023-07-04 20:13:03.382327,Complete,216,4,521.0
6471,402,2023-10-05 14:06:50.140629,Complete,540,2,723.12
6472,840,2023-02-07 06:16:21.218468,Incomplete,310,3,29.55
6473,768,2023-06-06 07:38:47.065720,Incomplete,711,5,171.8
6474,73,2023-05-09 13:01:52.999823,Complete,190,2,829.62
6475,652,2023-03-02 10:19:23.549623,Incomplete,3,5,1104.3
6476,836,2024-08-31 11:52:52.891007,Complete,636,1,418.77
6477,197,2024-07-16 14:24:07.784539,Complete,883,1,366.63
6478,264,2024-02-28 04:30:49.767075,Incomplete,622,2,166.88
6479,330,2024-07-18 20:36:26.805785,Incomplete,344,2,777.14
6480,604,2024-03-04 19:55:16.580701,Incomplete,971,5,1513.9
6481,574,2024-03-01 15:33:31.004320,Complete,984,5,1758.85
6482,266,2024-11-12 14:11:00.779311,Incomplete,588,3,1031.52
6483,428,2023-11-05 15:32:10.899171,Incomplete,294,1,437.78
6484,563,2023-05-01 21:57:28.766531,Incomplete,407,5,1852.3
6485,861,2025-01-24 15:17:09.117683,Complete,347,2,806.08
6486,36,2023-10-04 01:15:16.773348,Complete,730,2,380.72
6487,337,2024-04-27 09:10:56.338374,Complete,851,5,1281.6
6488,582,2025-01-02 14:41:56.401827,Incomplete,736,5,1741.5
6489,763,2024-04-05 14:31:48.024338,Incomplete,259,1,67.46
6490,50,2023-05-01 17:14:19.585827,Incomplete,716,2,90.06
6491,51,2023-10-30 08:36:06.483056,Incomplete,955,2,117.54
6492,152,2023-05-25 08:24:40.393807,Incomplete,311,4,610.28
6493,525,2024-12-20 01:27:10.378218,Incomplete,81,3,1299.42
6494,934,2024-05-29 20:57:59.552822,Complete,577,2,683.04
6495,966,2023-03-27 16:43:44.847522,Complete,682,3,464.4
6496,437,2023-10-09 00:06:07.458109,Incomplete,268,3,1180.35
6497,849,2023-04-20 07:55:27.296847,Complete,843,4,342.56
6498,65,2024-09-13 20:28:34.018387,Complete,852,4,367.2
6499,353,2024-09-16 13:43:02.015978,Complete,695,3,936.06
6500,385,2023-07-09 20:51:27.739573,Complete,68,3,690.21
6501,603,2023-04-10 21:50:37.702722,Incomplete,804,1,490.8
6502,972,2023-08-17 07:52:05.589623,Complete,519,3,804.15
6503,12,2023-07-17 23:28:18.960316,Complete,857,5,808.1
6504,473,2023-10-23 08:57:08.244565,Complete,253,2,458.62
6505,895,2023-03-26 22:00:03.206233,Incomplete,910,4,1659.36
6506,813,2023-05-13 19:37:20.433005,Complete,470,2,356.28
6507,307,2024-04-26 14:07:57.181009,Complete,84,4,1949.92
6508,996,2024-09-25 04:37:36.298094,Incomplete,535,3,997.17
6509,293,2024-04-09 22:44:26.876324,Complete,624,5,1334.15
6510,33,2024-10-27 02:09:55.762558,Complete,289,3,1465.14
6511,230,2024-11-27 18:31:09.117768,Complete,890,5,1020.05
6512,144,2024-03-26 03:06:15.569911,Complete,198,3,875.4
6513,807,2023-04-12 23:59:04.055179,Incomplete,315,2,336.7
6514,557,2024-08-25 09:28:04.601781,Complete,590,4,770.16
6515,583,2023-08-13 16:15:28.028002,Incomplete,639,4,469.2
6516,866,2024-10-06 19:43:49.343128,Incomplete,543,1,242.76
6517,52,2023-12-17 16:00:36.905498,Incomplete,389,5,646.0
6518,241,2023-04-20 01:44:40.653732,Complete,888,1,127.05
6519,35,2024-11-18 07:41:33.626115,Complete,74,1,362.87
6520,414,2024-12-31 03:32:12.956146,Complete,796,5,1868.9
6521,416,2023-08-29 23:56:41.999881,Complete,462,2,153.88
6522,806,2023-02-17 20:23:02.353805,Complete,203,3,1277.85
6523,269,2023-05-03 21:41:27.838074,Incomplete,231,1,89.95
6524,472,2023-06-28 03:25:48.505217,Incomplete,603,1,277.18
6525,532,2024-05-10 00:38:05.230094,Incomplete,463,3,1387.83
6526,613,2024-05-02 09:50:34.233669,Incomplete,758,3,810.93
6527,173,2024-07-15 22:55:42.308683,Incomplete,60,5,524.75
6528,751,2023-10-09 09:12:52.296983,Complete,786,3,633.84
6529,546,2024-10-19 11:22:25.760489,Incomplete,903,1,187.62
6530,75,2023-06-26 12:13:44.497715,Incomplete,53,1,366.03
6531,70,2024-06-03 07:20:14.589793,Incomplete,632,5,1332.65
6532,985,2024-05-08 06:42:15.277111,Incomplete,504,5,312.9
6533,920,2024-07-05 12:03:12.623603,Complete,206,4,1249.8
6534,805,2024-08-11 21:12:04.098062,Complete,601,4,797.36
6535,350,2024-10-19 09:55:26.264987,Incomplete,194,1,229.8
6536,457,2023-05-29 12:37:47.323238,Complete,709,2,749.4
6537,966,2025-01-06 06:44:19.365907,Complete,446,3,967.77
6538,858,2023-02-10 22:31:33.598201,Complete,778,4,1294.88
6539,32,2023-11-30 22:52:53.360593,Incomplete,608,2,59.0
6540,994,2023-05-29 15:11:20.517221,Incomplete,607,1,483.06
6541,643,2023-11-10 10:09:49.090170,Complete,616,4,229.64
6542,36,2024-07-24 01:05:50.973871,Complete,451,3,64.95
6543,639,2023-12-27 01:18:59.104666,Incomplete,373,2,522.32
6544,337,2024-05-24 11:39:13.470225,Incomplete,946,1,195.94
6545,658,2024-06-17 13:11:06.395170,Complete,860,2,880.18
6546,534,2024-08-06 15:48:01.632976,Incomplete,667,1,254.43
6547,650,2024-06-24 15:42:54.684842,Incomplete,902,2,788.7
6548,983,2025-01-02 12:00:27.783667,Complete,626,5,610.8
6549,426,2023-08-27 23:44:18.632343,Incomplete,348,5,668.05
6550,80,2024-08-28 19:24:20.014394,Incomplete,519,2,662.26
6551,880,2024-01-31 05:07:14.389017,Incomplete,850,5,1740.1
6552,622,2024-03-30 07:48:01.390398,Incomplete,163,4,1041.8
6553,633,2023-10-29 21:26:33.700558,Complete,160,1,274.48
6554,47,2024-06-26 03:36:44.145887,Incomplete,898,5,1277.8
6555,218,2024-02-20 08:20:55.290911,Incomplete,342,5,2403.9
6556,635,2024-08-12 07:32:39.349783,Complete,794,4,254.76
6557,649,2024-11-21 06:57:18.427036,Incomplete,907,4,1265.64
6558,622,2023-11-27 11:43:25.566572,Incomplete,48,4,1612.28
6559,229,2023-06-04 15:21:16.400774,Complete,559,2,448.1
6560,487,2024-03-25 18:22:45.707652,Incomplete,144,3,725.07
6561,303,2024-11-21 23:36:20.710625,Complete,650,4,1486.4
6562,57,2023-06-22 23:24:07.438962,Incomplete,163,3,1345.83
6563,701,2023-10-17 14:11:13.853207,Incomplete,16,1,494.93
6564,621,2024-03-12 19:59:56.161895,Incomplete,57,1,137.69
6565,531,2023-02-04 03:31:05.869680,Incomplete,809,5,170.95
6566,930,2024-07-05 05:33:02.053512,Incomplete,73,2,692.34
6567,388,2024-10-26 15:47:43.001110,Incomplete,694,4,1123.04
6568,347,2024-04-11 04:06:27.224895,Incomplete,279,1,73.97
6569,648,2024-07-05 06:00:07.346004,Complete,164,4,1302.68
6570,946,2024-07-10 20:03:41.839053,Incomplete,243,3,474.45
6571,881,2024-05-07 13:47:24.281320,Complete,622,2,142.68
6572,628,2024-12-17 06:58:56.788451,Complete,630,4,1941.2
6573,362,2023-03-11 02:45:56.633198,Complete,343,3,1368.84
6574,418,2023-04-21 18:39:33.804914,Incomplete,281,1,31.4
6575,438,2024-07-07 02:08:43.424120,Incomplete,370,5,349.45
6576,517,2023-02-06 06:49:24.725496,Complete,369,2,322.98
6577,284,2024-11-12 16:01:05.592712,Complete,27,3,1024.23
6578,99,2023-07-15 13:22:09.124584,Incomplete,371,5,1884.6
6579,813,2024-02-04 10:13:19.372925,Complete,153,3,462.54
6580,571,2024-06-17 09:36:18.616923,Incomplete,53,2,737.98
6581,932,2024-03-09 20:59:04.152802,Complete,827,5,1335.9
6582,193,2023-11-16 15:32:41.851452,Incomplete,924,5,1268.0
6583,838,2024-05-27 08:50:18.329511,Complete,178,3,1382.73
6584,539,2024-07-29 02:51:55.370015,Complete,832,5,498.7
6585,900,2024-01-21 12:21:16.754803,Complete,674,1,267.26
6586,304,2024-03-13 02:30:53.067970,Complete,140,2,609.8
6587,299,2023-07-19 22:51:55.230944,Complete,103,1,348.59
6588,900,2024-09-15 04:06:27.263463,Incomplete,560,3,1269.0
6589,687,2023-05-01 03:33:24.133757,Incomplete,490,5,2418.6
6590,905,2023-11-19 15:54:11.400043,Incomplete,686,1,224.09
6591,34,2023-09-05 05:10:48.110206,Complete,747,4,497.04
6592,584,2024-11-07 05:36:43.756615,Complete,783,4,837.52
6593,312,2024-07-11 00:39:00.112591,Incomplete,110,2,511.2
6594,491,2024-08-09 03:58:46.491267,Incomplete,282,1,443.04
6595,400,2025-01-15 12:27:25.342465,Incomplete,341,4,1551.04
6596,752,2023-06-20 11:28:00.435720,Incomplete,312,5,1819.05
6597,789,2023-04-06 09:55:22.513554,Complete,513,5,2325.2
6598,528,2024-11-09 05:29:50.809208,Incomplete,429,4,1950.92
6599,124,2024-08-28 04:52:05.383371,Incomplete,37,1,185.92
6600,818,2024-07-06 15:47:15.934873,Incomplete,245,1,26.15
6601,245,2024-12-09 07:17:22.242162,Incomplete,87,2,839.24
6602,105,2023-12-29 04:56:55.591431,Complete,794,3,560.97
6603,814,2024-04-09 22:15:52.613338,Complete,615,1,103.4
6604,30,2024-09-13 17:41:28.894053,Complete,854,1,467.67
6605,152,2023-07-16 18:15:39.870026,Complete,532,2,427.6
6606,504,2023-10-16 20:24:34.251091,Complete,201,2,108.16
6607,849,2023-07-10 22:19:14.072473,Complete,243,3,403.56
6608,647,2023-04-07 19:27:27.190951,Incomplete,251,3,794.85
6609,244,2024-04-27 01:02:19.397880,Incomplete,292,1,295.82
6610,924,2023-10-23 10:12:52.888979,Incomplete,841,2,258.44
6611,302,2023-08-28 04:42:34.461741,Incomplete,901,5,677.2
6612,25,2023-12-14 16:44:08.066150,Incomplete,989,4,1790.44
6613,329,2023-11-10 22:54:22.875460,Complete,340,5,2380.2
6614,997,2024-11-06 01:53:31.257688,Complete,276,1,236.13
6615,409,2023-10-21 09:12:40.179667,Incomplete,766,1,246.68
6616,396,2023-03-09 19:21:54.290478,Incomplete,377,1,64.87
6617,296,2024-03-21 12:14:54.970887,Incomplete,411,2,54.4
6618,656,2023-09-28 04:28:55.081072,Complete,455,4,1074.6
6619,830,2024-02-20 18:23:59.507573,Incomplete,440,5,1377.1
6620,448,2023-05-24 23:04:28.307710,Incomplete,781,5,1121.45
6621,150,2023-04-13 13:43:59.887488,Incomplete,230,5,2296.3
6622,15,2024-03-10 19:53:32.000136,Complete,870,4,955.68
6623,395,2024-05-29 09:18:16.676459,Complete,958,3,886.47
6624,547,2024-03-20 08:04:41.757861,Incomplete,530,4,1899.88
6625,159,2023-05-08 14:03:46.920188,Complete,460,2,635.5
6626,139,2024-12-27 03:15:19.532736,Complete,821,5,2472.45
6627,532,2023-06-28 10:34:38.262055,Incomplete,536,5,836.05
6628,786,2023-10-19 04:40:10.924888,Incomplete,606,3,1099.71
6629,308,2024-10-26 17:07:11.091861,Complete,842,3,982.44
6630,284,2023-09-26 19:27:17.866529,Incomplete,754,5,970.5
6631,701,2023-07-26 02:31:24.377390,Complete,925,1,112.87
6632,510,2024-03-24 02:29:18.142810,Incomplete,3,5,813.7
6633,927,2024-02-01 10:48:43.616826,Complete,939,1,297.72
6634,36,2024-12-28 14:40:37.567333,Incomplete,981,4,1522.4
6635,263,2024-06-14 22:37:13.451694,Complete,817,2,143.4
6636,498,2024-01-15 06:53:25.490838,Incomplete,286,5,37.7
6637,146,2024-06-07 03:42:30.044241,Complete,319,1,111.74
6638,44,2024-10-22 16:14:48.600846,Complete,23,2,139.7
6639,296,2024-05-10 17:07:37.370119,Complete,932,2,978.9
6640,479,2024-01-12 11:17:37.449139,Complete,408,2,73.92
6641,325,2024-01-09 00:19:51.219959,Incomplete,752,5,2231.4
6642,698,2024-05-20 07:15:21.125597,Complete,291,1,319.86
6643,937,2024-03-26 05:26:07.353989,Complete,997,4,77.6
6644,331,2024-10-12 12:09:27.084296,Complete,125,1,188.37
6645,494,2024-08-14 20:16:07.602247,Complete,686,5,1974.05
6646,740,2023-12-22 18:52:05.078362,Incomplete,782,2,435.56
6647,937,2023-12-18 09:35:45.690542,Incomplete,316,2,478.34
6648,861,2023-02-21 03:15:15.333112,Incomplete,900,2,272.86
6649,550,2024-09-22 04:58:55.194989,Complete,535,4,1516.68
6650,471,2023-11-20 13:56:39.521466,Complete,324,4,1336.08
6651,154,2023-10-01 12:19:06.684310,Incomplete,444,4,183.24
6652,309,2024-02-19 07:49:07.832897,Incomplete,125,5,2175.4
6653,879,2023-11-27 11:53:07.684659,Complete,401,3,417.69
6654,267,2023-10-02 07:36:02.450516,Complete,174,3,1236.27
6655,475,2023-09-23 07:14:47.375053,Complete,677,3,27.42
6656,400,2023-03-17 16:03:45.002277,Complete,978,3,992.31
6657,169,2024-09-13 22:41:17.333069,Incomplete,506,1,378.86
6658,875,2024-01-09 12:01:26.505658,Incomplete,553,2,133.54
6659,802,2024-09-05 10:24:47.171041,Complete,524,5,333.35
6660,17,2024-01-15 07:46:55.902882,Complete,295,4,1996.6
6661,311,2024-09-22 21:42:22.395887,Incomplete,790,5,763.6
6662,337,2023-09-09 13:22:24.212693,Incomplete,739,2,535.18
6663,200,2024-08-21 10:04:37.234543,Incomplete,736,5,752.2
6664,167,2024-12-12 12:02:24.030921,Complete,838,3,1048.35
6665,27,2023-12-06 23:29:22.132433,Complete,470,2,316.06
6666,166,2024-10-27 04:32:10.278356,Incomplete,329,1,91.77
6667,793,2024-04-14 23:57:00.021103,Incomplete,599,4,1372.12
6668,392,2023-11-19 22:27:16.356884,Complete,24,2,322.5
6669,809,2024-09-25 09:13:00.706833,Complete,593,5,465.8
6670,899,2023-07-10 15:18:30.161727,Complete,280,2,181.2
6671,72,2024-11-10 21:27:13.471499,Incomplete,974,2,790.42
6672,381,2024-06-20 11:45:25.012255,Complete,577,2,940.32
6673,486,2024-02-06 02:23:13.699256,Incomplete,173,3,1259.04
6674,132,2024-11-17 00:57:24.095735,Incomplete,45,4,1799.6
6675,216,2024-06-30 18:47:49.245048,Incomplete,804,5,829.55
6676,490,2023-12-31 11:29:01.215994,Incomplete,263,5,1706.6
6677,522,2023-04-01 03:43:23.214561,Incomplete,904,4,463.32
6678,151,2023-08-17 08:50:50.389930,Incomplete,408,4,1311.6
6679,922,2023-06-05 11:59:41.988132,Incomplete,257,4,1023.08
6680,777,2025-01-18 00:38:50.660906,Complete,378,3,173.94
6681,322,2024-01-12 09:18:41.271686,Complete,31,1,50.24
6682,331,2025-01-16 12:32:03.785417,Incomplete,316,3,1117.47
6683,323,2024-02-12 16:05:19.098078,Incomplete,926,1,197.44
6684,805,2024-07-19 13:20:53.622380,Complete,410,5,2172.4
6685,719,2024-11-01 13:26:05.884807,Complete,888,4,1085.88
6686,24,2023-09-15 21:47:51.348017,Incomplete,66,5,517.45
6687,460,2024-09-06 09:50:05.457181,Complete,553,2,648.16
6688,711,2024-10-10 01:16:59.345120,Incomplete,410,4,1474.32
6689,902,2023-05-25 21:07:53.302630,Complete,384,1,374.66
6690,849,2024-11-12 22:30:43.560284,Complete,350,1,486.5
6691,722,2023-11-02 06:07:30.655094,Incomplete,408,1,145.07
6692,212,2023-03-26 14:13:12.458886,Incomplete,961,5,2229.4
6693,85,2023-03-12 02:40:30.483593,Incomplete,108,3,123.15
6694,861,2024-12-02 13:08:14.920381,Incomplete,964,4,540.72
6695,550,2023-09-06 01:33:33.203317,Complete,405,5,86.85
6696,597,2023-12-28 17:50:21.906073,Complete,763,4,824.8
6697,629,2023-11-12 20:56:46.323106,Complete,206,1,267.4
6698,123,2025-01-12 00:29:57.944933,Incomplete,771,3,1106.82
6699,313,2023-02-13 04:03:09.807729,Incomplete,981,4,1723.52
6700,323,2024-03-19 08:19:05.120952,Complete,774,3,1091.88
6701,344,2024-06-15 04:10:09.251789,Complete,935,1,117.08
6702,52,2024-03-16 16:28:36.742836,Complete,584,1,103.75
6703,123,2024-04-12 15:11:57.021896,Incomplete,406,4,1463.08
6704,323,2023-02-01 00:44:40.489738,Complete,30,1,382.89
6705,516,2025-01-14 13:43:01.112920,Complete,170,3,919.26
6706,128,2024-12-10 14:26:27.506475,Complete,210,3,643.95
6707,851,2024-07-22 07:16:29.440444,Incomplete,880,5,796.05
6708,39,2023-02-14 20:40:20.782035,Complete,254,1,339.37
6709,969,2024-12-24 04:10:43.391303,Complete,201,1,67.81
6710,233,2024-02-08 17:39:29.127676,Complete,449,2,128.34
6711,348,2024-08-26 10:01:51.469612,Incomplete,320,4,34.72
6712,682,2024-04-01 07:17:13.276242,Complete,83,1,293.26
6713,601,2023-07-27 04:39:26.073223,Complete,965,4,125.72
6714,865,2024-11-22 13:12:23.746091,Complete,582,4,958.8
6715,604,2023-03-04 04:25:30.214148,Incomplete,539,4,311.84
6716,321,2023-06-06 09:34:39.754476,Incomplete,275,5,939.65
6717,852,2023-03-31 20:30:47.026854,Incomplete,669,4,414.16
6718,730,2025-01-14 17:13:56.478992,Complete,169,3,686.52
6719,871,2023-08-08 05:35:43.366878,Incomplete,791,1,33.85
6720,633,2024-07-18 16:36:19.374676,Incomplete,286,3,808.68
6721,553,2024-05-19 12:36:58.812932,Complete,644,4,236.88
6722,707,2025-01-01 07:49:39.622161,Complete,521,5,1006.75
6723,651,2024-02-13 19:44:38.299259,Complete,955,2,85.18
6724,652,2024-01-13 15:57:33.095176,Incomplete,868,2,997.52
6725,409,2023-07-12 20:33:31.003419,Complete,894,4,147.36
6726,763,2024-03-22 09:54:07.546215,Incomplete,4,5,911.7
6727,773,2023-03-25 04:16:46.550279,Incomplete,484,4,62.24
6728,85,2024-03-13 01:53:07.913831,Complete,371,4,1210.44
6729,364,2023-02-07 16:49:06.424119,Incomplete,186,5,2033.3
6730,128,2023-09-06 04:54:12.390805,Incomplete,523,4,985.24
6731,365,2023-07-03 10:17:24.099753,Complete,954,4,1565.56
6732,502,2024-06-29 19:22:14.505956,Complete,60,2,195.12
6733,722,2023-08-25 17:14:26.497571,Incomplete,491,4,388.72
6734,592,2023-12-12 04:29:36.460883,Complete,686,2,902.14
6735,857,2024-12-26 12:34:43.893809,Complete,72,5,105.4
6736,360,2023-02-12 20:32:43.859408,Incomplete,515,1,486.3
6737,329,2023-09-04 14:05:25.803743,Complete,705,3,1073.37
6738,59,2023-10-23 08:35:20.046156,Incomplete,749,2,819.78
6739,450,2025-01-11 15:13:10.855133,Complete,219,4,1223.72
6740,145,2024-07-24 14:21:10.075268,Complete,699,4,1533.52
6741,583,2023-10-24 04:23:01.998552,Incomplete,727,1,257.07
6742,574,2023-12-21 18:13:08.409141,Incomplete,892,2,867.92
6743,586,2024-12-21 05:45:54.861524,Complete,539,4,1278.52
6744,978,2024-04-13 02:20:33.881884,Incomplete,686,2,815.94
6745,365,2023-10-17 04:53:28.710496,Incomplete,748,4,1876.44
6746,128,2024-09-06 12:35:08.563573,Incomplete,627,1,205.12
6747,137,2024-06-20 11:48:27.819435,Complete,774,5,574.05
6748,976,2024-05-31 07:23:11.638184,Incomplete,609,3,868.44
6749,435,2023-04-25 07:38:57.660910,Complete,71,5,1901.3
6750,403,2023-03-29 13:25:26.203956,Complete,189,4,948.12
6751,564,2023-02-14 15:53:58.707271,Incomplete,992,5,380.85
6752,432,2024-04-12 05:49:50.898408,Incomplete,169,3,119.28
6753,609,2024-08-21 07:41:04.365690,Incomplete,926,1,421.98
6754,273,2023-04-04 18:27:25.671149,Incomplete,125,4,1440.2
6755,208,2023-12-30 02:58:08.968059,Incomplete,983,3,896.31
6756,82,2023-08-31 09:19:55.885339,Complete,490,4,841.72
6757,643,2024-01-15 00:03:03.415754,Complete,856,5,1949.8
6758,97,2023-09-03 08:51:46.700823,Incomplete,427,2,664.46
6759,82,2023-10-16 10:33:31.432935,Incomplete,981,4,456.28
6760,977,2023-02-02 01:27:32.650359,Incomplete,826,4,1035.76
6761,381,2024-12-05 01:32:44.086967,Incomplete,266,4,1346.96
6762,965,2023-02-04 21:36:15.893594,Incomplete,318,5,1440.95
6763,370,2023-12-05 18:30:29.689639,Incomplete,769,2,932.14
6764,917,2023-08-07 22:05:41.982584,Complete,662,4,1298.44
6765,292,2024-12-28 15:13:28.081045,Incomplete,347,1,251.04
6766,368,2023-02-09 03:45:01.842295,Incomplete,937,3,529.23
6767,636,2024-09-18 02:19:26.959080,Complete,821,4,1295.92
6768,293,2023-03-19 00:51:56.727025,Complete,790,2,149.62
6769,708,2024-02-06 20:08:53.160402,Incomplete,437,2,890.74
6770,555,2023-10-22 03:47:11.125918,Incomplete,166,2,387.88
6771,101,2023-05-17 01:01:13.535250,Complete,595,3,98.97
6772,616,2024-04-06 20:26:14.583193,Incomplete,146,5,93.4
6773,255,2024-04-23 03:57:30.034671,Complete,807,1,168.15
6774,742,2023-09-14 09:31:06.305599,Incomplete,421,3,1129.86
6775,570,2023-11-03 10:41:50.160852,Incomplete,388,5,1442.05
6776,26,2024-11-13 23:15:08.974626,Complete,157,4,345.24
6777,640,2023-05-10 07:00:50.325903,Incomplete,994,1,232.25
6778,260,2024-06-01 03:27:51.626084,Complete,457,4,131.44
6779,984,2023-11-28 09:11:53.356909,Incomplete,526,5,353.9
6780,728,2024-01-11 00:32:19.684682,Complete,135,1,468.61
6781,808,2023-09-18 18:49:22.633127,Incomplete,699,2,33.48
6782,547,2024-03-03 07:46:23.360050,Incomplete,65,1,195.99
6783,859,2024-06-04 12:56:47.862058,Complete,567,5,2352.55
6784,861,2024-04-20 08:35:40.033482,Complete,846,2,581.1
6785,291,2024-06-21 11:34:46.266254,Complete,789,1,323.4
6786,45,2024-01-26 09:06:40.598617,Complete,619,5,598.8
6787,135,2023-08-10 09:34:00.573605,Incomplete,663,4,536.24
6788,81,2024-05-19 08:38:33.988147,Incomplete,279,2,615.1
6789,664,2024-05-09 01:29:48.918128,Complete,476,5,212.65
6790,488,2023-07-20 02:10:01.958399,Incomplete,187,3,1350.9
6791,786,2023-01-30 18:46:09.599849,Complete,952,2,540.92
6792,635,2023-11-29 03:58:50.664297,Incomplete,513,1,18.0
6793,132,2024-09-18 00:38:50.612396,Incomplete,47,2,284.46
6794,405,2023-03-24 14:13:38.548800,Incomplete,37,2,905.48
6795,367,2023-05-01 14:35:02.360755,Complete,211,5,2454.55
6796,178,2023-04-01 22:59:41.944890,Incomplete,347,5,1964.7
6797,442,2023-04-02 18:57:24.180990,Incomplete,425,2,588.88
6798,940,2023-07-23 00:26:12.639376,Incomplete,741,1,194.27
6799,316,2024-12-06 01:56:51.035884,Incomplete,696,4,1091.28
6800,628,2023-04-05 16:08:42.273133,Complete,617,1,427.39
6801,91,2023-10-19 23:50:03.061143,Complete,806,1,150.58
6802,926,2023-07-03 00:55:44.323565,Incomplete,311,5,352.0
6803,145,2024-07-09 00:01:15.977976,Complete,747,1,132.48
6804,459,2024-04-14 05:14:11.324804,Incomplete,727,1,343.16
6805,161,2024-03-13 13:53:30.579334,Incomplete,409,3,1109.16
6806,709,2023-09-07 15:33:59.320768,Complete,832,2,364.22
6807,433,2024-08-27 23:31:01.933555,Incomplete,35,2,514.78
6808,638,2023-12-21 07:02:29.335900,Complete,699,2,527.24
6809,583,2024-05-16 00:07:12.260087,Complete,485,5,225.4
6810,101,2024-11-13 02:42:17.050278,Complete,50,2,450.88
6811,616,2024-08-22 03:38:18.358644,Complete,30,3,523.32
6812,140,2023-06-18 15:45:03.930392,Incomplete,119,1,341.29
6813,256,2024-04-01 23:54:28.308121,Incomplete,46,5,1751.95
6814,960,2023-11-17 05:41:23.981433,Complete,174,2,608.88
6815,679,2023-05-22 10:04:34.829223,Complete,187,3,651.21
6816,970,2024-10-12 17:49:35.487633,Complete,414,4,907.72
6817,678,2023-09-13 01:45:52.192874,Complete,803,1,5.71
6818,470,2024-05-26 09:13:41.140868,Complete,644,3,785.28
6819,732,2024-05-05 15:13:58.689722,Complete,524,4,1773.8
6820,599,2023-08-10 06:09:32.172863,Complete,251,2,700.84
6821,612,2023-10-26 06:04:08.381091,Complete,574,3,912.72
6822,571,2024-12-10 18:32:54.670846,Complete,785,2,151.06
6823,894,2023-08-31 06:17:41.034958,Incomplete,137,1,80.76
6824,144,2024-08-04 02:20:20.930822,Complete,192,2,334.98
6825,963,2024-01-04 03:06:14.827090,Complete,305,2,108.58
6826,520,2023-10-06 05:58:07.519557,Complete,34,2,571.54
6827,470,2024-06-22 21:12:04.306668,Incomplete,872,3,1115.37
6828,32,2024-05-11 03:47:41.027698,Complete,686,5,1241.15
6829,680,2023-10-25 06:43:37.436518,Complete,250,4,1565.76
6830,741,2023-10-06 07:46:57.276705,Incomplete,212,4,827.76
6831,225,2024-02-03 05:30:05.527288,Complete,934,2,277.5
6832,59,2023-08-16 23:50:18.599240,Complete,271,3,1300.98
6833,504,2024-06-09 21:47:55.895612,Complete,444,5,903.0
6834,996,2024-07-21 04:49:37.388811,Complete,317,5,1646.45
6835,906,2023-05-25 23:23:13.015163,Complete,932,3,821.97
6836,143,2024-08-22 07:10:13.769665,Complete,786,5,1577.1
6837,556,2024-04-23 17:21:18.967476,Incomplete,194,1,321.7
6838,975,2024-03-28 14:57:09.490371,Incomplete,453,4,532.16
6839,957,2023-02-11 08:23:01.886357,Complete,816,4,583.88
6840,976,2024-04-09 20:13:57.881957,Incomplete,236,1,216.81
6841,478,2024-09-19 11:53:04.715509,Complete,263,4,288.2
6842,838,2023-04-28 03:21:06.927329,Complete,189,2,515.08
6843,775,2024-05-27 10:29:20.074697,Incomplete,195,5,1672.8
6844,447,2024-10-09 10:43:42.775659,Incomplete,514,1,91.46
6845,715,2024-12-01 21:49:48.745577,Incomplete,661,2,827.86
6846,417,2023-09-25 10:03:47.424049,Incomplete,395,1,153.36
6847,22,2024-12-10 16:41:27.819919,Complete,608,4,473.64
6848,274,2023-07-05 18:47:20.159561,Complete,28,2,508.54
6849,915,2023-05-30 18:21:25.554588,Complete,535,4,528.36
6850,972,2023-12-23 13:01:15.114013,Incomplete,920,2,629.3
6851,40,2023-02-08 15:19:32.651809,Incomplete,744,5,1566.95
6852,960,2025-01-18 02:00:48.846961,Incomplete,819,1,394.32
6853,861,2024-03-06 21:09:06.865637,Incomplete,753,5,193.1
6854,563,2024-07-01 11:40:53.108884,Incomplete,92,1,79.11
6855,211,2024-08-13 05:09:49.683749,Complete,377,2,927.0
6856,710,2024-06-23 14:02:34.683537,Incomplete,402,1,14.14
6857,970,2023-12-19 17:16:36.971563,Complete,140,3,189.12
6858,225,2024-06-18 17:48:21.957956,Complete,680,1,6.34
6859,579,2024-02-12 19:24:37.404622,Incomplete,209,4,181.12
6860,992,2023-06-05 12:48:14.049855,Complete,660,3,1056.69
6861,586,2023-06-06 07:42:34.413130,Complete,605,4,1951.92
6862,932,2023-05-07 07:36:36.526019,Complete,978,4,320.48
6863,755,2023-05-26 09:56:18.119618,Complete,783,1,454.34
6864,420,2024-05-21 16:07:26.063169,Incomplete,692,3,633.66
6865,127,2023-03-17 04:50:27.770477,Complete,187,5,473.3
6866,482,2024-06-25 05:28:19.927856,Incomplete,118,5,458.75
6867,425,2023-04-16 13:11:18.632007,Incomplete,383,1,303.36
6868,890,2025-01-07 04:38:14.859175,Incomplete,985,2,819.36
6869,802,2023-10-28 07:54:37.405224,Incomplete,946,4,1750.32
6870,859,2024-11-20 12:35:52.822803,Incomplete,978,5,2371.2
6871,740,2023-06-04 16:24:23.761655,Incomplete,560,4,785.24
6872,140,2024-08-26 06:22:22.551547,Complete,169,1,209.28
6873,83,2023-07-27 01:59:24.061681,Incomplete,314,3,736.68
6874,996,2023-03-07 04:10:01.223620,Complete,674,3,1252.41
6875,76,2023-09-08 08:52:28.342245,Incomplete,224,3,128.04
6876,765,2024-06-22 05:01:01.528092,Complete,82,3,107.1
6877,868,2024-12-27 12:30:42.476179,Incomplete,28,2,270.54
6878,544,2024-06-11 01:46:48.241402,Incomplete,891,5,1022.85
6879,411,2023-06-06 12:32:01.554264,Incomplete,149,5,336.95
6880,657,2023-03-02 20:40:07.134117,Complete,217,1,48.38
6881,99,2023-06-29 10:19:21.878194,Complete,329,5,1640.8
6882,141,2024-04-15 03:49:39.760772,Complete,761,3,139.47
6883,60,2023-01-28 10:23:21.951136,Complete,687,4,543.8
6884,896,2023-05-26 21:48:16.769468,Complete,261,5,2069.95
6885,250,2023-03-15 11:22:33.433384,Incomplete,241,2,724.92
6886,341,2024-05-20 00:07:11.091200,Complete,249,3,1039.83
6887,129,2023-05-19 09:30:35.215464,Incomplete,722,1,51.07
6888,141,2023-08-31 17:17:25.489729,Complete,73,1,357.09
6889,874,2023-01-28 05:40:23.732590,Complete,362,2,789.34
6890,137,2024-12-13 03:38:12.610887,Incomplete,747,1,394.96
6891,705,2023-05-22 00:34:46.844666,Complete,684,1,450.44
6892,273,2023-11-22 10:50:10.991687,Incomplete,417,1,237.83
6893,158,2023-06-19 14:26:01.514296,Incomplete,378,5,47.25
6894,615,2023-08-04 12:53:43.695247,Incomplete,802,3,102.57
6895,957,2024-01-13 08:15:13.537132,Incomplete,154,2,753.98
6896,955,2025-01-03 11:20:25.141958,Incomplete,85,3,438.81
6897,372,2024-08-24 05:49:38.677831,Complete,270,2,952.78
6898,142,2024-12-04 10:01:02.088943,Incomplete,435,1,228.18
6899,514,2024-09-26 21:09:55.134381,Complete,125,5,717.85
6900,785,2023-09-15 12:34:35.806247,Incomplete,309,5,859.85
6901,849,2023-07-24 21:27:12.824997,Complete,516,1,114.05
6902,881,2023-07-27 01:49:58.305674,Incomplete,543,4,934.84
6903,469,2024-07-30 19:35:16.341578,Complete,896,2,946.22
6904,838,2023-04-25 06:39:03.676781,Complete,368,2,526.72
6905,75,2023-11-25 09:00:32.045171,Incomplete,573,4,1437.08
6906,762,2023-06-27 16:12:00.613988,Incomplete,511,5,1668.55
6907,968,2024-04-18 14:49:32.407564,Complete,328,1,44.52
6908,372,2025-01-08 12:55:04.379727,Complete,789,1,256.2
6909,960,2023-04-15 23:00:12.803243,Incomplete,699,1,128.76
6910,971,2023-07-04 17:51:08.171260,Incomplete,696,4,1091.68
6911,196,2023-08-01 18:47:32.037018,Complete,777,1,276.7
6912,208,2024-04-08 11:11:12.789200,Incomplete,611,1,11.97
6913,999,2024-07-14 15:49:59.232098,Incomplete,441,3,881.79
6914,788,2025-01-14 17:20:03.999339,Incomplete,102,4,1750.96
6915,189,2024-10-27 02:56:11.127770,Incomplete,556,4,416.72
6916,806,2024-05-04 21:51:31.028385,Complete,976,5,701.15
6917,464,2024-12-24 18:58:16.129149,Complete,739,4,1685.72
6918,160,2023-01-29 17:51:35.378119,Complete,62,4,1366.48
6919,894,2023-11-19 20:24:19.340199,Complete,10,4,408.24
6920,871,2023-03-04 13:41:59.721322,Incomplete,248,1,93.01
6921,475,2024-10-31 10:31:14.331890,Complete,998,4,1396.2
6922,501,2023-07-31 00:58:08.835316,Incomplete,552,1,275.1
6923,597,2024-10-06 06:21:48.786351,Complete,937,3,649.86
6924,847,2024-07-10 09:25:53.370887,Incomplete,141,2,910.2
6925,636,2024-03-31 23:46:08.595587,Incomplete,297,4,975.76
6926,450,2023-05-15 10:30:03.226372,Incomplete,386,1,193.38
6927,966,2024-04-12 01:10:17.085020,Complete,514,5,232.3
6928,196,2023-09-19 17:47:54.346339,Complete,189,1,144.98
6929,97,2024-02-19 05:16:29.925226,Complete,366,5,2498.65
6930,678,2025-01-09 23:05:18.609734,Complete,277,3,968.94
6931,320,2023-07-31 20:08:20.559268,Incomplete,468,4,382.48
6932,715,2024-01-22 08:13:22.185127,Incomplete,214,3,1321.62
6933,471,2023-07-31 10:23:18.727791,Incomplete,653,4,1227.24
6934,941,2024-06-16 14:59:42.199071,Incomplete,894,3,628.05
6935,493,2024-07-15 01:19:43.811948,Incomplete,118,2,226.24
6936,123,2023-11-21 11:10:58.795632,Complete,677,3,728.16
6937,372,2023-12-20 20:49:38.861800,Incomplete,625,1,394.87
6938,232,2024-03-06 07:15:21.459776,Complete,630,2,539.58
6939,297,2023-02-27 17:58:27.375413,Incomplete,723,4,1139.04
6940,659,2024-07-17 15:52:11.495045,Incomplete,83,2,708.82
6941,275,2023-10-29 19:44:51.092127,Incomplete,795,4,1608.96
6942,49,2024-04-13 01:20:31.749866,Complete,919,1,328.91
6943,987,2025-01-02 20:16:56.499049,Complete,184,2,316.94
6944,115,2023-11-06 08:33:55.256147,Complete,9,1,321.75
6945,690,2023-06-13 18:16:24.196335,Incomplete,257,2,576.86
6946,781,2024-10-18 13:18:01.311845,Complete,334,1,231.64
6947,13,2023-11-26 04:41:23.194483,Complete,177,3,862.32
6948,742,2024-10-19 10:33:01.077566,Complete,9,1,464.51
6949,684,2024-05-19 12:05:15.059032,Complete,601,4,218.08
6950,211,2023-09-16 00:04:00.875378,Incomplete,732,4,1667.08
6951,748,2024-12-04 02:32:44.148119,Incomplete,458,2,799.66
6952,511,2023-04-27 04:37:50.434308,Incomplete,524,4,401.24
6953,159,2023-02-16 14:53:12.493303,Complete,179,3,920.76
6954,811,2023-11-15 18:38:40.086686,Incomplete,958,2,72.42
6955,437,2023-01-30 00:38:36.643933,Complete,145,1,117.5
6956,236,2024-09-13 22:56:41.742979,Complete,124,2,609.34
6957,501,2024-07-19 05:41:37.400878,Complete,528,2,151.28
6958,885,2024-02-24 19:25:08.834639,Complete,428,4,1566.92
6959,764,2024-04-04 07:22:46.543018,Incomplete,969,4,584.64
6960,890,2023-05-14 20:50:00.706728,Incomplete,332,3,654.84
6961,809,2023-10-16 23:42:20.853480,Complete,782,1,437.87
6962,234,2023-02-12 00:36:41.330549,Complete,382,2,410.98
6963,502,2023-03-18 11:14:08.319323,Complete,872,1,218.26
6964,472,2023-11-18 20:44:28.148848,Complete,297,3,596.01
6965,668,2023-06-04 15:11:10.785234,Complete,773,2,146.58
6966,102,2023-04-08 16:43:15.134951,Incomplete,618,3,289.02
6967,282,2024-01-19 14:13:17.869635,Complete,454,5,1983.3
6968,364,2023-06-13 11:29:17.092786,Complete,718,4,780.92
6969,698,2024-09-16 05:50:03.836989,Complete,110,3,408.15
6970,463,2024-05-18 09:48:13.637994,Incomplete,619,2,51.92
6971,25,2023-04-06 20:45:20.941384,Complete,801,2,951.88
6972,882,2023-09-26 10:54:13.093785,Complete,59,3,546.63
6973,113,2024-01-10 14:17:29.115537,Incomplete,294,4,679.76
6974,233,2024-07-30 17:35:36.643181,Complete,540,1,229.6
6975,142,2023-08-24 05:02:04.717020,Incomplete,170,3,533.16
6976,816,2023-03-26 12:30:42.587348,Complete,394,4,1132.84
6977,529,2024-01-16 14:06:53.155699,Complete,532,2,831.04
6978,234,2023-11-05 03:39:59.441342,Incomplete,492,5,37.45
6979,715,2024-05-12 01:52:10.886454,Complete,515,1,424.52
6980,79,2024-10-11 03:34:03.965664,Incomplete,903,1,113.69
6981,833,2023-01-29 02:27:45.219448,Incomplete,657,5,2115.5
6982,613,2024-01-18 22:02:49.508627,Incomplete,721,2,860.42
6983,574,2024-10-07 13:21:25.739721,Complete,122,1,383.67
6984,555,2024-11-30 04:12:38.396709,Complete,12,5,1905.7
6985,756,2023-05-28 16:12:17.245255,Complete,38,2,356.34
6986,348,2024-10-01 15:56:43.707260,Incomplete,315,1,38.21
6987,434,2024-06-04 13:55:53.875939,Complete,758,3,269.58
6988,124,2023-08-08 19:20:40.543777,Incomplete,405,1,23.28
6989,673,2024-10-23 12:19:41.805029,Incomplete,605,4,348.0
6990,333,2024-10-29 06:09:20.154609,Incomplete,350,1,80.2
6991,261,2024-12-02 08:25:43.741840,Complete,658,1,240.6
6992,378,2024-11-05 15:14:10.821058,Incomplete,993,1,359.25
6993,142,2024-04-28 21:56:08.412116,Incomplete,781,1,336.82
6994,237,2024-01-31 22:16:10.943462,Complete,433,1,367.29
6995,207,2024-09-14 22:13:24.632516,Incomplete,223,4,1461.64
6996,732,2023-02-01 22:17:01.698157,Incomplete,99,4,1697.12
6997,887,2023-11-08 15:49:03.925647,Incomplete,973,4,1304.16
6998,630,2024-05-15 02:25:27.501069,Incomplete,990,1,207.67
6999,720,2023-03-02 03:50:06.231223,Incomplete,490,4,159.84
7000,844,2024-09-13 23:49:14.619749,Complete,984,2,332.46
7001,383,2024-05-27 07:32:54.430511,Incomplete,749,4,1446.48
7002,258,2023-11-08 01:15:49.415117,Incomplete,139,2,950.34
7003,414,2023-04-16 03:35:53.060602,Incomplete,462,1,441.98
7004,480,2024-01-13 08:19:31.940116,Incomplete,912,4,1506.36
7005,635,2024-08-28 10:16:46.881036,Incomplete,857,1,80.54
7006,17,2025-01-11 04:34:53.880158,Complete,195,5,185.05
7007,129,2023-02-22 22:04:10.460205,Complete,590,3,72.36
7008,565,2023-06-30 13:24:13.813200,Complete,847,1,30.07
7009,666,2024-12-17 03:34:36.467902,Incomplete,613,4,279.72
7010,938,2024-05-26 05:19:42.775968,Complete,753,1,281.01
7011,73,2024-05-23 19:15:44.830685,Incomplete,214,4,117.68
7012,262,2023-06-21 05:59:10.421627,Incomplete,213,4,1452.84
7013,967,2023-10-24 12:22:54.681030,Incomplete,549,3,789.9
7014,570,2023-11-22 20:05:06.627954,Incomplete,82,3,1033.68
7015,528,2024-08-06 08:17:32.855340,Complete,178,3,1063.02
7016,52,2024-05-27 07:43:12.350520,Incomplete,501,3,165.69
7017,549,2024-12-12 09:48:57.783494,Complete,385,1,499.65
7018,419,2023-05-17 18:58:36.609956,Complete,577,2,547.48
7019,895,2024-05-24 18:08:17.746892,Incomplete,528,1,335.01
7020,83,2023-11-07 19:19:49.836039,Incomplete,410,4,1735.56
7021,691,2023-11-26 02:43:27.906192,Incomplete,646,4,100.64
7022,221,2023-06-16 09:28:27.706442,Incomplete,739,2,556.0
7023,390,2024-07-21 04:16:25.066103,Incomplete,496,5,755.3
7024,105,2024-12-21 22:59:00.956752,Incomplete,357,4,1912.32
7025,917,2023-06-05 23:49:56.186862,Incomplete,192,3,666.63
7026,541,2023-08-06 23:01:49.690103,Complete,334,1,434.4
7027,22,2024-08-25 01:39:59.205199,Incomplete,553,4,1996.64
7028,613,2024-08-31 12:53:51.837313,Incomplete,315,4,1930.76
7029,230,2025-01-04 04:20:32.979296,Complete,21,4,1935.28
7030,42,2024-11-26 18:02:17.550346,Incomplete,870,5,1555.7
7031,745,2025-01-02 09:49:17.222502,Incomplete,302,1,208.85
7032,39,2024-04-04 04:50:41.769940,Complete,609,3,1199.13
7033,275,2024-07-06 12:19:13.799628,Incomplete,899,5,1818.65
7034,46,2023-02-27 16:11:58.140471,Incomplete,586,4,1618.48
7035,427,2024-09-02 06:34:07.646249,Complete,631,3,576.24
7036,743,2024-07-21 19:16:25.862206,Complete,815,5,1996.15
7037,512,2023-05-12 11:59:37.040233,Incomplete,780,5,2387.4
7038,842,2023-03-10 07:48:40.820317,Complete,151,2,31.76
7039,278,2023-08-21 20:44:43.318934,Complete,279,4,500.64
7040,614,2024-01-11 19:07:57.084904,Incomplete,403,2,436.66
7041,199,2025-01-05 15:03:38.558067,Incomplete,587,1,102.29
7042,765,2024-12-20 18:49:18.715359,Incomplete,440,3,56.49
7043,336,2024-02-16 05:13:46.287942,Complete,191,4,449.88
7044,755,2023-12-27 23:01:22.879067,Complete,83,2,690.28
7045,898,2024-08-28 05:48:03.903760,Incomplete,483,3,1090.83
7046,594,2024-01-08 20:36:35.313104,Complete,202,4,939.48
7047,807,2024-03-27 21:56:55.766634,Complete,573,4,1888.76
7048,772,2023-02-22 14:40:28.860321,Complete,795,1,131.59
7049,292,2023-11-16 01:37:45.316673,Complete,689,3,1239.75
7050,931,2024-03-20 21:15:05.513350,Complete,592,5,2401.85
7051,519,2023-09-11 00:23:43.471209,Incomplete,32,4,39.4
7052,940,2024-01-22 20:24:09.573040,Complete,836,2,505.58
7053,556,2024-04-18 05:39:34.197228,Complete,281,3,1258.08
7054,240,2023-12-29 15:59:20.977125,Incomplete,24,3,183.15
7055,439,2023-09-08 21:36:03.868413,Complete,910,4,742.28
7056,195,2024-08-10 03:30:39.136552,Complete,743,5,767.6
7057,349,2023-03-14 00:44:55.748770,Incomplete,639,1,83.06
7058,619,2025-01-10 06:02:05.231923,Complete,186,4,1180.44
7059,731,2024-09-03 15:00:17.820288,Incomplete,927,2,819.54
7060,681,2023-12-28 01:20:24.249935,Incomplete,914,4,1812.44
7061,946,2024-07-02 09:55:43.721149,Complete,356,2,865.36
7062,958,2023-02-02 19:32:41.311799,Incomplete,588,1,460.38
7063,785,2023-12-23 17:23:27.049458,Complete,340,1,114.07
7064,955,2024-04-29 21:09:51.138250,Incomplete,957,1,198.4
7065,285,2024-06-23 06:22:12.552847,Complete,270,3,212.07
7066,297,2023-09-06 23:16:35.819138,Incomplete,166,2,206.64
7067,816,2024-04-23 16:54:49.081257,Incomplete,360,4,997.16
7068,542,2023-06-18 18:59:11.708457,Incomplete,965,3,1067.43
7069,272,2025-01-04 22:13:56.094664,Incomplete,485,2,674.74
7070,827,2024-06-30 12:24:34.393935,Complete,566,5,2005.7
7071,625,2024-04-28 04:06:46.237153,Complete,218,1,29.84
7072,124,2023-07-20 07:20:18.538653,Complete,277,4,1137.96
7073,407,2024-03-17 19:45:46.833319,Incomplete,414,3,658.74
7074,491,2024-02-23 16:10:19.278271,Incomplete,616,3,517.44
7075,722,2024-12-28 15:43:01.810181,Incomplete,343,4,1697.64
7076,746,2023-08-26 10:22:04.258841,Incomplete,678,3,381.6
7077,806,2023-06-27 23:37:34.027067,Incomplete,934,3,1429.53
7078,425,2024-12-03 02:49:13.909075,Complete,396,5,1964.9
7079,463,2024-10-19 02:19:54.546956,Complete,754,3,835.53
7080,462,2023-08-18 19:04:35.770395,Incomplete,244,1,340.07
7081,502,2024-03-30 11:28:52.496265,Complete,939,3,570.63
7082,811,2023-05-11 01:48:01.641898,Incomplete,276,3,217.47
7083,911,2023-04-11 04:26:28.588419,Complete,319,5,1525.1
7084,665,2024-09-30 17:03:05.081120,Complete,933,1,89.43
7085,915,2023-09-09 14:10:27.285470,Complete,724,2,30.1
7086,575,2024-12-10 16:28:30.551176,Incomplete,370,4,1724.16
7087,314,2024-09-23 21:47:11.436377,Complete,31,5,332.95
7088,189,2024-12-13 19:30:35.804433,Complete,381,2,125.14
7089,546,2023-12-04 16:38:40.282616,Complete,42,5,1413.3
7090,377,2023-09-08 18:37:15.192425,Incomplete,639,3,1114.02
7091,830,2023-10-25 17:34:07.112301,Incomplete,95,5,338.2
7092,64,2023-06-29 17:25:43.295223,Complete,271,4,80.32
7093,107,2024-01-29 22:44:11.396490,Incomplete,208,3,1181.01
7094,644,2023-10-13 06:53:32.191229,Complete,712,4,48.72
7095,647,2024-08-23 03:34:47.049353,Complete,403,3,1310.4
7096,819,2023-05-19 03:54:18.180356,Incomplete,389,2,410.28
7097,615,2023-08-01 16:49:58.232690,Complete,591,3,513.99
7098,475,2023-03-31 13:08:55.834321,Incomplete,885,3,785.34
7099,854,2023-02-21 01:25:08.473541,Incomplete,72,2,212.64
7100,274,2023-10-18 17:01:29.460291,Incomplete,604,2,171.98
7101,719,2023-12-02 23:33:38.113791,Incomplete,816,2,781.54
7102,478,2023-03-16 18:43:02.826703,Incomplete,486,4,709.2
7103,15,2023-08-09 00:45:40.842100,Complete,809,5,830.4
7104,139,2024-06-02 14:34:09.472777,Incomplete,335,2,283.84
7105,507,2024-09-09 03:01:40.072271,Incomplete,528,2,332.44
7106,326,2023-04-14 13:11:36.600205,Incomplete,365,5,1767.55
7107,841,2024-02-02 12:23:37.332100,Complete,500,5,1028.15
7108,370,2023-07-30 23:57:47.171539,Complete,796,4,893.72
7109,503,2024-04-17 23:37:44.265876,Incomplete,830,4,1746.76
7110,85,2023-10-29 06:49:36.760123,Complete,525,5,1971.0
7111,924,2023-02-25 11:19:18.488819,Incomplete,37,5,508.5
7112,60,2024-02-10 21:43:50.285420,Incomplete,960,2,337.62
7113,501,2024-07-07 00:56:49.476815,Incomplete,687,2,241.74
7114,66,2023-07-01 01:40:30.621178,Incomplete,915,3,1387.11
7115,829,2024-12-28 21:08:07.059159,Complete,315,2,854.82
7116,44,2023-03-21 11:57:04.382965,Complete,908,4,165.04
7117,851,2024-01-23 05:50:37.058665,Complete,683,2,814.28
7118,210,2024-06-16 06:36:54.057401,Incomplete,202,2,675.28
7119,795,2024-06-30 14:55:40.743771,Complete,144,2,87.04
7120,462,2023-07-09 01:31:41.373546,Incomplete,339,4,1099.56
7121,942,2024-07-21 10:24:35.774665,Incomplete,163,4,1379.28
7122,185,2024-01-15 01:12:04.916847,Complete,555,2,792.36
7123,926,2024-11-19 00:25:48.565212,Incomplete,527,5,111.45
7124,288,2023-12-20 23:38:00.713220,Complete,647,3,321.84
7125,240,2024-05-12 02:57:49.810920,Incomplete,835,2,827.7
7126,675,2023-06-22 21:49:33.223126,Incomplete,715,2,302.96
7127,428,2023-12-03 06:08:17.914771,Incomplete,29,3,1019.16
7128,325,2024-11-16 03:00:07.106996,Complete,535,1,185.54
7129,981,2023-02-02 09:47:49.911798,Complete,472,3,902.22
7130,419,2025-01-26 01:28:48.764026,Complete,400,2,647.98
7131,8,2024-10-30 16:21:01.614293,Complete,619,1,429.96
7132,358,2023-06-08 22:03:37.261039,Incomplete,190,2,610.8
7133,915,2024-12-18 08:06:13.023885,Complete,235,1,96.51
7134,668,2023-10-13 18:50:01.595443,Complete,820,3,552.54
7135,665,2024-06-09 15:46:42.029077,Complete,486,1,192.94
7136,812,2023-02-19 10:01:26.061528,Complete,652,2,24.04
7137,763,2024-07-24 09:56:41.499436,Complete,672,1,319.25
7138,764,2023-08-03 16:32:53.678279,Complete,699,3,410.91
7139,128,2025-01-01 19:17:57.733951,Incomplete,873,1,197.19
7140,919,2024-09-17 02:45:34.016371,Complete,535,3,1029.42
7141,425,2023-08-01 23:21:21.908251,Incomplete,431,3,907.32
7142,69,2024-04-25 19:16:56.641616,Incomplete,408,1,144.59
7143,319,2023-07-17 19:54:59.871842,Incomplete,608,1,302.5
7144,367,2023-01-28 20:26:10.339831,Complete,848,5,2145.2
7145,173,2023-10-09 10:43:21.599761,Complete,446,5,1057.7
7146,839,2024-09-11 13:32:03.645482,Incomplete,892,3,445.14
7147,182,2024-04-09 14:42:16.500989,Incomplete,644,3,350.91
7148,686,2024-07-13 20:28:28.133932,Incomplete,710,2,130.12
7149,296,2024-10-10 00:35:17.391396,Incomplete,632,5,45.2
7150,143,2024-07-24 21:07:42.964636,Complete,840,2,477.42
7151,611,2024-01-18 13:36:04.764726,Incomplete,383,2,147.52
7152,922,2024-11-30 08:37:25.817832,Complete,695,1,297.21
7153,744,2023-12-25 04:46:07.634087,Incomplete,269,3,58.47
7154,957,2023-09-19 20:43:22.275601,Complete,583,1,406.06
7155,240,2025-01-13 04:30:06.897657,Incomplete,14,1,297.22
7156,61,2024-05-15 14:22:17.276683,Incomplete,41,3,717.66
7157,942,2023-08-15 23:58:51.008616,Incomplete,627,4,425.92
7158,524,2024-09-08 09:41:44.917434,Complete,5,5,953.85
7159,292,2024-03-18 09:10:34.692049,Incomplete,953,3,530.19
7160,568,2023-08-18 18:58:45.077937,Complete,374,4,398.76
7161,352,2023-11-29 00:14:11.600883,Incomplete,614,5,1911.95
7162,237,2024-09-03 16:42:20.528797,Incomplete,431,1,483.64
7163,47,2024-09-20 09:15:43.954583,Incomplete,352,1,433.08
7164,117,2023-04-19 02:00:09.707331,Complete,685,4,140.32
7165,499,2024-09-15 12:13:43.884372,Complete,768,3,719.25
7166,178,2025-01-07 16:28:28.321578,Complete,802,2,897.66
7167,353,2023-05-04 03:22:28.860871,Incomplete,330,3,381.66
7168,6,2024-03-05 13:15:30.957852,Incomplete,488,1,340.8
7169,564,2024-08-07 03:40:44.655475,Incomplete,213,1,210.35
7170,775,2024-07-07 18:43:23.423459,Incomplete,217,1,321.34
7171,1,2023-06-30 01:43:03.567137,Complete,541,1,362.02
7172,388,2024-10-29 21:36:42.383258,Complete,501,4,537.8
7173,797,2023-04-11 13:48:19.565143,Incomplete,127,4,643.88
7174,837,2023-05-14 11:35:25.698041,Complete,358,2,275.62
7175,642,2023-05-06 12:36:15.487210,Incomplete,327,2,460.14
7176,904,2024-06-06 22:33:54.714070,Complete,5,3,794.91
7177,104,2024-12-24 21:45:56.783893,Complete,81,1,99.18
7178,663,2023-12-06 08:39:41.184000,Complete,645,1,45.52
7179,39,2024-09-02 20:11:23.580012,Complete,430,3,399.24
7180,665,2023-02-23 20:13:46.327372,Complete,250,5,1588.3
7181,395,2024-03-13 03:35:50.925627,Incomplete,273,1,298.98
7182,790,2024-02-17 22:32:03.497018,Incomplete,379,2,852.42
7183,908,2023-12-04 04:44:00.014865,Complete,701,1,226.47
7184,649,2024-11-20 20:24:29.852438,Complete,690,2,547.82
7185,77,2023-11-13 10:33:00.855098,Incomplete,540,3,258.54
7186,981,2023-06-06 05:35:57.546928,Complete,156,1,347.33
7187,67,2024-02-19 13:31:46.195441,Incomplete,143,4,1747.8
7188,511,2025-01-14 11:06:42.853126,Incomplete,379,3,543.54
7189,82,2023-03-13 22:35:22.865959,Incomplete,651,3,1270.23
7190,334,2023-09-18 01:34:39.995308,Incomplete,852,4,1245.28
7191,254,2023-09-25 15:03:49.417192,Incomplete,868,4,1910.0
7192,488,2024-12-08 08:39:15.317436,Complete,985,3,599.07
7193,629,2024-06-14 16:45:40.999753,Incomplete,104,3,517.41
7194,388,2023-04-03 03:09:30.168076,Complete,244,5,1551.05
7195,617,2024-02-22 23:15:42.069399,Incomplete,300,1,165.36
7196,199,2024-12-06 00:39:22.678073,Complete,575,5,352.05
7197,286,2024-02-20 17:58:16.718250,Complete,843,1,137.73
7198,69,2025-01-21 15:02:35.182996,Incomplete,684,3,1389.54
7199,972,2023-10-09 12:04:13.965628,Complete,769,2,140.7
7200,374,2023-05-30 08:58:17.549512,Incomplete,434,1,205.35
7201,269,2024-08-06 07:14:53.705601,Incomplete,455,5,1085.25
7202,496,2023-10-01 10:18:14.393460,Incomplete,334,5,889.5
7203,867,2023-03-17 07:00:00.610238,Complete,910,2,196.0
7204,978,2024-07-24 20:14:54.026873,Complete,612,1,24.34
7205,520,2024-03-23 08:05:02.778241,Incomplete,77,3,418.23
7206,86,2023-08-10 14:34:28.013303,Incomplete,817,3,1141.71
7207,251,2023-05-01 13:39:18.714465,Incomplete,403,3,611.79
7208,702,2023-06-03 23:25:01.610884,Incomplete,465,2,731.52
7209,330,2024-03-04 07:31:07.560365,Complete,238,1,353.79
7210,115,2023-06-09 12:18:07.252721,Incomplete,901,5,562.0
7211,958,2023-10-11 06:39:19.365297,Incomplete,735,4,47.16
7212,825,2024-06-02 12:38:59.247073,Complete,494,2,857.54
7213,984,2025-01-04 18:46:27.434420,Incomplete,151,4,266.76
7214,917,2023-08-02 02:18:56.888455,Complete,393,2,236.12
7215,152,2024-10-07 15:16:27.212013,Complete,613,4,1498.04
7216,865,2023-07-28 08:24:55.384924,Complete,805,5,1888.0
7217,537,2024-10-26 04:40:17.307779,Complete,950,1,32.18
7218,451,2023-07-08 05:17:56.353945,Incomplete,521,5,1888.25
7219,400,2023-03-08 12:12:07.429292,Incomplete,846,4,99.12
7220,395,2025-01-20 04:20:56.926844,Incomplete,585,1,158.98
7221,165,2023-01-29 00:41:43.889383,Complete,492,2,746.72
7222,254,2023-12-14 02:28:10.035043,Complete,196,3,818.88
7223,271,2025-01-24 08:45:45.012728,Complete,165,1,275.93
7224,275,2024-07-27 19:25:41.458964,Incomplete,958,5,2100.75
7225,589,2024-07-06 03:26:42.203605,Incomplete,614,3,294.12
7226,899,2023-11-25 08:55:58.001898,Incomplete,492,2,249.8
7227,122,2024-03-10 05:03:03.121940,Complete,121,3,136.2
7228,776,2023-09-12 22:25:25.009012,Incomplete,962,5,1754.55
7229,128,2024-09-17 01:03:15.444152,Incomplete,482,4,638.92
7230,192,2023-05-27 17:49:22.719795,Incomplete,656,3,1233.69
7231,333,2023-08-10 12:27:54.998053,Complete,97,5,50.4
7232,950,2024-02-28 00:54:14.978357,Incomplete,229,5,1542.45
7233,458,2024-09-30 18:17:02.073927,Incomplete,991,2,568.2
7234,234,2023-08-28 00:33:12.997502,Complete,94,1,391.39
7235,188,2024-04-05 15:34:46.428382,Complete,733,3,1482.66
7236,325,2023-10-17 20:20:19.615326,Incomplete,549,3,707.64
7237,250,2024-01-06 21:28:54.408377,Complete,394,4,219.88
7238,172,2023-10-04 05:07:17.430628,Incomplete,410,3,938.34
7239,93,2024-06-03 12:40:28.412261,Complete,173,4,352.88
7240,213,2024-05-08 14:14:51.426398,Incomplete,283,3,1185.72
7241,722,2024-03-12 01:46:48.949156,Complete,817,3,885.75
7242,643,2024-07-11 14:39:59.389883,Incomplete,444,3,737.61
7243,292,2024-10-17 20:07:51.593730,Incomplete,387,4,564.92
7244,278,2024-03-20 10:58:14.621184,Incomplete,132,3,981.27
7245,57,2024-11-07 20:06:18.769145,Complete,538,3,876.3
7246,317,2024-07-20 05:35:31.094159,Complete,78,4,105.16
7247,88,2024-12-25 20:59:59.029091,Incomplete,988,1,342.37
7248,37,2024-02-23 18:54:39.143985,Incomplete,529,5,2058.3
7249,381,2023-11-07 15:57:00.748363,Incomplete,799,5,2198.85
7250,245,2023-05-17 07:53:11.814187,Incomplete,376,4,343.72
7251,809,2023-11-21 11:40:13.961010,Incomplete,79,5,2373.5
7252,342,2023-05-18 12:01:54.972775,Complete,151,2,742.78
7253,972,2023-08-10 05:12:34.195695,Complete,296,4,1550.52
7254,553,2024-08-15 10:54:35.351462,Complete,438,3,251.58
7255,109,2023-07-17 09:00:56.606321,Incomplete,156,2,241.72
7256,262,2024-07-08 20:00:20.944166,Incomplete,307,5,32.3
7257,509,2024-07-31 07:53:25.856539,Complete,897,3,1491.84
7258,406,2023-07-01 20:17:41.652493,Incomplete,155,2,409.66
7259,8,2024-01-30 00:26:51.685104,Incomplete,34,3,609.57
7260,379,2023-04-01 17:17:32.883110,Complete,503,1,474.96
7261,471,2023-10-29 18:48:06.064591,Complete,954,2,471.22
7262,522,2024-03-16 21:28:59.788687,Complete,362,4,83.48
7263,719,2024-09-30 15:54:30.668115,Incomplete,198,3,481.89
7264,519,2024-09-01 12:10:20.374454,Complete,412,5,1966.3
7265,959,2023-06-21 00:52:55.866066,Complete,26,1,198.17
7266,3,2024-10-09 06:01:59.633855,Incomplete,673,2,458.58
7267,883,2023-12-13 18:02:48.873105,Incomplete,676,2,217.46
7268,419,2024-11-23 08:40:18.414440,Complete,312,2,372.6
7269,141,2023-05-29 20:38:43.738424,Complete,57,1,406.51
7270,519,2024-01-13 05:24:46.233946,Complete,971,3,686.19
7271,866,2024-10-01 22:08:32.181438,Incomplete,842,3,147.66
7272,466,2023-04-13 07:01:37.140676,Complete,45,1,404.04
7273,502,2023-08-09 13:30:05.549272,Complete,863,2,102.08
7274,694,2024-07-30 12:37:55.244927,Complete,606,4,507.96
7275,442,2023-12-16 16:46:48.874960,Incomplete,435,2,842.9
7276,190,2024-01-14 18:33:20.148428,Complete,140,2,168.56
7277,593,2025-01-13 22:20:23.412341,Complete,705,4,522.08
7278,485,2023-09-13 15:34:06.281845,Incomplete,608,4,1865.64
7279,224,2024-07-16 16:34:29.745864,Complete,593,2,687.0
7280,482,2023-10-07 22:43:59.344146,Incomplete,525,3,1201.14
7281,438,2023-07-21 20:35:32.730987,Complete,130,2,837.1
7282,968,2023-03-03 18:07:05.379328,Complete,517,1,298.22
7283,773,2024-11-18 07:20:25.882974,Incomplete,538,1,270.01
7284,315,2023-09-10 03:06:40.615087,Incomplete,157,1,314.29
7285,566,2024-06-29 22:50:59.730460,Incomplete,315,3,162.93
7286,805,2023-09-09 06:45:42.503267,Incomplete,863,5,1822.8
7287,357,2024-01-16 22:41:43.726941,Incomplete,913,3,1002.39
7288,674,2023-06-22 07:42:22.926744,Incomplete,963,4,1930.68
7289,561,2024-10-27 21:47:48.605062,Incomplete,121,4,1614.72
7290,858,2023-03-29 09:13:58.343985,Complete,761,1,172.56
7291,362,2024-02-26 08:44:23.130339,Incomplete,773,4,1391.6
7292,537,2023-02-03 00:36:55.295582,Complete,627,4,1253.36
7293,72,2024-08-02 06:17:52.017109,Incomplete,649,2,400.32
7294,273,2025-01-23 06:57:06.582715,Incomplete,141,2,596.72
7295,299,2024-06-05 05:54:53.439886,Incomplete,887,2,204.56
7296,210,2024-01-31 17:52:44.936621,Complete,85,5,2302.5
7297,114,2024-07-24 17:09:53.633284,Incomplete,445,4,1264.88
7298,598,2024-04-09 11:05:07.722887,Incomplete,667,5,1170.55
7299,870,2025-01-21 04:06:19.912574,Incomplete,457,3,1035.9
7300,778,2023-07-25 23:13:30.556420,Incomplete,680,4,572.68
7301,743,2023-06-16 05:30:29.081065,Incomplete,163,3,291.69
7302,221,2025-01-16 07:33:51.285613,Complete,57,4,1585.4
7303,42,2025-01-14 00:50:12.740446,Incomplete,7,3,998.94
7304,513,2024-07-06 14:16:40.467654,Complete,823,2,573.86
7305,381,2024-06-11 07:23:53.798298,Incomplete,159,1,65.68
7306,701,2024-07-21 11:33:12.027271,Complete,611,3,351.18
7307,525,2024-08-17 20:26:45.135166,Incomplete,667,1,12.09
7308,584,2023-04-08 21:07:14.321949,Incomplete,550,1,374.19
7309,719,2024-06-09 20:20:48.477076,Complete,455,2,77.56
7310,929,2024-01-29 18:44:43.499987,Complete,213,4,749.76
7311,754,2023-04-30 09:51:24.332488,Incomplete,770,1,421.19
7312,447,2023-10-17 03:38:28.246285,Incomplete,693,4,695.76
7313,864,2024-06-06 15:49:09.575273,Complete,531,2,195.7
7314,656,2024-01-23 04:31:05.955887,Incomplete,386,2,750.3
7315,662,2023-03-24 10:51:19.675273,Complete,756,1,133.27
7316,652,2024-01-04 21:51:26.224109,Incomplete,944,4,1655.24
7317,91,2024-01-16 19:02:56.222939,Incomplete,746,1,188.87
7318,147,2024-12-12 11:57:35.650365,Incomplete,870,2,953.78
7319,158,2023-09-05 01:28:52.200726,Complete,436,1,210.56
7320,159,2024-12-10 09:22:19.643042,Complete,695,3,555.15
7321,668,2024-05-16 00:29:50.493102,Complete,596,2,192.66
7322,723,2023-05-02 16:08:09.651357,Incomplete,812,5,979.2
7323,118,2025-01-16 18:34:28.911635,Incomplete,861,4,673.6
7324,253,2024-06-16 11:09:06.413592,Complete,504,1,427.4
7325,590,2023-07-19 05:50:09.011196,Incomplete,102,2,710.8
7326,867,2024-06-17 01:33:17.450925,Incomplete,975,4,1132.28
7327,288,2023-06-19 18:07:14.007025,Incomplete,356,1,265.89
7328,520,2024-01-06 15:16:12.862762,Complete,935,1,201.21
7329,446,2024-10-24 15:35:00.646155,Incomplete,692,1,138.28
7330,109,2023-06-18 18:02:25.954131,Incomplete,986,5,2192.95
7331,41,2023-11-12 12:29:14.598734,Incomplete,59,3,1144.26
7332,26,2023-12-05 10:15:29.729982,Incomplete,67,1,20.24
7333,216,2024-02-02 05:33:29.839871,Complete,223,4,287.4
7334,440,2024-10-27 07:41:44.137067,Complete,597,1,35.53
7335,207,2023-06-26 02:51:06.743358,Complete,111,5,1314.05
7336,167,2023-08-30 08:04:35.634623,Complete,839,2,289.6
7337,481,2023-05-18 19:28:01.371113,Complete,320,4,1550.56
7338,198,2024-05-07 07:20:36.716265,Incomplete,745,5,642.6
7339,161,2024-09-18 12:07:57.658509,Incomplete,222,2,887.4
7340,421,2024-12-13 16:42:05.294273,Incomplete,33,3,1267.56
7341,844,2024-11-29 15:11:39.033349,Incomplete,213,5,2033.9
7342,697,2024-02-28 03:43:31.879802,Complete,160,5,2409.2
7343,664,2024-12-25 04:32:24.412901,Complete,116,3,662.28
7344,173,2025-01-03 06:17:04.450558,Complete,705,3,166.32
7345,344,2024-01-14 14:07:25.193605,Complete,108,4,472.88
7346,327,2023-03-03 18:30:59.884495,Complete,997,5,432.85
7347,873,2024-02-19 04:25:55.683613,Complete,590,3,158.94
7348,14,2023-01-31 12:37:07.303093,Complete,10,5,1776.75
7349,829,2023-12-09 18:14:32.555007,Complete,343,5,1673.8
7350,38,2024-01-23 09:23:55.615413,Incomplete,702,5,1399.05
7351,496,2023-06-12 23:28:12.759716,Complete,496,5,828.7
7352,177,2023-10-08 17:04:54.346361,Incomplete,434,5,955.35
7353,738,2023-06-20 01:18:12.101357,Complete,983,4,1858.8
7354,155,2023-06-24 14:11:26.271207,Complete,342,2,581.16
7355,749,2023-06-20 12:41:04.185387,Complete,531,3,42.54
7356,636,2024-10-25 18:44:21.937494,Incomplete,850,3,1048.89
7357,200,2024-10-07 07:03:34.291490,Complete,194,1,246.3
7358,63,2023-03-13 12:13:20.471238,Incomplete,148,2,549.06
7359,659,2024-05-15 22:44:47.955968,Complete,883,3,1119.54
7360,591,2024-09-02 02:46:48.366874,Incomplete,786,2,95.68
7361,340,2024-01-02 13:45:21.208964,Incomplete,496,2,975.12
7362,763,2023-12-23 16:04:54.882698,Complete,621,2,270.32
7363,665,2024-11-07 17:52:11.846882,Complete,649,4,1479.24
7364,933,2023-12-31 09:34:35.571468,Complete,716,5,1347.7
7365,920,2024-04-12 14:12:03.694556,Incomplete,366,2,150.58
7366,274,2024-09-05 07:47:35.353368,Incomplete,651,2,285.52
7367,401,2023-04-13 01:12:41.636997,Complete,433,2,576.12
7368,24,2023-08-31 18:25:33.863953,Incomplete,164,1,286.02
7369,642,2023-10-14 13:12:05.945830,Complete,287,1,311.39
7370,649,2024-08-01 03:37:39.016366,Complete,273,1,352.65
7371,566,2025-01-14 10:54:12.115696,Complete,750,3,797.64
7372,761,2023-12-19 09:22:18.445593,Incomplete,328,1,491.44
7373,279,2024-09-08 20:13:26.019579,Complete,630,3,1401.66
7374,608,2024-03-17 06:09:33.228572,Complete,376,4,397.92
7375,650,2024-09-24 04:04:20.777485,Incomplete,923,1,379.03
7376,852,2025-01-14 17:25:18.990294,Incomplete,246,5,450.8
7377,151,2023-09-11 10:40:55.403380,Complete,168,5,183.65
7378,847,2023-05-06 01:11:41.265035,Incomplete,732,2,12.78
7379,440,2024-12-05 09:04:47.660799,Incomplete,71,2,444.82
7380,93,2024-11-30 04:59:56.116342,Incomplete,856,5,2269.0
7381,256,2023-11-22 13:16:41.016589,Incomplete,29,5,446.35
7382,507,2023-07-05 04:32:53.002606,Incomplete,445,4,1260.72
7383,180,2024-08-26 03:47:32.051404,Incomplete,492,1,451.84
7384,765,2024-05-03 13:35:10.758294,Complete,609,2,507.18
7385,456,2023-08-16 09:56:25.346061,Incomplete,445,5,2081.35
7386,12,2025-01-18 10:15:31.347084,Complete,460,4,737.56
7387,723,2023-02-23 20:21:32.751476,Complete,294,2,174.9
7388,902,2024-01-15 04:22:56.484429,Incomplete,373,3,229.38
7389,128,2024-11-16 08:12:19.454955,Incomplete,242,2,21.34
7390,402,2024-01-31 20:26:22.961207,Complete,50,5,587.55
7391,338,2023-05-21 11:01:58.788643,Complete,776,2,281.64
7392,635,2023-08-15 14:53:14.424542,Incomplete,537,5,41.25
7393,500,2023-06-17 22:06:22.412046,Incomplete,768,3,811.2
7394,518,2023-03-06 05:32:46.120609,Incomplete,993,1,361.75
7395,567,2024-09-21 01:45:30.102091,Complete,735,4,1432.72
7396,650,2024-05-31 19:56:56.411602,Incomplete,308,5,2183.1
7397,142,2024-08-19 20:53:39.774599,Incomplete,593,5,1992.9
7398,664,2023-02-25 12:35:00.816037,Complete,292,4,948.72
7399,949,2023-11-09 10:56:56.323503,Complete,422,1,307.79
7400,833,2023-06-16 03:12:10.908200,Incomplete,251,3,553.29
7401,929,2023-11-21 15:30:59.571767,Complete,4,2,36.08
7402,815,2024-06-19 01:36:53.210035,Complete,311,1,106.45
7403,39,2023-11-01 09:07:57.908769,Incomplete,112,2,400.78
7404,378,2024-05-23 10:12:44.216256,Complete,201,5,897.05
7405,621,2023-07-18 09:10:08.247385,Incomplete,90,2,234.76
7406,257,2024-02-02 06:16:18.897647,Incomplete,286,5,1411.2
7407,859,2023-03-30 22:32:48.884475,Complete,517,4,345.28
7408,211,2024-08-27 16:16:39.636128,Complete,367,3,372.69
7409,844,2024-10-01 16:23:37.793477,Complete,792,5,2499.4
7410,968,2024-09-16 20:04:23.138994,Complete,110,2,218.74
7411,825,2023-07-14 15:26:14.322432,Incomplete,724,4,1634.08
7412,568,2024-11-14 13:42:10.212888,Complete,829,1,184.19
7413,547,2024-05-29 14:48:13.312026,Complete,922,2,863.78
7414,40,2024-08-29 16:13:55.366705,Complete,200,2,575.38
7415,175,2023-07-24 15:02:58.823412,Complete,685,3,886.44
7416,30,2024-11-09 00:57:57.327296,Incomplete,220,1,388.4
7417,340,2023-09-09 15:10:34.064344,Complete,73,1,90.22
7418,471,2023-02-21 20:12:18.099447,Complete,152,1,280.29
7419,827,2025-01-27 08:57:22.653412,Complete,471,3,853.5
7420,906,2023-10-30 00:32:12.167806,Complete,935,2,85.2
7421,895,2024-08-04 16:07:47.708455,Complete,660,1,82.87
7422,937,2023-05-19 15:13:36.329539,Complete,723,1,486.77
7423,455,2024-01-29 02:27:52.430322,Complete,642,3,885.09
7424,786,2024-02-24 09:53:28.691478,Incomplete,177,4,349.08
7425,344,2024-05-18 07:34:24.782081,Incomplete,977,1,156.25
7426,849,2023-11-17 17:46:58.097845,Complete,594,4,60.24
7427,788,2024-06-06 18:35:39.836492,Complete,65,1,163.65
7428,531,2023-02-28 01:10:18.381377,Incomplete,288,4,69.6
7429,274,2023-06-04 20:16:00.043144,Complete,803,2,640.82
7430,780,2024-07-27 09:47:37.801553,Incomplete,954,3,164.46
7431,21,2023-08-20 20:16:55.239892,Complete,358,5,1123.65
7432,909,2024-03-21 08:28:35.285010,Incomplete,688,3,499.35
7433,94,2024-07-03 20:34:58.604336,Complete,915,1,435.16
7434,419,2023-08-10 21:00:01.101636,Complete,520,3,295.86
7435,951,2023-11-08 16:19:25.174348,Complete,229,1,47.46
7436,756,2023-05-21 07:55:33.082966,Complete,697,3,130.17
7437,661,2024-08-08 18:04:06.280097,Incomplete,56,1,369.17
7438,194,2023-04-03 20:11:08.359272,Incomplete,306,2,804.96
7439,553,2023-05-09 01:24:39.613370,Incomplete,498,4,1217.12
7440,991,2024-09-23 16:06:06.664480,Complete,975,5,1570.65
7441,668,2023-06-23 13:31:04.834576,Incomplete,474,1,451.22
7442,216,2024-11-14 18:12:32.048039,Incomplete,81,2,520.92
7443,376,2024-10-28 10:54:01.763436,Complete,369,3,185.97
7444,892,2023-06-19 23:24:49.300585,Complete,623,5,1573.85
7445,663,2025-01-13 00:03:18.217621,Incomplete,172,4,303.84
7446,709,2024-10-27 07:25:43.112735,Complete,345,4,1668.0
7447,127,2023-01-29 10:33:08.584467,Complete,280,5,1094.7
7448,930,2023-04-16 21:06:09.816841,Complete,763,2,405.14
7449,575,2023-03-05 09:13:05.026155,Incomplete,982,4,133.04
7450,902,2023-09-13 15:32:24.914948,Complete,576,2,755.52
7451,212,2023-07-21 15:21:46.078699,Complete,135,3,276.36
7452,41,2025-01-19 12:41:26.098625,Incomplete,400,3,1364.22
7453,428,2023-04-07 22:59:12.278506,Complete,897,1,236.58
7454,145,2023-01-31 20:34:55.307325,Incomplete,428,3,1176.54
7455,748,2023-10-17 11:59:32.051436,Incomplete,734,2,713.48
7456,997,2024-10-24 12:09:59.526622,Complete,692,4,1067.4
7457,153,2024-10-20 23:13:18.729231,Complete,346,5,380.75
7458,211,2023-02-08 02:07:39.283864,Incomplete,988,4,849.4
7459,225,2023-10-27 06:04:18.614688,Complete,535,3,181.83
7460,993,2024-09-23 06:04:50.568689,Incomplete,292,2,455.32
7461,200,2023-06-12 10:42:34.016376,Incomplete,483,3,1449.84
7462,158,2024-01-26 06:58:28.841044,Complete,84,4,493.88
7463,324,2023-03-25 19:54:50.015619,Complete,366,2,944.62
7464,825,2023-12-02 14:55:35.117472,Complete,883,3,446.82
7465,509,2023-11-11 22:34:33.431928,Complete,476,5,2306.75
7466,797,2023-09-11 09:48:08.248574,Complete,506,4,1497.72
7467,208,2024-12-21 10:40:41.294025,Incomplete,387,5,2338.8
7468,995,2023-08-09 07:03:32.064590,Incomplete,372,3,1408.32
7469,219,2023-09-15 11:41:32.488800,Complete,736,1,305.8
7470,639,2024-01-05 09:38:21.493299,Complete,268,1,291.95
7471,433,2024-05-25 04:23:17.582408,Complete,271,5,144.85
7472,723,2023-05-10 06:32:33.320606,Incomplete,801,1,79.39
7473,653,2025-01-12 06:57:24.441784,Complete,725,3,1466.82
7474,68,2024-06-07 14:08:01.046279,Complete,177,5,41.9
7475,972,2024-05-05 05:20:28.805056,Complete,58,4,1382.96
7476,331,2023-06-04 23:27:39.679915,Incomplete,355,1,261.37
7477,982,2023-12-12 17:19:15.593232,Incomplete,851,4,1648.44
7478,346,2024-11-05 06:22:12.598897,Complete,392,1,21.74
7479,767,2023-09-06 11:27:42.789367,Incomplete,255,1,466.49
7480,408,2023-11-15 18:26:48.089339,Incomplete,217,1,376.6
7481,375,2023-05-13 20:59:51.188657,Complete,371,1,310.75
7482,595,2024-11-16 01:18:43.957894,Incomplete,142,2,563.58
7483,688,2024-09-07 23:36:40.765970,Incomplete,660,5,963.1
7484,851,2023-09-10 02:39:51.635614,Complete,761,2,226.22
7485,31,2023-02-09 08:38:41.867956,Complete,686,5,1468.7
7486,183,2024-09-02 03:14:09.972895,Incomplete,861,1,56.32
7487,749,2024-09-25 16:26:41.521194,Incomplete,17,1,481.09
7488,136,2024-06-09 14:03:54.844900,Complete,568,3,1428.45
7489,573,2025-01-17 15:03:08.050816,Incomplete,457,2,526.26
7490,857,2024-03-22 03:56:47.114563,Complete,476,4,41.68
7491,552,2024-10-18 18:45:23.881942,Incomplete,447,5,2014.3
7492,344,2024-02-18 05:25:26.170957,Complete,571,3,1487.88
7493,207,2023-09-09 03:39:29.585109,Incomplete,224,4,1707.68
7494,804,2024-01-22 15:51:12.405378,Complete,389,3,370.11
7495,579,2024-09-18 21:25:17.431773,Incomplete,553,1,137.5
7496,842,2024-12-12 18:06:36.393701,Incomplete,728,5,1830.35
7497,596,2024-02-29 17:00:05.767272,Complete,641,1,40.03
7498,557,2023-06-23 10:06:40.664072,Complete,539,2,103.72
7499,292,2024-10-31 09:07:34.975240,Incomplete,672,4,658.44
7500,629,2024-02-21 08:06:01.036254,Complete,547,5,921.65
7501,226,2024-05-17 00:49:01.716321,Incomplete,194,2,404.86
7502,978,2024-02-11 02:04:13.291160,Complete,377,5,1445.05
7503,554,2023-04-27 05:13:04.861402,Complete,943,5,920.3
7504,144,2024-01-14 10:23:23.837002,Complete,208,5,785.25
7505,954,2024-07-22 04:36:06.972691,Complete,968,4,312.72
7506,665,2024-06-25 02:55:19.858146,Complete,705,4,806.36
7507,643,2024-09-30 15:12:48.666252,Incomplete,339,3,331.77
7508,390,2023-05-28 03:31:50.120383,Complete,750,1,492.21
7509,201,2023-10-08 23:56:50.259848,Complete,35,4,309.8
7510,678,2023-08-30 19:32:32.196160,Incomplete,661,4,1228.88
7511,633,2023-02-26 23:34:57.762007,Complete,860,1,445.36
7512,247,2024-02-27 08:10:20.661934,Complete,976,1,104.16
7513,640,2024-11-15 16:53:48.783376,Complete,336,3,1255.98
7514,2,2024-01-19 23:49:33.205907,Incomplete,718,2,400.06
7515,602,2024-11-07 22:26:30.205926,Complete,574,1,180.31
7516,247,2023-09-08 11:12:53.449447,Complete,394,5,967.05
7517,840,2023-04-20 10:31:39.963315,Complete,786,3,782.49
7518,362,2024-08-21 19:04:05.024323,Incomplete,23,1,74.16
7519,790,2023-06-09 08:06:44.321105,Complete,969,5,487.25
7520,249,2023-08-11 00:23:20.594159,Incomplete,665,2,176.48
7521,735,2023-01-29 12:17:17.221318,Complete,665,1,76.56
7522,494,2023-07-20 13:44:46.389061,Complete,510,5,2265.0
7523,340,2024-07-03 23:22:02.331393,Incomplete,349,4,1620.68
7524,79,2024-06-28 11:05:06.000219,Complete,502,2,636.88
7525,855,2024-05-28 23:03:08.614111,Complete,868,4,228.12
7526,334,2023-02-03 10:08:26.089355,Complete,574,4,733.24
7527,421,2023-08-20 18:50:31.360977,Incomplete,533,4,20.52
7528,860,2023-07-15 03:54:15.386281,Incomplete,977,3,679.65
7529,503,2023-07-10 19:14:00.435271,Incomplete,173,1,363.63
7530,523,2023-05-25 04:14:08.625014,Complete,85,5,966.05
7531,79,2024-05-30 16:02:39.700145,Complete,308,5,1774.1
7532,848,2023-08-31 16:18:22.072772,Incomplete,459,2,430.56
7533,613,2023-10-10 00:07:42.405396,Incomplete,666,2,555.44
7534,251,2023-02-28 14:56:27.960281,Complete,404,4,532.8
7535,970,2024-05-29 03:05:34.617065,Incomplete,611,1,279.31
7536,307,2024-02-27 22:17:36.836282,Complete,981,3,303.66
7537,922,2023-10-22 23:10:49.609398,Complete,240,4,437.04
7538,390,2023-03-08 09:38:50.601181,Incomplete,167,3,1198.71
7539,341,2024-06-11 22:10:59.617437,Incomplete,707,4,117.8
7540,389,2023-04-19 15:06:28.581146,Complete,610,3,1276.98
7541,609,2025-01-14 05:54:31.354138,Incomplete,622,4,352.16
7542,734,2024-08-16 12:02:32.125890,Complete,556,1,387.57
7543,590,2023-09-04 01:16:58.938066,Incomplete,748,4,1798.4
7544,211,2024-07-06 01:34:55.290646,Incomplete,362,5,1624.25
7545,334,2024-04-20 15:21:41.797368,Incomplete,944,1,32.74
7546,576,2024-08-04 13:23:04.096246,Complete,818,3,425.04
7547,176,2023-09-12 17:37:53.563521,Incomplete,665,1,268.74
7548,700,2023-03-26 11:15:58.846089,Complete,648,2,583.06
7549,172,2023-03-05 13:46:20.150509,Complete,286,2,507.06
7550,87,2024-08-13 11:23:11.402497,Incomplete,300,2,303.08
7551,669,2024-12-13 03:32:11.179417,Incomplete,153,4,1557.4
7552,706,2024-09-02 21:15:05.604550,Complete,104,5,443.8
7553,193,2024-10-13 03:43:04.913764,Incomplete,477,2,730.78
7554,363,2024-08-10 00:27:10.263209,Incomplete,900,4,1028.76
7555,450,2023-11-05 06:15:21.845884,Incomplete,340,2,380.38
7556,726,2024-09-26 05:51:36.330222,Complete,440,2,302.22
7557,166,2024-11-01 09:07:52.494141,Incomplete,864,3,419.46
7558,94,2024-02-01 09:07:55.667435,Complete,587,4,809.72
7559,698,2024-06-01 23:53:08.976773,Complete,896,2,21.1
7560,898,2024-04-26 18:32:34.270898,Complete,349,5,1165.45
7561,454,2023-02-01 06:09:50.379438,Complete,959,5,501.65
7562,825,2024-08-10 15:57:40.601767,Incomplete,873,5,546.4
7563,343,2024-10-27 08:34:27.645209,Complete,490,2,923.32
7564,597,2024-02-10 19:59:49.582543,Incomplete,607,3,779.55
7565,174,2024-12-11 20:04:44.271540,Incomplete,828,3,381.09
7566,980,2024-03-02 01:57:42.156867,Incomplete,261,5,911.3
7567,972,2024-11-28 00:42:02.077590,Incomplete,354,5,1685.2
7568,363,2024-11-04 15:24:15.250914,Incomplete,733,4,1876.8
7569,626,2024-09-11 07:17:28.640748,Incomplete,34,1,87.46
7570,539,2023-04-19 19:30:01.130289,Incomplete,739,2,992.72
7571,454,2023-03-03 00:18:34.314700,Complete,657,3,228.24
7572,515,2024-12-08 21:14:21.687416,Complete,585,3,285.9
7573,500,2025-01-26 15:12:29.349957,Complete,47,4,479.64
7574,707,2024-08-12 18:25:08.715489,Incomplete,416,4,346.96
7575,504,2024-08-02 12:39:19.140515,Complete,879,4,393.2
7576,55,2024-05-28 21:38:15.475140,Complete,123,5,322.35
7577,141,2023-11-29 07:28:33.217505,Complete,762,2,797.96
7578,346,2024-12-06 00:25:05.688677,Incomplete,965,3,145.98
7579,115,2025-01-16 22:51:51.751676,Complete,799,5,1870.1
7580,191,2023-12-06 20:56:24.164863,Complete,304,3,710.13
7581,294,2024-05-10 16:11:07.831363,Complete,292,3,291.63
7582,550,2023-11-15 21:26:23.514871,Complete,909,5,681.45
7583,506,2024-12-16 12:35:28.942795,Complete,604,5,486.05
7584,561,2024-11-06 18:56:18.317365,Incomplete,727,4,1076.8
7585,930,2023-05-26 18:11:05.789664,Incomplete,952,3,1247.19
7586,486,2024-11-13 01:11:19.073132,Complete,317,5,875.9
7587,617,2024-06-15 23:58:56.688006,Incomplete,794,2,45.7
7588,537,2024-06-24 20:59:25.768259,Complete,979,4,1344.16
7589,32,2023-06-15 20:01:17.213052,Complete,780,3,88.41
7590,122,2024-09-16 12:23:34.485968,Incomplete,914,1,442.17
7591,795,2023-06-19 20:59:45.748483,Incomplete,536,4,1910.44
7592,220,2023-11-30 18:36:17.797342,Complete,834,2,627.68
7593,928,2023-10-23 02:07:27.045381,Complete,141,2,469.22
7594,737,2024-04-16 21:59:57.916633,Incomplete,282,1,484.22
7595,39,2023-08-12 18:23:18.971554,Complete,806,5,1732.15
7596,729,2023-12-15 20:06:15.344101,Complete,150,2,540.04
7597,569,2024-03-08 17:24:55.839120,Complete,140,2,644.38
7598,268,2023-12-29 08:38:48.718737,Complete,759,4,63.72
7599,886,2024-05-31 14:55:14.757287,Complete,294,3,1036.89
7600,918,2024-12-21 12:04:55.687793,Incomplete,196,5,1008.85
7601,642,2024-01-13 12:26:11.862265,Incomplete,940,3,852.27
7602,768,2023-12-19 13:51:54.613604,Incomplete,34,4,562.28
7603,599,2024-09-22 08:08:08.918109,Complete,769,2,904.36
7604,415,2024-12-14 10:55:53.614213,Complete,118,4,1806.92
7605,427,2023-04-01 18:21:59.192965,Incomplete,909,4,123.28
7606,88,2024-04-22 21:03:16.273136,Incomplete,463,5,2082.75
7607,863,2023-06-17 00:23:58.358129,Incomplete,162,3,345.99
7608,898,2024-11-16 11:45:14.907816,Complete,492,5,195.25
7609,128,2024-10-07 21:21:29.245129,Complete,907,4,400.32
7610,504,2024-07-17 11:36:12.809663,Incomplete,350,2,658.02
7611,146,2023-04-25 20:21:32.597076,Incomplete,34,2,295.98
7612,966,2024-05-03 04:14:34.902586,Incomplete,121,3,307.59
7613,214,2024-12-03 13:53:28.538301,Incomplete,559,1,115.68
7614,7,2023-04-13 02:37:07.820318,Complete,792,3,183.27
7615,588,2024-09-17 00:03:37.321808,Complete,671,1,339.77
7616,732,2024-05-23 06:21:17.104957,Complete,676,2,567.38
7617,597,2024-03-28 12:36:34.938037,Incomplete,860,4,1865.08
7618,286,2023-05-16 03:57:59.469435,Incomplete,504,1,415.85
7619,726,2024-06-17 15:21:03.123920,Complete,209,2,251.04
7620,984,2023-07-31 12:46:09.651030,Incomplete,559,2,415.22
7621,721,2024-05-29 04:07:23.002671,Incomplete,736,1,52.49
7622,467,2025-01-15 02:31:56.738572,Incomplete,201,1,172.71
7623,847,2023-10-31 00:02:39.673533,Complete,426,1,257.12
7624,194,2023-08-01 02:31:52.325542,Complete,645,3,1226.91
7625,774,2024-09-19 17:13:13.624602,Incomplete,439,5,2229.3
7626,947,2024-08-25 17:51:51.333359,Incomplete,254,5,377.25
7627,604,2023-08-15 21:18:40.980319,Incomplete,622,1,209.25
7628,533,2024-09-17 14:31:50.207772,Complete,293,4,97.96
7629,203,2023-12-07 07:38:25.737382,Incomplete,28,4,632.44
7630,31,2023-05-15 13:09:17.047150,Incomplete,292,1,453.66
7631,857,2023-11-09 05:06:40.654438,Complete,203,4,49.72
7632,63,2023-11-17 01:40:57.844938,Incomplete,978,4,430.92
7633,634,2023-10-24 16:36:30.728966,Incomplete,285,5,1511.0
7634,42,2023-07-25 10:47:52.281081,Complete,429,1,335.41
7635,918,2024-04-27 21:22:54.463736,Complete,761,5,44.75
7636,603,2025-01-13 15:32:35.124103,Complete,69,1,245.55
7637,911,2024-05-20 13:41:56.272468,Incomplete,180,3,1251.06
7638,85,2025-01-02 01:14:40.863770,Complete,84,5,1666.95
7639,658,2023-12-17 09:43:18.797931,Incomplete,720,3,511.62
7640,60,2024-03-01 21:35:15.339156,Incomplete,402,4,1842.96
7641,254,2024-10-22 07:25:53.819850,Incomplete,281,1,54.07
7642,190,2023-11-11 12:50:11.290174,Complete,469,1,177.07
7643,586,2023-11-08 06:56:43.916584,Incomplete,675,1,392.26
7644,156,2025-01-01 09:05:12.514504,Complete,364,1,463.46
7645,273,2024-09-18 08:46:13.126182,Incomplete,561,1,30.25
7646,364,2023-06-23 09:20:22.080145,Complete,360,1,364.49
7647,21,2024-12-15 14:06:39.694628,Complete,772,4,1366.32
7648,311,2023-05-07 08:41:19.693656,Complete,622,3,901.5
7649,417,2024-04-09 20:12:50.916418,Complete,409,4,920.0
7650,501,2023-09-28 00:59:23.575726,Incomplete,847,1,433.52
7651,547,2023-11-30 00:38:44.754526,Incomplete,568,4,1388.68
7652,484,2025-01-20 05:10:36.939362,Complete,54,3,347.97
7653,777,2024-09-08 17:20:09.549942,Incomplete,322,1,375.76
7654,313,2023-09-05 08:05:02.464608,Complete,631,3,1248.63
7655,143,2023-06-13 05:05:06.470458,Complete,745,5,2438.45
7656,470,2023-11-22 20:20:04.806144,Incomplete,792,3,1473.84
7657,88,2024-11-21 18:57:03.628697,Complete,914,5,578.6
7658,966,2024-08-04 09:20:43.444100,Complete,27,5,2304.7
7659,36,2024-06-02 19:32:18.051504,Incomplete,925,3,720.06
7660,476,2024-05-27 11:56:11.966703,Complete,264,3,596.25
7661,138,2024-11-30 23:45:12.382542,Incomplete,92,3,1394.94
7662,548,2023-12-24 22:25:31.796746,Complete,812,1,222.63
7663,827,2023-11-28 11:14:09.759023,Complete,406,1,85.77
7664,417,2024-09-15 01:38:41.497805,Complete,794,5,2049.4
7665,275,2024-07-28 06:09:27.191106,Incomplete,664,5,2261.55
7666,808,2024-04-12 14:09:07.444424,Complete,721,1,267.8
7667,681,2023-07-16 20:53:21.740972,Incomplete,93,5,1552.35
7668,354,2023-04-03 05:59:05.951160,Complete,742,4,1902.12
7669,733,2023-02-16 16:19:19.246553,Incomplete,217,3,1047.0
7670,279,2024-03-24 21:40:51.739519,Complete,740,1,134.6
7671,9,2023-09-18 21:43:30.025465,Complete,656,4,261.28
7672,661,2024-07-25 23:50:06.972945,Complete,492,4,82.32
7673,688,2025-01-15 22:12:38.737209,Complete,956,2,44.78
7674,445,2023-11-07 06:45:48.044953,Incomplete,973,3,217.5
7675,940,2024-03-06 21:00:56.665602,Incomplete,529,4,817.16
7676,765,2024-06-09 22:35:51.671447,Complete,579,1,111.8
7677,520,2023-03-03 22:00:06.507001,Complete,548,4,1234.56
7678,22,2024-09-21 20:33:44.290164,Incomplete,113,4,1590.52
7679,415,2025-01-25 14:12:14.724207,Incomplete,282,5,1305.35
7680,630,2023-09-16 07:54:58.727066,Incomplete,746,1,114.74
7681,730,2025-01-07 22:46:14.953892,Incomplete,838,4,853.56
7682,326,2024-03-26 23:07:16.930701,Incomplete,581,1,378.99
7683,193,2023-09-04 01:54:14.683726,Complete,29,5,1301.55
7684,426,2023-04-01 19:25:09.299982,Incomplete,246,1,498.81
7685,460,2024-01-27 09:28:36.033103,Incomplete,530,5,385.85
7686,726,2023-05-27 12:05:10.888436,Incomplete,983,4,1738.16
7687,587,2023-04-19 08:19:02.303631,Incomplete,408,5,691.4
7688,955,2024-02-15 05:22:22.837050,Complete,777,4,670.92
7689,7,2024-09-18 13:00:08.789270,Complete,11,3,1458.54
7690,862,2023-10-25 00:55:16.860724,Complete,835,4,499.44
7691,329,2023-06-30 19:45:29.180426,Incomplete,377,2,416.58
7692,149,2024-02-15 11:11:50.748617,Complete,709,2,919.58
7693,541,2024-10-28 18:06:15.137766,Incomplete,737,2,695.42
7694,414,2024-05-08 04:45:35.161331,Complete,685,5,1766.25
7695,886,2023-09-07 14:51:57.162633,Incomplete,936,4,1857.76
7696,213,2024-02-20 13:46:29.582964,Incomplete,423,2,595.36
7697,251,2023-12-31 03:44:36.058702,Incomplete,397,3,1293.27
7698,469,2024-09-24 01:18:56.565367,Incomplete,798,1,392.07
7699,430,2024-10-07 21:10:55.289102,Incomplete,353,3,852.72
7700,24,2023-10-07 13:48:57.873172,Incomplete,324,1,473.71
7701,330,2024-03-20 00:21:17.417779,Incomplete,735,3,841.2
7702,188,2025-01-14 23:04:05.163646,Incomplete,902,1,96.16
7703,460,2023-08-26 03:34:11.077389,Complete,617,2,907.56
7704,629,2023-10-05 08:00:39.050655,Complete,459,3,1322.25
7705,997,2023-11-09 15:58:54.162872,Incomplete,201,1,164.11
7706,897,2023-05-04 12:44:24.970286,Complete,85,1,327.25
7707,12,2023-08-26 16:49:12.633511,Complete,776,3,269.28
7708,435,2024-03-19 15:37:58.501343,Incomplete,757,1,96.85
7709,825,2023-08-30 08:38:31.194889,Complete,400,5,2480.75
7710,714,2025-01-05 04:52:56.477021,Complete,68,5,2180.15
7711,135,2024-10-11 23:09:48.216943,Complete,693,1,246.71
7712,611,2024-11-09 23:17:17.305896,Incomplete,468,4,1687.32
7713,199,2023-12-20 05:27:05.238138,Incomplete,401,4,533.16
7714,212,2023-04-29 17:12:37.111382,Incomplete,228,2,490.26
7715,880,2023-09-28 08:28:50.719646,Incomplete,399,4,88.0
7716,940,2024-01-05 15:38:57.440245,Complete,737,5,692.25
7717,482,2023-03-03 18:14:29.936080,Incomplete,918,5,2067.85
7718,868,2023-03-28 23:59:57.301661,Incomplete,440,4,548.48
7719,412,2023-03-19 18:46:46.364544,Complete,353,3,19.68
7720,674,2023-09-13 13:33:21.433408,Incomplete,879,3,1142.46
7721,986,2024-05-16 10:51:49.929564,Incomplete,677,5,2274.0
7722,28,2023-02-20 19:19:37.226625,Complete,220,1,37.2
7723,508,2024-01-23 12:58:27.750543,Incomplete,820,1,149.04
7724,534,2023-05-11 00:22:16.489493,Incomplete,732,3,636.06
7725,539,2024-03-02 01:48:31.645533,Incomplete,95,2,61.74
7726,988,2023-10-16 07:26:49.361825,Complete,936,4,1365.6
7727,275,2023-01-28 13:24:55.671545,Complete,976,2,981.02
7728,26,2023-09-16 19:34:49.118591,Complete,121,5,988.35
7729,226,2023-11-05 17:14:51.545171,Complete,777,5,1678.15
7730,314,2023-08-12 02:12:30.225008,Incomplete,338,4,226.32
7731,740,2023-07-10 14:27:15.145811,Complete,566,4,1568.88
7732,358,2025-01-19 10:22:31.929902,Complete,857,1,201.12
7733,273,2023-08-04 01:27:44.716641,Complete,811,1,97.04
7734,215,2024-07-11 03:43:54.113573,Complete,475,4,869.16
7735,169,2024-03-09 23:05:19.005139,Complete,867,4,199.0
7736,956,2025-01-21 06:39:49.783313,Incomplete,557,4,746.64
7737,312,2023-01-28 07:25:10.581739,Incomplete,440,3,1175.76
7738,750,2024-08-30 11:09:43.870099,Incomplete,530,1,414.44
7739,522,2023-05-27 17:05:00.334553,Complete,537,1,333.68
7740,901,2024-04-05 11:39:04.740850,Incomplete,587,2,538.14
7741,339,2024-06-24 23:17:50.662189,Complete,587,4,1151.76
7742,249,2023-04-14 09:32:12.821450,Complete,383,5,123.0
7743,759,2024-04-05 04:13:25.588805,Complete,817,3,742.68
7744,214,2024-01-12 19:40:05.730992,Complete,821,1,211.61
7745,94,2025-01-01 11:43:57.484610,Complete,913,1,16.6
7746,938,2023-03-26 09:01:50.345879,Complete,82,5,312.6
7747,547,2023-05-24 09:20:23.692984,Complete,768,3,191.67
7748,330,2024-02-24 17:03:35.230977,Complete,228,3,733.86
7749,403,2023-11-15 05:32:49.040779,Complete,759,5,539.3
7750,161,2023-03-11 18:33:47.400615,Incomplete,669,2,74.36
7751,970,2024-09-24 06:09:57.061114,Complete,615,4,1082.32
7752,648,2024-03-20 19:46:22.366654,Incomplete,75,1,485.45
7753,232,2024-04-15 18:05:48.853312,Incomplete,275,2,512.3
7754,563,2024-04-28 17:03:34.517762,Complete,399,4,416.52
7755,978,2023-02-20 13:30:02.889271,Complete,736,5,1073.45
7756,801,2023-12-03 10:09:28.153006,Incomplete,440,5,1407.9
7757,866,2024-04-21 13:15:40.015698,Complete,444,3,1090.38
7758,646,2024-06-06 07:07:43.677912,Incomplete,439,5,1840.35
7759,815,2024-06-22 01:21:07.290847,Complete,874,5,1048.1
7760,546,2023-12-30 16:04:46.518855,Complete,358,1,398.5
7761,302,2024-03-30 15:55:23.158758,Incomplete,362,2,543.38
7762,999,2024-10-20 01:29:12.061497,Incomplete,307,3,1266.96
7763,62,2024-09-07 22:35:25.064463,Incomplete,412,5,1950.8
7764,15,2023-03-01 05:56:44.972393,Incomplete,382,1,60.73
7765,287,2023-02-01 17:18:03.703995,Incomplete,995,4,454.52
7766,59,2023-07-13 20:53:27.222871,Complete,830,1,385.97
7767,545,2023-12-12 11:17:35.071056,Incomplete,510,4,1172.48
7768,873,2024-02-13 01:00:20.874165,Complete,164,3,390.54
7769,560,2024-08-30 21:38:44.084008,Incomplete,63,3,437.79
7770,43,2024-06-21 14:37:54.769521,Incomplete,68,5,224.75
7771,810,2023-08-22 04:58:38.190150,Complete,855,5,1416.9
7772,333,2023-05-30 18:16:35.971664,Incomplete,421,5,2414.25
7773,631,2023-09-24 10:14:04.456704,Incomplete,942,5,1407.5
7774,366,2024-05-15 18:47:43.073658,Incomplete,238,1,329.59
7775,440,2024-08-27 11:51:57.973363,Incomplete,64,5,697.8
7776,606,2025-01-06 12:50:29.114645,Incomplete,654,1,209.44
7777,388,2024-01-10 09:44:41.441093,Complete,263,5,445.2
7778,981,2023-12-13 14:22:07.771789,Incomplete,907,4,861.12
7779,975,2023-08-07 12:30:54.155616,Incomplete,375,3,278.01
7780,173,2024-12-18 15:39:02.723687,Incomplete,53,4,984.52
7781,610,2024-05-14 16:23:18.119994,Incomplete,273,1,494.92
7782,427,2023-08-12 07:23:43.215904,Complete,19,2,279.62
7783,994,2023-09-25 23:04:17.091863,Complete,598,5,611.05
7784,347,2024-11-24 15:49:29.877469,Incomplete,883,1,329.7
7785,492,2023-11-08 09:38:31.644903,Incomplete,893,4,1634.92
7786,918,2023-08-13 04:22:37.047393,Incomplete,214,4,1456.72
7787,551,2023-05-26 11:30:50.656009,Incomplete,932,1,264.89
7788,506,2023-07-08 03:10:54.211336,Incomplete,31,1,193.87
7789,584,2023-07-03 09:12:54.049435,Complete,525,3,938.28
7790,12,2024-04-13 13:04:41.248137,Complete,935,4,1012.72
7791,639,2023-05-21 20:44:47.676443,Complete,565,5,266.1
7792,19,2023-05-18 16:51:44.410304,Incomplete,561,3,678.9
7793,702,2025-01-11 16:47:22.696373,Complete,623,3,744.42
7794,776,2023-06-06 11:28:04.779613,Incomplete,567,1,202.63
7795,329,2024-12-19 08:24:06.961666,Incomplete,817,5,1719.6
7796,878,2024-12-06 23:32:58.094555,Incomplete,297,1,317.94
7797,197,2023-09-09 09:01:43.617402,Complete,890,1,147.97
7798,68,2024-09-14 19:58:06.956054,Complete,853,3,503.58
7799,127,2024-09-16 18:11:41.271103,Complete,805,5,2332.9
7800,122,2024-02-01 18:56:24.651583,Complete,153,2,199.08
7801,60,2024-06-04 07:17:19.027357,Incomplete,419,3,1403.73
7802,873,2024-12-12 09:14:00.289387,Complete,538,5,180.0
7803,454,2024-10-07 11:33:36.975729,Complete,6,3,1166.7
7804,282,2024-01-05 18:10:46.225020,Incomplete,139,4,1407.36
7805,59,2023-06-09 07:21:31.729973,Incomplete,969,1,402.58
7806,904,2023-02-13 04:53:52.429424,Complete,216,4,1305.04
7807,979,2024-04-20 14:44:31.852620,Incomplete,318,5,110.1
7808,442,2023-09-14 11:37:46.675607,Incomplete,38,1,43.78
7809,836,2023-06-17 20:33:38.379306,Incomplete,899,3,1453.47
7810,24,2024-11-24 14:10:43.344637,Complete,113,5,952.3
7811,750,2023-06-16 15:48:13.758014,Incomplete,287,2,885.82
7812,551,2024-11-07 06:25:07.565077,Incomplete,975,2,703.14
7813,425,2024-03-25 13:20:32.666507,Complete,489,5,815.8
7814,915,2023-06-21 09:28:49.731911,Complete,264,3,812.85
7815,364,2023-05-14 14:47:53.645612,Complete,556,3,265.71
7816,876,2024-10-16 17:23:13.642380,Incomplete,211,3,1020.21
7817,519,2024-12-06 05:16:54.254959,Incomplete,472,2,69.16
7818,866,2025-01-18 04:01:29.446648,Complete,270,2,28.86
7819,517,2023-08-03 14:43:14.947289,Incomplete,174,5,2444.9
7820,870,2023-03-26 18:26:10.127807,Incomplete,542,5,1977.25
7821,299,2023-08-19 10:04:49.996223,Incomplete,693,5,824.0
7822,215,2024-03-05 08:33:55.503848,Complete,533,5,388.15
7823,799,2024-12-09 01:59:09.658648,Complete,622,3,269.19
7824,20,2023-12-10 14:29:39.299706,Incomplete,522,4,1125.52
7825,301,2023-03-12 23:38:46.572866,Incomplete,865,4,588.16
7826,121,2024-03-10 12:36:44.185151,Complete,613,2,477.6
7827,21,2024-10-05 07:48:48.371608,Incomplete,347,5,338.35
7828,841,2024-05-04 21:59:02.572778,Incomplete,932,4,28.04
7829,355,2023-12-06 07:16:57.392593,Incomplete,226,5,1376.35
7830,39,2024-03-27 21:23:00.988381,Complete,734,2,102.36
7831,853,2023-02-13 18:32:11.193949,Incomplete,72,5,1999.6
7832,582,2024-06-19 01:36:50.069081,Incomplete,95,3,153.15
7833,813,2024-11-09 15:01:48.309044,Incomplete,663,2,658.2
7834,346,2023-09-24 19:36:33.398303,Complete,444,2,739.06
7835,678,2024-12-29 09:05:40.630966,Complete,253,4,467.36
7836,136,2024-06-16 02:59:51.986845,Complete,924,1,266.34
7837,324,2024-03-25 14:00:59.948733,Complete,768,5,1234.75
7838,737,2024-09-21 12:21:50.801102,Complete,779,3,1382.28
7839,941,2024-01-05 06:12:56.638966,Complete,237,5,2338.05
7840,970,2024-01-23 15:07:55.240320,Incomplete,552,3,1095.24
7841,41,2023-09-09 01:57:11.996896,Complete,412,3,251.82
7842,869,2024-03-19 10:26:22.175583,Incomplete,872,3,808.92
7843,556,2023-01-28 21:15:45.660783,Complete,803,2,31.16
7844,220,2023-11-09 23:34:16.692736,Incomplete,475,4,249.04
7845,209,2024-12-09 13:36:17.351237,Complete,859,2,262.8
7846,262,2023-08-18 07:59:06.743288,Complete,636,2,946.3
7847,712,2024-12-27 21:14:03.206691,Incomplete,468,1,366.21
7848,716,2024-08-17 02:13:52.628367,Complete,421,4,477.8
7849,156,2023-08-02 09:00:51.884931,Complete,508,3,1145.34
7850,313,2024-01-03 08:20:27.749379,Complete,554,1,273.87
7851,969,2023-11-23 18:10:46.515633,Incomplete,813,5,1782.75
7852,503,2023-10-31 11:40:25.452314,Incomplete,757,2,385.68
7853,108,2024-02-28 02:43:22.302369,Complete,670,2,346.98
7854,227,2023-04-07 13:16:14.535393,Incomplete,279,2,111.7
7855,774,2024-05-24 00:38:16.781631,Complete,760,2,775.32
7856,181,2024-10-25 22:07:57.409269,Incomplete,433,5,248.3
7857,231,2024-05-11 23:47:40.013039,Complete,210,4,1976.84
7858,290,2023-04-07 11:49:16.001064,Incomplete,163,1,494.44
7859,87,2023-03-19 18:35:12.008612,Complete,175,5,1047.6
7860,703,2024-09-28 12:56:02.598318,Complete,802,2,742.16
7861,626,2023-02-01 00:06:09.105020,Incomplete,496,4,1036.12
7862,850,2024-11-20 02:08:58.805854,Complete,286,1,134.01
7863,260,2024-12-31 15:53:24.047354,Complete,435,1,342.26
7864,484,2023-07-28 05:23:49.230238,Incomplete,400,3,791.31
7865,567,2024-04-26 06:30:34.045402,Complete,251,3,680.43
7866,893,2025-01-19 00:10:26.757429,Complete,665,4,186.04
7867,937,2024-11-07 19:21:15.457423,Complete,776,5,2349.55
7868,865,2024-08-23 11:23:02.833791,Incomplete,670,1,484.74
7869,214,2023-08-05 05:07:20.244876,Incomplete,102,1,106.78
7870,176,2024-10-22 21:37:51.445431,Incomplete,154,1,113.63
7871,856,2024-08-22 00:14:08.608014,Complete,394,3,1485.36
7872,348,2023-04-24 04:22:40.926428,Complete,258,3,879.36
7873,542,2023-02-16 21:44:00.120295,Complete,222,5,1768.1
7874,122,2024-01-20 20:52:12.981547,Complete,807,3,337.62
7875,733,2023-12-06 00:06:42.156887,Complete,126,2,466.94
7876,823,2023-07-09 13:02:35.250239,Incomplete,308,5,1904.0
7877,153,2023-04-30 07:00:38.138866,Incomplete,450,4,636.64
7878,506,2024-07-23 16:12:01.311181,Complete,682,1,388.26
7879,6,2023-10-13 07:13:25.003752,Complete,541,5,1809.75
7880,786,2023-09-13 02:27:06.174608,Incomplete,21,4,911.96
7881,469,2024-10-23 14:06:58.172649,Incomplete,929,5,903.75
7882,506,2024-05-26 19:39:10.190543,Incomplete,209,4,253.28
7883,590,2025-01-12 18:52:02.675368,Complete,96,3,1390.29
7884,709,2023-02-28 13:39:48.745106,Incomplete,959,2,523.96
7885,405,2023-08-30 08:57:08.771219,Incomplete,230,4,54.96
7886,970,2024-06-06 09:24:05.255800,Complete,640,4,735.68
7887,654,2023-02-11 18:04:24.283128,Incomplete,735,1,222.97
7888,342,2023-11-19 06:27:47.790497,Incomplete,760,3,1129.53
7889,461,2023-05-01 20:31:15.509757,Complete,398,2,657.12
7890,948,2023-09-15 16:13:44.619685,Incomplete,435,3,341.55
7891,98,2024-09-07 21:47:40.059815,Incomplete,59,4,819.24
7892,270,2024-04-08 05:42:48.658322,Complete,737,2,524.7
7893,716,2024-07-16 15:21:24.969593,Complete,218,3,893.49
7894,106,2023-05-16 22:51:16.590826,Incomplete,235,3,127.32
7895,291,2023-03-26 18:46:12.558396,Complete,762,2,394.18
7896,616,2024-05-05 14:50:06.751332,Complete,999,5,229.55
7897,396,2024-02-26 08:45:35.374004,Complete,637,3,1345.2
7898,744,2024-06-09 14:55:28.997063,Complete,701,3,1216.71
7899,124,2025-01-04 17:31:19.537676,Complete,303,4,1711.12
7900,748,2023-07-17 20:00:34.607587,Complete,396,5,2234.8
7901,629,2023-02-16 22:39:49.696386,Incomplete,854,2,612.54
7902,382,2024-05-07 16:36:38.476262,Complete,617,3,412.32
7903,327,2023-12-13 20:14:54.157526,Complete,823,2,39.66
7904,740,2024-06-23 23:14:22.424828,Incomplete,891,3,377.34
7905,196,2024-09-20 16:32:30.004974,Complete,684,5,792.55
7906,265,2024-10-20 15:31:13.665329,Incomplete,318,5,1454.55
7907,944,2024-03-26 14:04:49.398525,Incomplete,439,1,178.02
7908,579,2023-12-03 19:21:25.257193,Complete,105,4,537.96
7909,658,2023-03-13 12:41:21.983852,Incomplete,210,4,1047.04
7910,77,2023-08-05 01:36:18.392942,Complete,71,5,253.15
7911,379,2023-05-23 04:15:20.345713,Complete,446,5,923.0
7912,375,2023-05-15 07:56:32.366544,Complete,602,3,271.8
7913,509,2024-06-15 21:23:56.110026,Complete,259,4,1459.04
7914,365,2024-02-13 10:30:25.825123,Incomplete,490,1,151.42
7915,624,2023-07-08 03:46:39.077669,Incomplete,327,3,274.14
7916,852,2024-04-17 17:35:11.342071,Complete,795,5,1833.4
7917,293,2024-09-03 09:27:09.786187,Incomplete,596,3,763.98
7918,50,2023-09-11 04:13:26.521578,Complete,155,4,1464.32
7919,750,2023-04-29 01:48:44.439578,Complete,565,2,577.68
7920,119,2023-07-23 08:45:12.268227,Incomplete,734,5,655.15
7921,527,2023-12-24 13:41:11.653538,Incomplete,782,5,670.6
7922,627,2023-06-12 00:42:53.282763,Incomplete,283,5,1504.3
7923,855,2024-08-23 11:30:44.978266,Incomplete,79,1,398.45
7924,512,2024-08-28 14:56:47.543646,Incomplete,668,4,672.64
7925,40,2023-04-23 19:52:15.326192,Complete,724,5,1726.0
7926,328,2023-11-29 22:50:00.368686,Incomplete,501,4,833.48
7927,729,2024-04-18 08:21:37.789242,Complete,213,4,1139.68
7928,45,2023-07-09 07:29:19.436497,Incomplete,224,5,1467.4
7929,370,2023-12-14 17:14:25.746254,Incomplete,104,1,104.21
7930,538,2023-10-27 04:55:56.099785,Incomplete,611,1,121.68
7931,484,2024-04-02 22:01:04.247129,Incomplete,744,4,1514.4
7932,205,2023-11-26 11:04:54.256811,Incomplete,354,5,287.5
7933,504,2023-05-15 23:28:16.794907,Incomplete,307,4,434.2
7934,557,2023-09-01 13:14:27.855277,Complete,805,3,1220.34
7935,121,2023-04-06 17:25:47.126634,Incomplete,69,4,229.24
7936,150,2024-09-04 22:08:29.740625,Incomplete,209,4,216.68
7937,948,2023-06-05 00:57:16.177538,Incomplete,926,1,263.78
7938,942,2024-02-05 02:58:43.239168,Incomplete,531,5,438.3
7939,476,2024-02-28 07:51:53.547084,Incomplete,840,4,1804.96
7940,692,2023-05-19 15:51:36.668827,Complete,39,2,28.48
7941,218,2024-08-26 09:36:12.355032,Incomplete,61,3,629.37
7942,359,2023-09-02 09:30:15.234390,Complete,408,2,607.52
7943,516,2024-08-16 15:18:45.329461,Incomplete,230,4,1049.28
7944,481,2024-09-24 10:25:22.058119,Complete,792,3,166.08
7945,386,2024-04-10 15:33:36.961740,Complete,998,2,443.04
7946,397,2024-08-17 22:16:57.814285,Complete,490,5,825.6
7947,90,2024-04-26 19:59:43.352440,Incomplete,364,1,423.46
7948,713,2023-12-20 13:27:14.638264,Incomplete,925,3,1258.29
7949,164,2023-06-02 03:19:34.907318,Incomplete,855,3,234.66
7950,346,2023-08-30 03:15:55.419903,Complete,596,1,375.24
7951,275,2023-04-30 06:32:20.789288,Complete,843,4,1364.0
7952,635,2024-03-03 21:53:46.729057,Incomplete,377,3,575.76
7953,644,2024-10-13 06:10:05.542976,Incomplete,909,4,184.84
7954,751,2023-12-10 02:51:38.084315,Incomplete,29,3,1346.73
7955,590,2024-12-20 01:50:50.438223,Incomplete,337,1,175.47
7956,579,2023-09-09 04:50:35.174448,Complete,586,1,42.53
7957,343,2023-08-22 22:37:20.016035,Incomplete,587,4,782.12
7958,788,2024-12-11 02:59:22.593954,Incomplete,526,2,291.22
7959,342,2024-01-19 03:11:44.739143,Complete,209,1,129.26
7960,628,2023-12-22 17:06:59.629844,Complete,465,5,2138.55
7961,233,2024-05-07 17:08:28.454322,Complete,506,1,386.75
7962,369,2024-02-17 20:18:03.458710,Complete,510,5,2172.05
7963,408,2023-05-08 00:00:24.286244,Complete,31,5,792.05
7964,218,2024-09-13 19:47:13.539663,Incomplete,590,1,82.14
7965,874,2024-08-18 11:50:29.172399,Incomplete,110,3,676.08
7966,332,2024-09-25 03:14:45.230631,Incomplete,777,3,530.79
7967,512,2024-02-01 11:40:23.307653,Complete,929,1,330.15
7968,449,2023-10-29 11:21:43.375141,Complete,76,2,582.5
7969,779,2023-04-12 06:21:21.974676,Incomplete,880,4,539.24
7970,108,2023-02-18 22:47:41.919000,Incomplete,724,5,1895.4
7971,252,2024-06-24 13:00:46.999638,Complete,106,1,139.17
7972,537,2024-08-04 19:51:09.286480,Incomplete,652,1,70.88
7973,393,2024-12-22 14:56:25.067640,Incomplete,661,2,333.38
7974,205,2024-08-27 20:33:57.634531,Incomplete,805,2,922.68
7975,913,2024-06-13 08:42:09.379448,Complete,991,3,1311.18
7976,313,2024-12-01 13:05:52.444417,Complete,273,3,1400.64
7977,550,2023-12-10 04:01:40.027729,Incomplete,961,3,113.91
7978,784,2023-03-08 13:43:46.288025,Complete,791,2,640.76
7979,598,2024-03-28 09:37:20.360196,Complete,783,5,1705.45
7980,963,2023-12-21 22:34:45.542992,Complete,347,1,116.56
7981,633,2024-10-31 12:56:37.770291,Complete,452,3,1219.83
7982,17,2024-05-03 14:06:40.072899,Incomplete,346,3,20.85
7983,852,2023-02-18 01:01:29.157997,Complete,572,1,175.2
7984,655,2023-09-30 21:17:23.758170,Incomplete,828,1,355.65
7985,324,2023-06-05 11:09:50.490151,Complete,75,2,784.18
7986,461,2023-10-23 15:56:51.061257,Complete,225,4,960.48
7987,322,2023-10-23 22:18:41.339920,Incomplete,748,1,410.98
7988,446,2023-04-20 12:25:09.132531,Complete,395,3,588.75
7989,866,2024-10-30 10:32:11.197920,Complete,43,5,2148.05
7990,819,2025-01-16 00:15:00.593847,Complete,250,1,78.38
7991,634,2023-02-23 12:39:34.535581,Incomplete,82,1,374.05
7992,32,2023-03-14 13:37:28.549038,Complete,875,5,155.65
7993,539,2024-12-02 10:26:16.871294,Complete,643,4,1964.48
7994,27,2024-10-29 15:40:46.588368,Complete,241,2,693.08
7995,661,2023-04-01 21:02:09.070971,Complete,840,2,520.28
7996,916,2024-11-28 00:16:01.996824,Complete,54,4,263.08
7997,299,2024-12-20 13:58:28.267285,Incomplete,164,4,609.36
7998,638,2024-09-07 03:17:00.456278,Complete,397,5,2228.7
7999,135,2023-10-02 04:59:08.825265,Complete,852,1,455.4
8000,659,2024-06-10 04:41:00.296034,Incomplete,678,1,30.84
8001,307,2023-10-22 14:52:40.225115,Incomplete,336,5,337.15
8002,699,2024-07-21 03:54:58.209079,Complete,408,2,622.88
8003,988,2023-08-13 15:04:59.044059,Complete,668,3,961.35
8004,398,2024-07-19 18:18:35.205039,Incomplete,374,2,732.14
8005,456,2023-07-16 04:39:16.576012,Incomplete,784,2,320.9
8006,305,2023-03-09 20:40:12.119689,Complete,400,1,198.73
8007,555,2023-12-17 03:10:00.359781,Incomplete,565,5,1537.3
8008,64,2024-06-27 21:25:47.569229,Incomplete,129,1,73.63
8009,274,2024-11-10 08:54:18.778434,Complete,12,5,495.45
8010,220,2023-11-24 15:42:46.796318,Complete,281,3,694.2
8011,614,2023-09-07 18:18:16.810275,Complete,2,1,7.67
8012,539,2024-04-06 07:17:02.234815,Complete,867,3,669.27
8013,536,2023-04-03 13:41:21.336814,Complete,208,2,901.04
8014,835,2023-03-12 17:47:42.898047,Incomplete,787,4,1876.36
8015,921,2024-11-04 08:59:57.959832,Incomplete,317,5,935.45
8016,351,2023-11-27 17:42:02.722662,Complete,206,5,540.0
8017,285,2024-08-25 16:09:21.313134,Complete,218,1,454.75
8018,755,2024-08-31 07:21:39.150703,Complete,517,5,1608.5
8019,222,2024-10-09 17:30:06.909735,Incomplete,758,2,748.38
8020,811,2024-02-08 00:44:17.441701,Incomplete,800,1,347.86
8021,343,2023-08-28 03:29:37.372202,Complete,642,2,378.3
8022,756,2025-01-22 15:14:59.188957,Incomplete,520,3,936.42
8023,537,2024-05-26 16:56:26.162345,Incomplete,900,2,511.94
8024,805,2024-06-08 08:48:24.082929,Incomplete,280,5,2142.15
8025,344,2023-10-18 03:26:36.822720,Incomplete,862,1,167.22
8026,442,2024-02-26 04:34:39.074131,Complete,442,3,343.56
8027,837,2024-04-20 13:03:28.324881,Incomplete,524,2,137.16
8028,383,2023-09-16 11:24:35.707114,Complete,523,5,231.15
8029,495,2024-03-23 14:38:28.947157,Incomplete,815,5,575.7
8030,764,2023-09-15 05:33:53.190320,Complete,333,4,230.0
8031,601,2024-08-31 16:42:06.976048,Complete,988,5,109.5
8032,762,2024-10-24 14:57:56.175167,Incomplete,779,1,211.89
8033,145,2023-12-20 11:18:30.755378,Complete,103,3,781.2
8034,305,2024-11-30 15:36:44.513507,Complete,52,1,63.81
8035,168,2023-09-28 04:23:08.126515,Complete,857,3,1189.5
8036,878,2024-10-12 11:00:36.318313,Complete,789,3,864.45
8037,363,2023-06-08 15:50:32.585808,Incomplete,369,4,67.12
8038,391,2023-10-06 01:57:47.498588,Complete,555,4,1137.16
8039,681,2023-03-06 23:48:55.912939,Incomplete,304,2,906.74
8040,736,2023-04-14 15:40:53.536079,Incomplete,90,1,395.48
8041,278,2023-02-27 10:54:16.986037,Complete,286,3,1185.75
8042,963,2023-09-19 02:51:22.706730,Incomplete,604,1,272.65
8043,357,2024-02-27 10:47:34.680557,Complete,207,4,100.96
8044,220,2024-04-01 00:25:50.782715,Incomplete,979,3,1201.89
8045,786,2023-11-23 18:02:06.565387,Incomplete,587,4,432.96
8046,9,2024-04-17 00:36:37.543348,Incomplete,327,5,1650.95
8047,548,2023-08-26 15:05:05.386081,Complete,576,5,1469.0
8048,883,2023-02-14 12:25:13.592598,Complete,799,2,848.72
8049,67,2024-05-18 19:19:02.596635,Complete,684,2,955.76
8050,156,2023-05-13 16:21:42.663730,Incomplete,728,4,1403.04
8051,362,2024-05-23 07:49:47.498772,Complete,891,3,865.47
8052,55,2023-02-10 16:20:24.624872,Incomplete,860,4,1365.2
8053,470,2024-11-07 10:25:24.281400,Incomplete,169,4,705.56
8054,846,2023-06-23 06:41:23.498221,Incomplete,461,3,465.21
8055,153,2024-10-05 21:54:02.942880,Complete,169,3,866.88
8056,878,2024-01-01 00:32:09.106818,Incomplete,336,4,1637.76
8057,916,2024-10-29 05:26:30.735522,Complete,379,3,676.59
8058,441,2024-06-02 01:59:23.696054,Incomplete,648,1,199.85
8059,166,2024-02-29 04:04:40.929898,Incomplete,556,3,784.92
8060,318,2024-04-11 04:59:53.128158,Complete,643,3,128.97
8061,311,2024-04-01 05:34:17.860216,Incomplete,979,5,86.1
8062,866,2024-01-19 10:50:48.728950,Incomplete,357,5,492.4
8063,244,2024-10-05 10:32:06.368952,Complete,919,4,1343.88
8064,570,2024-01-10 15:11:26.465200,Incomplete,612,1,319.53
8065,427,2024-08-27 13:05:11.182226,Complete,666,1,16.99
8066,95,2024-08-20 00:41:43.027763,Complete,196,4,380.0
8067,198,2025-01-17 23:20:54.196500,Incomplete,855,2,134.68
8068,68,2024-07-25 19:05:39.520669,Incomplete,14,2,162.56
8069,876,2023-11-10 07:30:11.563243,Incomplete,49,2,650.08
8070,349,2024-08-05 14:50:52.237008,Complete,258,3,516.0
8071,987,2024-02-21 16:19:36.168604,Incomplete,726,4,1308.32
8072,251,2023-04-18 13:31:36.010229,Incomplete,927,4,1971.04
8073,542,2023-06-05 05:32:38.281042,Complete,801,4,1946.04
8074,979,2023-09-11 09:59:01.561444,Incomplete,70,5,1661.6
8075,991,2024-07-21 16:14:41.579463,Complete,145,4,1096.96
8076,836,2023-08-13 11:40:32.769176,Complete,27,3,1195.05
8077,187,2023-02-09 11:32:44.471739,Complete,286,3,1481.4
8078,414,2023-06-12 15:23:46.378103,Incomplete,858,5,166.8
8079,456,2024-04-14 04:21:41.797544,Complete,920,5,332.65
8080,652,2023-08-26 05:14:45.401242,Complete,884,5,1792.4
8081,325,2023-02-11 19:59:00.514431,Incomplete,38,2,562.36
8082,915,2023-10-01 02:28:00.179073,Complete,892,3,1360.23
8083,26,2024-01-23 01:08:39.026213,Incomplete,482,2,645.46
8084,994,2024-04-22 08:57:19.861642,Complete,432,5,2200.9
8085,707,2024-07-30 08:05:36.725856,Incomplete,640,2,662.68
8086,318,2024-12-24 00:55:52.058408,Incomplete,829,4,1692.64
8087,492,2024-11-21 03:49:57.277857,Complete,350,2,829.7
8088,954,2024-12-06 20:14:45.618861,Complete,482,3,208.47
8089,396,2024-02-16 13:19:19.271134,Incomplete,820,2,554.9
8090,329,2023-11-16 09:20:56.553619,Incomplete,946,2,79.48
8091,26,2024-05-16 20:53:08.606058,Incomplete,46,5,1142.1
8092,772,2024-05-08 22:03:11.155738,Complete,66,4,1417.0
8093,515,2024-05-10 15:12:08.159823,Complete,88,3,383.76
8094,153,2023-07-19 16:52:31.709381,Incomplete,605,4,512.28
8095,42,2024-07-21 23:53:45.692967,Complete,952,3,1221.78
8096,636,2024-05-18 05:36:59.155566,Complete,180,4,436.4
8097,491,2024-02-02 12:59:43.166240,Incomplete,708,4,747.28
8098,424,2023-09-29 10:46:02.704587,Incomplete,780,1,296.22
8099,215,2023-02-03 21:44:18.797176,Incomplete,960,2,193.82
8100,279,2024-02-03 01:25:38.325116,Incomplete,51,4,1970.96
8101,701,2024-09-03 13:25:31.766066,Complete,885,2,435.72
8102,565,2025-01-16 15:47:49.226167,Complete,124,1,103.81
8103,494,2023-07-16 17:14:27.719179,Incomplete,25,5,509.3
8104,347,2024-08-04 15:59:22.151632,Incomplete,521,2,446.32
8105,571,2024-11-08 20:06:36.864454,Complete,389,2,228.44
8106,235,2023-06-17 17:45:28.990921,Incomplete,401,3,500.1
8107,752,2023-12-20 08:00:35.923514,Complete,332,1,284.64
8108,50,2024-03-02 02:46:36.388031,Incomplete,995,4,1803.8
8109,921,2023-06-18 09:45:53.464125,Complete,925,4,1252.2
8110,393,2024-08-07 23:30:06.850272,Complete,174,5,1154.95
8111,688,2023-07-27 19:28:40.742420,Incomplete,160,1,334.55
8112,210,2024-03-23 02:43:30.507172,Complete,19,2,195.94
8113,811,2024-09-15 06:35:20.267927,Incomplete,80,4,1071.72
8114,305,2024-03-28 16:00:36.061946,Complete,843,3,1001.01
8115,308,2023-03-05 13:30:30.678651,Incomplete,886,1,139.28
8116,15,2023-05-12 03:50:20.362873,Incomplete,145,1,66.07
8117,615,2024-08-08 03:05:28.647742,Incomplete,198,5,1182.95
8118,283,2023-11-01 08:27:54.552456,Incomplete,493,5,821.2
8119,916,2023-03-26 18:52:51.057565,Complete,327,1,185.83
8120,610,2023-06-10 22:47:10.969206,Incomplete,181,5,497.25
8121,963,2024-12-30 06:15:01.624435,Complete,397,5,2019.3
8122,394,2023-02-14 17:15:09.537209,Complete,849,4,656.84
8123,203,2024-04-05 08:59:50.211609,Complete,279,5,2065.7
8124,390,2025-01-13 06:58:49.950231,Complete,838,4,877.2
8125,808,2024-07-19 23:10:20.212383,Complete,863,5,725.45
8126,208,2024-06-09 03:20:35.836800,Incomplete,789,4,239.44
8127,717,2024-01-11 16:15:16.121710,Incomplete,272,2,268.76
8128,315,2023-09-17 16:32:28.446311,Complete,441,4,685.64
8129,202,2023-08-09 09:03:25.440421,Incomplete,339,5,1079.6
8130,201,2024-03-18 09:57:42.006998,Incomplete,736,3,578.94
8131,129,2024-07-05 19:15:13.724738,Complete,978,2,701.08
8132,366,2024-07-08 19:14:29.850425,Complete,830,3,802.65
8133,212,2023-05-30 16:11:58.579717,Incomplete,318,2,653.38
8134,467,2023-05-02 10:03:46.815753,Incomplete,624,3,560.07
8135,437,2023-06-04 05:23:56.535118,Complete,475,2,433.72
8136,487,2023-06-22 06:13:45.437555,Complete,911,3,434.34
8137,562,2023-08-10 14:49:24.308972,Incomplete,159,2,496.18
8138,872,2023-04-06 01:19:32.850078,Complete,257,3,324.66
8139,269,2023-08-15 19:38:12.821943,Complete,72,3,492.93
8140,22,2024-11-14 02:40:16.774045,Incomplete,906,1,135.75
8141,668,2023-08-18 03:34:19.570333,Complete,294,1,267.63
8142,839,2023-02-11 06:17:27.971596,Complete,292,2,204.46
8143,465,2023-10-04 00:31:36.395412,Complete,632,1,334.26
8144,905,2024-03-20 08:11:00.537983,Incomplete,903,3,1081.83
8145,471,2024-09-11 13:06:29.601697,Complete,231,5,2360.2
8146,393,2024-01-16 10:47:40.415394,Incomplete,479,1,126.83
8147,29,2023-05-03 18:33:57.912892,Incomplete,671,1,185.33
8148,627,2024-03-06 18:16:47.309947,Complete,846,1,268.77
8149,38,2024-10-10 13:56:58.157350,Incomplete,65,5,197.25
8150,885,2023-03-06 02:23:55.613783,Incomplete,303,3,1399.32
8151,11,2024-11-26 21:34:45.162016,Complete,320,3,1331.4
8152,137,2024-05-14 19:00:48.109680,Complete,271,5,723.35
8153,246,2024-11-07 17:54:12.520047,Complete,541,2,605.32
8154,175,2023-03-10 17:20:12.843312,Incomplete,708,5,1448.65
8155,531,2023-09-26 08:05:00.280468,Incomplete,364,2,16.6
8156,669,2024-06-27 18:47:43.164508,Complete,997,5,2002.7
8157,728,2023-09-11 12:42:09.121981,Complete,304,3,1101.63
8158,673,2023-08-23 04:53:27.354910,Complete,379,5,1359.8
8159,805,2025-01-06 03:56:19.459507,Complete,990,4,350.24
8160,594,2025-01-26 11:13:50.752379,Incomplete,275,4,708.96
8161,643,2025-01-07 21:19:00.014910,Incomplete,137,5,274.75
8162,897,2023-12-19 11:54:24.924982,Complete,996,3,1172.61
8163,4,2023-09-23 04:47:09.378525,Incomplete,386,3,743.25
8164,383,2023-06-16 20:20:48.502608,Incomplete,783,5,393.25
8165,440,2024-12-23 03:09:57.649935,Incomplete,765,5,993.05
8166,309,2023-11-19 05:52:51.112281,Complete,720,5,207.65
8167,908,2024-01-12 12:56:00.263280,Incomplete,250,2,565.62
8168,863,2023-03-31 07:23:29.532572,Incomplete,962,5,1193.15
8169,153,2023-12-27 01:49:02.349838,Incomplete,405,1,156.6
8170,945,2023-05-27 11:37:49.937698,Complete,868,1,208.63
8171,730,2023-10-16 10:30:03.703303,Incomplete,780,4,555.48
8172,305,2023-04-29 12:29:00.924489,Incomplete,767,2,867.78
8173,688,2024-04-23 16:39:45.555533,Incomplete,170,2,908.66
8174,33,2023-02-24 14:19:39.233685,Incomplete,10,1,480.12
8175,980,2024-10-07 19:36:04.936989,Incomplete,635,2,330.3
8176,746,2024-09-04 16:06:01.736656,Complete,146,3,109.26
8177,756,2024-06-17 03:20:52.941828,Incomplete,231,1,222.38
8178,32,2023-03-06 06:08:35.180027,Incomplete,377,3,531.96
8179,500,2023-10-30 05:11:17.279147,Incomplete,843,4,1824.44
8180,89,2024-12-08 02:02:50.744030,Incomplete,525,3,1170.54
8181,263,2023-03-01 16:48:23.654600,Incomplete,384,2,579.02
8182,670,2023-03-25 19:04:55.591542,Complete,389,3,1014.78
8183,448,2023-02-14 04:29:27.078372,Incomplete,172,1,343.2
8184,74,2023-03-01 02:57:10.229806,Incomplete,318,2,237.5
8185,62,2023-07-05 22:01:46.210644,Complete,581,4,1018.8
8186,132,2024-03-26 00:58:19.163348,Incomplete,773,4,809.72
8187,644,2024-10-11 02:07:12.617099,Incomplete,604,1,480.63
8188,20,2024-01-29 07:02:15.784088,Complete,707,5,972.7
8189,672,2025-01-08 23:30:55.126202,Complete,81,1,457.1
8190,273,2023-11-09 09:29:23.577686,Incomplete,321,3,24.99
8191,926,2023-02-26 03:33:26.656579,Complete,236,1,191.31
8192,353,2024-01-02 05:35:14.057652,Incomplete,440,5,1909.6
8193,212,2023-08-04 02:28:05.995882,Complete,330,3,1438.26
8194,897,2023-03-30 09:09:10.896416,Incomplete,649,1,206.0
8195,448,2024-03-30 13:56:21.961787,Complete,169,3,263.07
8196,906,2024-10-25 03:08:07.999950,Complete,49,5,2117.15
8197,852,2024-04-11 01:48:27.546227,Incomplete,234,4,488.84
8198,560,2024-12-15 01:05:17.205357,Complete,111,3,521.01
8199,272,2023-07-18 09:13:48.093619,Incomplete,306,3,946.05
8200,707,2024-12-18 12:44:12.592168,Incomplete,258,5,204.1
8201,664,2024-05-09 04:24:04.878117,Complete,879,5,2104.8
8202,77,2024-11-05 17:06:25.128185,Complete,652,2,893.22
8203,805,2023-06-23 17:22:38.450536,Incomplete,862,1,387.41
8204,103,2024-05-22 02:58:22.709942,Complete,153,2,102.78
8205,689,2023-04-01 01:18:53.220484,Complete,571,3,916.5
8206,500,2025-01-15 13:05:13.494756,Incomplete,735,4,1814.84
8207,25,2023-11-13 22:37:03.192334,Complete,489,4,1052.24
8208,212,2024-08-06 11:55:59.469463,Incomplete,82,5,1725.6
8209,112,2024-12-07 02:04:19.426817,Complete,967,1,135.08
8210,190,2024-04-30 03:16:04.322341,Complete,306,3,1215.81
8211,723,2023-03-05 15:08:44.129665,Complete,991,4,1640.84
8212,42,2023-08-18 04:47:10.029348,Incomplete,322,3,1133.55
8213,636,2023-04-26 18:07:28.142048,Incomplete,212,2,14.24
8214,381,2023-03-04 18:39:35.749653,Complete,8,5,378.2
8215,392,2024-04-04 19:51:21.112158,Complete,804,1,476.7
8216,610,2023-08-29 14:52:21.484060,Complete,91,4,1733.76
8217,460,2023-02-04 17:16:52.914167,Incomplete,129,1,49.95
8218,600,2023-12-25 19:20:54.778043,Incomplete,667,1,458.05
8219,346,2024-08-03 02:51:39.340121,Incomplete,9,3,263.67
8220,256,2024-04-13 06:48:05.511071,Complete,357,2,247.66
8221,584,2023-11-17 19:44:55.281798,Complete,591,1,299.47
8222,875,2024-08-18 17:39:13.455021,Complete,464,4,497.44
8223,885,2023-06-21 07:43:04.927674,Incomplete,946,5,578.9
8224,185,2024-07-30 05:12:18.392316,Incomplete,681,5,2130.55
8225,996,2024-01-04 18:39:31.212228,Incomplete,841,4,911.16
8226,629,2024-06-30 05:59:51.901857,Complete,595,2,37.3
8227,75,2023-07-05 06:27:30.803774,Incomplete,548,4,1776.04
8228,848,2023-06-18 07:03:53.409136,Incomplete,697,2,132.06
8229,436,2023-02-01 15:59:24.384151,Incomplete,361,5,505.25
8230,535,2025-01-26 10:50:32.902380,Incomplete,46,2,986.72
8231,389,2023-04-29 00:08:05.885437,Incomplete,402,2,904.76
8232,953,2024-03-11 21:42:41.210363,Complete,577,3,830.28
8233,503,2023-06-24 10:41:35.466411,Complete,961,2,959.14
8234,624,2023-05-29 20:27:08.718825,Incomplete,450,3,496.95
8235,555,2024-05-18 00:59:53.918036,Incomplete,630,1,154.01
8236,191,2024-03-20 20:08:19.929958,Complete,575,5,1896.65
8237,688,2023-03-19 18:46:26.587984,Incomplete,66,1,264.87
8238,799,2023-02-19 09:50:22.837239,Complete,83,4,446.4
8239,5,2023-09-21 15:37:49.818169,Complete,276,5,874.05
8240,290,2024-05-11 02:41:26.239763,Incomplete,215,1,389.84
8241,422,2023-05-04 10:42:58.634400,Complete,864,4,1112.64
8242,744,2024-08-09 02:09:38.775222,Complete,526,5,110.6
8243,990,2023-02-13 03:10:47.422712,Complete,681,5,459.45
8244,13,2023-07-17 00:47:09.706968,Incomplete,227,1,108.61
8245,128,2023-11-13 00:26:51.614718,Complete,697,1,33.21
8246,968,2024-07-10 17:55:25.189416,Incomplete,445,2,367.68
8247,701,2023-08-29 11:08:18.241481,Incomplete,544,1,289.33
8248,623,2023-10-19 06:14:09.490779,Complete,543,3,1287.09
8249,667,2023-10-01 09:47:06.893223,Complete,307,5,1092.0
8250,586,2023-09-27 01:33:39.408037,Incomplete,931,1,110.82
8251,62,2024-06-23 06:45:58.107907,Complete,394,1,198.02
8252,962,2024-06-03 13:47:58.222275,Complete,703,1,225.13
8253,43,2024-03-20 00:12:23.642368,Incomplete,371,3,1266.57
8254,901,2024-03-07 19:15:44.967988,Incomplete,636,1,410.16
8255,392,2024-01-05 20:10:21.845532,Incomplete,863,4,1993.08
8256,640,2024-04-24 00:59:39.589808,Incomplete,981,4,1319.52
8257,986,2024-05-24 02:49:12.341434,Complete,358,1,438.12
8258,272,2023-06-14 00:19:18.293190,Incomplete,805,2,215.0
8259,974,2024-11-23 02:00:29.616969,Complete,681,5,1251.95
8260,762,2023-09-21 03:51:22.927089,Incomplete,210,2,28.38
8261,884,2023-12-19 09:07:19.494590,Complete,255,5,1112.65
8262,356,2024-06-25 14:18:27.370185,Incomplete,694,1,44.2
8263,46,2024-05-13 08:52:10.081755,Incomplete,449,2,749.76
8264,821,2024-06-16 06:55:48.404731,Complete,493,5,2160.4
8265,884,2023-03-08 22:15:59.510786,Complete,766,5,787.35
8266,333,2023-11-12 08:43:52.218281,Complete,542,3,695.16
8267,794,2023-08-23 08:58:12.137342,Complete,278,3,995.13
8268,912,2024-05-09 16:17:11.704202,Complete,894,3,1422.03
8269,916,2024-05-03 21:45:56.484903,Incomplete,547,3,774.21
8270,260,2023-03-15 12:36:10.540330,Complete,543,2,546.78
8271,625,2023-10-16 09:20:13.251844,Complete,634,5,1536.65
8272,244,2024-07-10 05:27:53.079465,Incomplete,843,1,59.8
8273,762,2024-08-01 09:49:48.835511,Complete,575,1,160.18
8274,687,2024-07-06 16:32:18.049246,Incomplete,748,4,1698.04
8275,717,2023-02-28 16:40:41.276981,Incomplete,36,3,1371.36
8276,715,2023-06-12 09:41:19.998199,Incomplete,474,3,1284.93
8277,477,2024-07-01 22:02:19.496389,Complete,918,1,253.49
8278,930,2024-08-04 01:14:42.620067,Incomplete,636,2,178.42
8279,526,2023-04-13 19:35:30.236824,Incomplete,177,3,861.75
8280,557,2023-08-09 23:29:19.496473,Complete,368,2,933.46
8281,966,2024-01-03 06:11:28.259550,Complete,228,2,405.14
8282,13,2023-07-06 14:49:34.501227,Complete,182,2,150.1
8283,607,2023-09-05 13:59:21.805191,Incomplete,201,2,419.48
8284,894,2024-11-26 18:12:53.274903,Incomplete,496,1,360.7
8285,324,2023-12-03 02:44:18.951177,Complete,339,5,1054.05
8286,551,2024-08-26 11:40:24.290503,Incomplete,84,5,1424.65
8287,469,2024-02-16 20:38:50.962269,Complete,546,1,421.73
8288,890,2024-05-31 22:14:55.289195,Complete,537,1,27.61
8289,192,2023-02-05 23:49:39.135430,Complete,413,4,1666.28
8290,401,2023-04-15 20:13:21.370002,Incomplete,829,4,905.4
8291,222,2024-12-31 09:15:47.976192,Complete,73,3,629.88
8292,965,2024-12-31 04:04:40.141224,Complete,270,1,295.94
8293,440,2023-08-23 19:13:57.948609,Incomplete,719,3,348.51
8294,666,2024-06-03 17:18:04.507565,Complete,196,4,787.52
8295,309,2024-12-09 13:12:31.966063,Complete,407,4,1138.96
8296,923,2025-01-13 08:37:02.124558,Incomplete,216,3,1497.24
8297,264,2023-12-05 05:15:09.660104,Incomplete,760,3,236.91
8298,211,2023-02-09 11:57:23.549138,Complete,376,3,63.09
8299,154,2023-11-19 23:48:11.460438,Incomplete,52,3,1071.9
8300,87,2023-08-07 11:13:30.849743,Incomplete,735,2,318.14
8301,440,2024-05-13 07:08:17.544596,Complete,296,4,1488.68
8302,525,2023-12-06 21:50:29.440173,Complete,435,3,303.06
8303,689,2023-08-11 09:02:39.111385,Incomplete,189,1,87.28
8304,538,2024-08-21 03:03:36.229775,Incomplete,252,1,77.29
8305,593,2023-10-20 05:08:13.004410,Incomplete,757,1,354.22
8306,469,2024-07-19 01:12:36.876160,Incomplete,241,5,453.9
8307,565,2023-03-31 20:29:15.638837,Complete,540,5,686.1
8308,16,2023-10-16 14:10:17.970586,Complete,937,2,631.66
8309,104,2023-06-22 08:44:56.752031,Complete,355,5,969.1
8310,266,2024-05-31 11:42:02.928521,Incomplete,415,4,382.6
8311,13,2023-01-30 13:44:18.427165,Incomplete,368,1,398.41
8312,190,2024-12-13 21:31:01.149629,Incomplete,34,1,379.14
8313,130,2024-03-15 22:29:45.892960,Complete,906,3,130.92
8314,919,2023-12-15 00:32:36.343364,Complete,643,3,252.12
8315,636,2023-05-08 10:26:45.579447,Incomplete,661,3,1439.25
8316,1,2024-12-25 18:23:16.113801,Complete,289,3,210.72
8317,943,2023-01-28 15:30:33.321055,Incomplete,800,4,147.16
8318,563,2023-02-01 11:06:29.167960,Complete,252,2,852.0
8319,547,2025-01-10 20:01:16.751515,Complete,764,1,473.16
8320,512,2024-09-07 20:14:09.580820,Incomplete,340,3,116.34
8321,55,2024-06-14 03:27:27.806780,Complete,57,4,456.92
8322,754,2024-08-11 08:07:07.949749,Complete,602,2,165.4
8323,191,2024-08-02 12:31:17.041858,Incomplete,332,5,2051.15
8324,942,2023-07-21 23:20:49.274463,Incomplete,868,1,492.07
8325,614,2023-02-12 09:14:21.273507,Incomplete,209,5,2046.55
8326,130,2023-03-07 02:11:27.061119,Complete,809,3,1363.08
8327,667,2024-04-28 02:56:10.559947,Complete,808,4,481.6
8328,443,2024-02-20 16:26:56.151832,Complete,909,5,1331.75
8329,632,2024-01-03 04:08:05.240966,Incomplete,230,2,771.1
8330,408,2023-10-11 02:57:25.970795,Complete,809,3,1378.2
8331,311,2023-03-25 17:47:04.665073,Complete,119,4,733.8
8332,339,2023-05-28 12:00:06.725075,Complete,420,2,66.5
8333,898,2024-01-05 12:15:18.359050,Incomplete,534,4,1436.04
8334,348,2025-01-20 03:55:14.156175,Complete,712,5,2288.45
8335,843,2024-06-10 23:27:54.186811,Complete,150,4,1322.64
8336,315,2023-07-15 22:28:42.372243,Incomplete,203,2,432.28
8337,368,2024-03-31 17:01:02.059336,Incomplete,320,4,279.8
8338,508,2024-03-26 04:36:45.987090,Incomplete,87,5,2238.75
8339,28,2024-03-07 02:52:41.431675,Complete,980,1,10.52
8340,692,2024-05-20 03:06:27.186593,Incomplete,221,1,467.15
8341,262,2025-01-16 19:56:31.730423,Complete,192,1,330.03
8342,839,2023-03-28 23:10:17.895329,Incomplete,186,1,103.45
8343,176,2023-12-18 06:48:54.154484,Complete,301,2,94.0
8344,832,2024-04-22 21:57:35.629525,Complete,370,4,1880.56
8345,303,2025-01-02 16:43:27.385811,Incomplete,154,2,110.8
8346,606,2024-07-11 18:50:37.306179,Incomplete,891,3,273.45
8347,370,2025-01-22 01:56:53.365248,Complete,10,3,1158.36
8348,525,2024-02-04 01:01:40.073396,Incomplete,355,4,1348.08
8349,755,2023-10-16 04:19:52.566649,Complete,436,5,152.85
8350,338,2024-05-15 23:40:08.914970,Complete,651,2,341.32
8351,729,2024-05-24 14:28:07.904175,Complete,946,5,1501.6
8352,991,2024-12-16 17:34:47.862899,Incomplete,743,3,991.71
8353,687,2024-09-29 07:15:34.725634,Complete,383,1,334.4
8354,524,2024-11-17 09:22:02.433038,Incomplete,925,3,1065.78
8355,141,2023-09-02 10:23:17.858260,Incomplete,617,3,1193.58
8356,596,2024-08-16 01:20:05.402638,Complete,437,2,971.62
8357,738,2023-02-09 10:48:03.368829,Incomplete,132,1,81.11
8358,859,2023-06-18 17:38:11.943420,Incomplete,521,5,799.2
8359,910,2025-01-17 02:25:09.196573,Incomplete,707,5,856.35
8360,660,2023-02-08 23:43:47.401307,Incomplete,684,4,1509.24
8361,829,2023-04-24 14:37:09.795816,Incomplete,934,3,1111.11
8362,624,2024-09-22 23:08:56.647351,Incomplete,725,1,131.43
8363,138,2024-07-01 19:49:46.265779,Complete,907,2,659.3
8364,808,2024-11-12 22:41:12.549098,Complete,53,1,111.43
8365,881,2024-10-22 17:16:44.193113,Complete,50,4,955.64
8366,497,2024-06-08 09:06:24.025878,Complete,866,2,544.1
8367,396,2024-04-29 06:36:18.881852,Incomplete,890,5,589.2
8368,347,2023-06-30 01:41:08.113087,Incomplete,322,4,151.04
8369,500,2023-08-08 06:56:47.934744,Incomplete,934,3,1128.9
8370,536,2024-07-13 22:53:42.344088,Incomplete,244,2,847.3
8371,796,2023-11-23 18:30:18.456611,Incomplete,976,5,1400.65
8372,739,2023-10-21 04:19:25.068598,Complete,408,1,427.13
8373,147,2024-09-29 19:23:02.650528,Complete,842,4,1971.24
8374,27,2024-05-25 00:36:05.460032,Complete,260,1,293.08
8375,112,2024-03-05 16:33:49.026511,Complete,899,4,183.64
8376,503,2024-12-20 08:29:07.327219,Incomplete,244,2,482.04
8377,135,2023-10-07 15:24:01.382523,Incomplete,511,4,1827.84
8378,241,2023-11-12 14:54:59.636015,Incomplete,133,4,1199.72
8379,53,2024-07-19 18:21:37.148901,Complete,895,1,79.41
8380,24,2023-07-23 20:09:17.917197,Complete,290,3,1254.03
8381,83,2023-02-27 21:11:35.002275,Complete,289,2,166.3
8382,836,2023-02-03 11:15:29.522314,Complete,232,5,1651.5
8383,571,2023-08-10 03:38:55.043628,Incomplete,343,3,746.07
8384,9,2023-06-07 13:06:21.150435,Incomplete,439,1,100.86
8385,106,2024-10-07 11:52:32.765920,Complete,394,1,164.4
8386,571,2023-03-05 01:41:41.436806,Complete,939,4,956.72
8387,2,2023-05-13 09:03:52.539472,Complete,738,1,395.86
8388,561,2023-09-13 00:11:44.863353,Complete,633,1,40.2
8389,818,2024-11-28 10:17:51.077920,Incomplete,175,1,75.38
8390,37,2025-01-03 02:36:21.257973,Complete,603,2,152.44
8391,134,2024-04-10 19:52:49.470955,Incomplete,374,1,495.62
8392,929,2023-08-24 02:34:17.456057,Incomplete,603,3,1341.6
8393,173,2023-07-29 03:59:52.968823,Incomplete,219,2,864.38
8394,315,2023-06-19 22:30:09.773264,Incomplete,341,5,739.7
8395,562,2024-03-12 00:26:23.527782,Complete,568,2,684.7
8396,729,2024-03-09 11:02:36.666955,Complete,318,2,819.14
8397,743,2023-05-24 09:59:29.398299,Incomplete,928,1,156.09
8398,487,2023-07-29 13:10:27.629702,Complete,641,3,1011.3
8399,31,2024-06-09 10:31:34.659389,Complete,339,2,294.32
8400,624,2024-05-29 06:17:48.286709,Incomplete,51,4,1203.76
8401,723,2023-04-03 20:05:17.061040,Complete,53,4,328.48
8402,250,2023-04-06 06:57:06.746659,Complete,612,2,435.1
8403,194,2024-11-12 22:30:04.136059,Incomplete,269,5,64.6
8404,580,2023-03-04 16:34:43.907423,Complete,148,2,820.22
8405,22,2024-12-21 09:40:31.730721,Incomplete,466,3,1280.13
8406,726,2023-10-13 14:15:05.837162,Incomplete,436,4,447.36
8407,301,2024-02-03 21:32:10.770499,Incomplete,828,5,204.05
8408,134,2023-08-12 23:47:46.350452,Complete,560,3,805.38
8409,429,2024-03-24 05:32:14.127699,Complete,95,5,2366.35
8410,389,2023-04-27 21:13:17.303127,Incomplete,400,2,730.46
8411,634,2024-10-22 05:39:19.441821,Incomplete,382,3,458.16
8412,609,2023-08-19 07:34:20.350836,Complete,33,3,151.56
8413,796,2023-01-28 08:31:14.616246,Complete,620,2,96.94
8414,984,2023-02-08 19:21:18.564549,Incomplete,172,5,1225.6
8415,122,2023-07-11 19:28:15.832328,Incomplete,717,2,944.86
8416,980,2023-05-01 03:20:18.783922,Complete,836,2,905.0
8417,753,2023-02-11 19:51:59.807818,Complete,560,2,27.32
8418,246,2023-07-09 16:52:30.084687,Incomplete,832,3,1314.18
8419,428,2023-08-12 09:01:31.831944,Incomplete,638,5,897.45
8420,993,2024-07-15 08:35:51.267443,Complete,648,3,693.21
8421,143,2023-08-21 02:35:56.426128,Complete,551,4,699.76
8422,817,2023-11-22 09:38:21.054979,Incomplete,404,1,287.12
8423,684,2024-12-03 01:21:42.438639,Incomplete,182,3,927.3
8424,485,2023-08-23 01:29:01.914389,Complete,666,3,1175.49
8425,331,2023-11-28 13:00:57.183203,Complete,257,2,824.62
8426,89,2024-06-10 11:35:56.965541,Incomplete,743,4,1842.16
8427,108,2023-12-07 20:08:47.127593,Complete,821,1,292.76
8428,631,2024-10-23 20:44:04.104203,Incomplete,430,2,701.22
8429,323,2024-10-30 06:59:19.842366,Incomplete,625,4,1545.76
8430,613,2023-04-08 07:04:01.487035,Complete,693,2,59.56
8431,643,2024-02-14 22:11:30.807229,Incomplete,123,3,659.28
8432,185,2023-10-30 05:22:50.846908,Complete,71,3,1065.15
8433,256,2024-07-17 12:14:53.324340,Complete,392,4,1303.36
8434,821,2024-08-18 06:59:50.715954,Incomplete,17,2,239.96
8435,737,2024-04-09 15:10:04.091018,Complete,872,2,559.94
8436,132,2023-08-18 02:07:51.281481,Complete,51,1,459.8
8437,292,2023-07-05 00:59:03.386303,Complete,132,4,931.52
8438,230,2024-11-15 06:26:34.777127,Incomplete,71,5,1798.95
8439,683,2023-06-04 04:01:50.906877,Complete,809,4,181.48
8440,897,2023-04-30 18:23:41.035688,Complete,215,4,853.28
8441,242,2024-10-16 17:14:11.015771,Complete,471,3,480.84
8442,778,2023-09-05 11:37:49.608746,Complete,80,2,681.76
8443,676,2023-04-21 12:03:52.601353,Incomplete,871,5,2327.65
8444,243,2024-11-21 12:22:27.853037,Incomplete,2,2,931.86
8445,987,2024-12-19 07:03:46.190972,Complete,484,2,879.86
8446,49,2023-12-16 17:36:13.675849,Incomplete,135,3,548.97
8447,338,2024-03-20 14:51:20.090432,Incomplete,212,2,458.86
8448,719,2024-03-21 03:23:41.195366,Incomplete,893,5,1235.45
8449,57,2024-01-21 12:28:34.199060,Complete,276,2,440.18
8450,570,2023-06-08 21:59:15.764326,Incomplete,235,1,165.82
8451,569,2023-08-13 02:15:08.609777,Incomplete,891,1,206.55
8452,544,2024-01-02 01:47:35.233986,Complete,990,1,424.15
8453,601,2023-02-28 23:05:12.802631,Incomplete,970,5,918.2
8454,447,2024-06-21 15:43:12.077357,Complete,129,2,935.76
8455,376,2024-08-24 06:28:06.615531,Complete,819,1,423.27
8456,565,2023-04-14 15:43:12.385611,Incomplete,770,4,1226.2
8457,899,2023-03-03 06:18:47.407961,Incomplete,181,4,1175.0
8458,824,2024-03-20 00:18:20.799822,Incomplete,136,3,742.32
8459,763,2024-01-26 01:32:39.348129,Incomplete,480,3,516.87
8460,153,2024-03-10 17:05:34.356939,Complete,493,1,42.15
8461,603,2023-02-19 03:32:15.924934,Incomplete,478,3,1429.89
8462,893,2024-09-07 09:14:40.912874,Complete,76,3,666.06
8463,746,2024-11-12 05:13:51.125876,Complete,897,1,220.88
8464,98,2024-06-21 03:49:54.925294,Complete,80,5,2402.0
8465,699,2023-05-14 06:27:57.056154,Incomplete,786,3,125.79
8466,643,2023-04-26 11:43:48.803217,Complete,979,3,1001.61
8467,294,2023-04-27 21:01:57.642020,Incomplete,890,2,771.88
8468,197,2024-06-23 11:30:39.855746,Complete,623,5,241.25
8469,698,2023-09-19 03:57:43.989274,Complete,73,5,1691.4
8470,919,2024-10-22 01:56:21.606167,Complete,21,4,389.6
8471,968,2024-12-16 02:34:47.687069,Complete,287,3,627.39
8472,249,2023-04-25 01:06:04.579606,Incomplete,765,5,478.15
8473,972,2024-11-16 01:23:59.584110,Complete,354,2,382.2
8474,813,2023-02-19 07:32:01.478427,Complete,885,2,266.1
8475,592,2024-06-10 14:44:04.414430,Complete,880,2,498.8
8476,166,2023-08-26 08:26:00.270906,Complete,984,4,210.08
8477,904,2023-06-28 11:50:18.413664,Complete,108,3,709.47
8478,841,2023-03-04 05:53:05.092735,Complete,508,1,297.53
8479,330,2023-08-30 10:34:53.681647,Incomplete,168,3,110.31
8480,562,2024-07-10 06:02:07.309513,Incomplete,52,2,371.74
8481,635,2024-11-08 16:47:01.180311,Incomplete,956,5,224.35
8482,417,2023-03-26 22:37:28.347984,Complete,872,5,27.0
8483,759,2024-06-16 09:02:50.608688,Complete,810,5,1828.4
8484,186,2023-09-12 00:46:49.492659,Complete,72,5,1479.85
8485,425,2024-06-07 08:20:30.659233,Incomplete,878,4,1868.32
8486,940,2024-05-06 14:09:04.262501,Incomplete,146,1,314.76
8487,372,2024-12-03 11:45:14.182088,Incomplete,297,5,331.9
8488,8,2023-05-08 15:06:42.113965,Incomplete,820,1,100.36
8489,247,2023-12-16 17:15:32.107776,Complete,523,1,217.17
8490,968,2024-01-17 15:36:27.206287,Incomplete,367,3,767.52
8491,775,2024-11-11 05:08:56.108637,Complete,168,3,562.98
8492,515,2023-08-19 19:34:35.947398,Incomplete,88,3,238.74
8493,275,2024-02-10 06:47:07.112278,Complete,918,1,234.94
8494,667,2023-08-21 13:11:49.398416,Incomplete,967,3,523.41
8495,62,2023-08-19 00:38:30.669577,Complete,403,5,1847.9
8496,824,2023-05-28 08:07:41.098455,Complete,535,2,895.32
8497,327,2023-10-08 01:55:49.590213,Complete,990,1,220.29
8498,206,2024-05-08 22:43:15.906486,Complete,182,5,1397.85
8499,89,2024-11-15 05:30:52.975885,Incomplete,539,2,516.6
8500,703,2024-04-06 02:33:40.181820,Complete,832,1,463.15
8501,287,2024-02-04 08:30:05.638835,Incomplete,57,5,2223.15
8502,992,2024-08-25 23:10:55.065798,Complete,571,4,1991.32
8503,985,2024-02-06 20:51:53.822784,Complete,65,2,635.46
8504,436,2023-07-16 20:34:46.377648,Incomplete,76,2,292.14
8505,787,2023-08-09 09:56:05.771953,Complete,180,1,148.84
8506,561,2024-10-23 04:18:18.580894,Complete,671,3,73.56
8507,667,2023-03-29 15:32:03.489794,Incomplete,238,3,183.09
8508,910,2023-02-26 20:52:26.370220,Incomplete,571,5,2166.65
8509,791,2024-12-16 18:31:31.999365,Incomplete,891,2,660.32
8510,611,2024-02-22 11:14:16.573932,Incomplete,397,4,1932.88
8511,310,2024-01-30 19:01:14.549915,Incomplete,296,2,37.38
8512,555,2024-08-01 21:28:30.769803,Incomplete,5,4,1694.36
8513,922,2024-01-10 01:06:38.534119,Complete,163,2,449.42
8514,287,2024-05-14 13:38:55.470972,Incomplete,660,4,195.56
8515,923,2023-08-25 04:32:04.677017,Incomplete,367,3,250.02
8516,560,2024-03-22 14:53:28.747425,Incomplete,716,4,1806.32
8517,852,2024-07-30 23:46:44.434150,Complete,307,1,40.51
8518,207,2024-07-05 14:27:55.232714,Incomplete,968,5,631.35
8519,547,2024-01-28 01:29:14.787630,Incomplete,896,2,583.24
8520,336,2023-08-19 15:55:26.698995,Incomplete,797,2,437.16
8521,592,2024-01-29 21:36:16.303539,Incomplete,663,2,569.86
8522,281,2023-11-11 13:45:41.612105,Complete,286,2,74.14
8523,607,2024-10-06 11:26:35.483543,Incomplete,291,5,1381.05
8524,577,2023-06-16 12:01:19.967416,Incomplete,778,4,1399.96
8525,223,2023-04-21 20:22:55.063114,Incomplete,661,3,780.69
8526,891,2023-02-02 06:20:46.578118,Complete,26,1,398.88
8527,292,2024-01-11 11:48:28.134990,Incomplete,367,3,838.17
8528,395,2023-02-03 04:31:32.466458,Incomplete,772,5,2386.85
8529,408,2023-04-30 00:31:23.146285,Incomplete,574,5,37.6
8530,909,2023-03-29 21:05:09.313457,Incomplete,15,2,833.18
8531,565,2025-01-25 11:43:16.388754,Incomplete,765,4,147.44
8532,235,2024-04-04 06:50:15.943373,Incomplete,221,3,304.8
8533,88,2024-04-01 10:28:13.838594,Complete,978,2,142.72
8534,733,2023-07-17 20:15:03.740926,Incomplete,634,3,721.95
8535,266,2024-06-12 04:19:20.409487,Incomplete,927,4,1662.92
8536,605,2024-01-29 09:37:49.085494,Incomplete,982,2,45.26
8537,244,2023-11-28 16:54:08.639353,Incomplete,90,4,341.2
8538,276,2023-05-15 21:36:58.715829,Incomplete,544,3,746.31
8539,223,2023-05-28 01:49:39.023248,Complete,717,5,1023.15
8540,193,2024-08-25 17:02:10.994523,Complete,550,5,1480.65
8541,591,2024-07-26 11:35:40.916598,Incomplete,440,5,772.7
8542,128,2024-07-10 16:52:35.511402,Incomplete,935,4,53.96
8543,937,2023-01-29 09:54:26.780007,Incomplete,9,1,66.63
8544,491,2024-02-13 02:28:41.480928,Complete,145,2,42.16
8545,287,2024-01-31 10:51:46.409492,Incomplete,437,3,535.08
8546,548,2024-04-08 18:21:34.789766,Complete,368,4,1273.52
8547,702,2023-04-29 05:45:13.897015,Incomplete,238,5,1588.2
8548,75,2023-05-19 03:06:25.131343,Incomplete,51,4,522.56
8549,779,2023-02-27 08:34:19.186798,Complete,125,3,1237.23
8550,442,2024-09-09 13:58:08.845630,Complete,66,4,672.52
8551,148,2023-04-06 06:57:29.310643,Incomplete,921,2,57.82
8552,399,2023-09-03 07:36:14.420581,Incomplete,373,2,991.54
8553,522,2023-03-21 04:20:48.731688,Complete,997,3,1024.14
8554,108,2025-01-25 17:52:13.981072,Complete,382,2,827.74
8555,575,2024-06-29 11:49:54.713645,Incomplete,730,1,75.7
8556,90,2023-04-12 19:43:56.782717,Incomplete,408,2,740.5
8557,880,2024-01-27 04:32:08.130690,Incomplete,576,4,1994.28
8558,170,2024-03-19 07:23:17.826992,Incomplete,270,5,1512.95
8559,307,2024-11-07 17:38:56.601019,Incomplete,833,4,1537.8
8560,946,2023-04-05 15:36:15.057798,Complete,544,1,300.68
8561,398,2023-12-15 18:04:06.158004,Complete,548,2,677.56
8562,468,2023-07-30 08:29:54.543407,Complete,929,5,1752.6
8563,778,2024-03-09 05:17:24.741102,Complete,345,2,628.04
8564,147,2023-08-21 13:59:53.347789,Incomplete,504,5,312.1
8565,566,2024-07-07 19:55:18.379694,Incomplete,395,5,68.8
8566,99,2023-11-29 08:41:02.589902,Incomplete,441,5,1249.85
8567,636,2024-07-12 03:53:41.324371,Incomplete,183,1,368.89
8568,469,2023-10-28 15:38:27.651997,Complete,771,3,1279.29
8569,699,2023-04-30 11:03:00.029460,Incomplete,969,5,44.75
8570,248,2023-05-31 03:55:35.167686,Complete,336,3,1246.83
8571,893,2024-12-09 02:57:45.185014,Incomplete,142,5,765.65
8572,28,2024-06-22 12:14:52.221914,Incomplete,61,5,945.0
8573,533,2024-04-28 11:47:49.935484,Incomplete,178,2,719.28
8574,461,2023-04-14 20:13:05.042314,Incomplete,7,4,1345.76
8575,861,2024-07-11 13:53:02.082239,Complete,984,3,769.62
8576,960,2023-02-12 21:44:52.619918,Complete,499,1,198.88
8577,580,2023-03-30 04:50:05.045379,Incomplete,607,3,686.76
8578,947,2024-10-18 01:38:34.025554,Complete,865,4,822.6
8579,650,2023-11-01 03:35:08.685431,Complete,541,1,329.11
8580,362,2024-05-31 23:16:55.611596,Incomplete,405,4,1530.84
8581,384,2024-06-05 15:09:17.049345,Incomplete,823,5,1180.0
8582,580,2023-11-21 11:28:54.905161,Complete,352,2,416.94
8583,35,2024-09-28 01:12:33.358762,Complete,327,5,174.8
8584,990,2023-12-16 08:18:27.994035,Complete,987,3,1208.34
8585,796,2024-10-06 09:06:13.330520,Complete,970,1,220.66
8586,559,2023-06-24 15:10:58.986906,Incomplete,875,5,810.8
8587,596,2024-07-03 09:43:55.303880,Incomplete,41,1,333.63
8588,792,2023-12-09 06:50:28.535977,Incomplete,327,5,968.05
8589,238,2024-05-28 12:47:21.101062,Incomplete,155,1,133.74
8590,531,2024-01-04 15:29:54.193189,Incomplete,875,1,144.73
8591,132,2023-06-23 17:11:10.897904,Incomplete,614,4,448.4
8592,545,2023-08-25 06:42:40.102708,Incomplete,998,1,326.82
8593,545,2023-09-14 00:06:51.661240,Incomplete,874,5,1898.9
8594,594,2023-12-17 06:27:11.828856,Complete,821,2,156.74
8595,230,2024-03-10 04:38:39.713133,Complete,116,3,1218.99
8596,372,2024-01-25 10:03:49.054325,Incomplete,127,3,1172.16
8597,499,2023-10-04 11:14:18.948708,Complete,197,4,1161.44
8598,394,2023-09-14 14:06:49.383415,Complete,352,3,978.06
8599,560,2024-11-20 23:09:56.711658,Incomplete,406,3,822.33
8600,711,2024-01-30 09:33:24.585052,Incomplete,257,3,1358.01
8601,996,2023-10-16 10:43:50.097986,Incomplete,886,5,775.3
8602,757,2025-01-15 16:12:17.585577,Incomplete,825,5,1853.25
8603,305,2023-06-25 21:22:59.521292,Incomplete,696,3,1487.52
8604,337,2024-05-06 23:17:05.395555,Incomplete,669,3,1105.14
8605,475,2023-04-16 18:59:41.197768,Incomplete,2,5,629.7
8606,858,2024-06-19 13:08:45.995811,Complete,903,1,232.26
8607,962,2023-11-16 15:36:06.973160,Complete,20,2,393.7
8608,881,2025-01-25 18:11:05.644207,Incomplete,231,3,154.53
8609,91,2023-07-19 03:45:16.847733,Incomplete,231,1,205.81
8610,654,2023-07-04 19:18:15.784613,Complete,541,5,2339.45
8611,749,2023-05-11 15:04:05.397336,Incomplete,342,2,301.88
8612,305,2024-08-10 15:55:49.096676,Complete,237,4,345.2
8613,192,2023-11-29 03:30:00.289443,Complete,616,3,542.01
8614,847,2024-12-14 17:07:51.643767,Complete,919,1,460.7
8615,65,2023-09-16 00:37:40.368222,Incomplete,266,5,1622.0
8616,648,2024-10-22 18:54:06.440058,Incomplete,588,2,501.56
8617,918,2024-02-28 08:57:50.358387,Incomplete,934,4,279.04
8618,700,2024-05-28 17:12:03.897279,Complete,441,4,361.2
8619,452,2024-01-03 18:48:31.424556,Complete,488,1,349.57
8620,770,2023-03-31 15:54:39.406269,Incomplete,652,5,25.25
8621,951,2024-09-15 23:06:26.630277,Incomplete,492,4,645.2
8622,833,2024-06-21 03:30:35.050525,Complete,944,1,329.64
8623,575,2023-05-23 12:43:52.409746,Incomplete,13,1,386.21
8624,788,2023-02-28 13:49:35.295194,Incomplete,462,2,185.52
8625,265,2023-09-19 07:18:31.050193,Incomplete,866,3,263.07
8626,164,2023-11-07 15:17:03.965469,Incomplete,686,2,683.68
8627,738,2023-06-30 02:04:34.211016,Incomplete,380,5,385.9
8628,787,2024-03-28 19:15:00.114188,Complete,975,1,330.84
8629,434,2024-12-15 04:24:20.112048,Complete,355,1,463.71
8630,184,2023-03-30 11:02:53.134860,Incomplete,284,2,908.02
8631,1,2024-07-17 14:04:11.773936,Incomplete,111,5,1768.8
8632,760,2024-02-12 18:21:06.455248,Complete,395,3,960.51
8633,104,2023-07-11 21:24:01.325882,Incomplete,788,5,2217.9
8634,963,2023-07-30 04:10:55.608712,Complete,142,5,270.15
8635,873,2024-06-02 04:29:25.870674,Incomplete,830,2,994.5
8636,283,2024-08-20 08:01:30.025769,Incomplete,879,3,1376.58
8637,260,2024-09-03 07:38:33.548363,Complete,99,2,136.96
8638,206,2024-08-31 00:35:10.280109,Incomplete,439,4,737.12
8639,630,2023-07-07 02:43:08.060147,Complete,999,1,391.73
8640,165,2024-01-02 14:50:45.236295,Incomplete,706,2,760.92
8641,921,2024-12-02 06:18:48.735587,Incomplete,458,4,1004.76
8642,507,2023-11-10 22:15:11.573274,Complete,857,4,1694.08
8643,765,2024-03-02 23:35:00.016389,Complete,49,1,374.82
8644,900,2023-03-13 21:45:27.468102,Complete,374,2,283.34
8645,656,2024-03-13 10:19:09.673396,Incomplete,730,2,858.5
8646,764,2024-04-02 20:51:37.478894,Incomplete,3,2,644.12
8647,276,2023-05-10 10:23:06.056208,Incomplete,889,1,10.09
8648,979,2023-12-28 14:08:23.251366,Complete,657,4,1353.64
8649,920,2023-10-10 14:56:18.520500,Incomplete,883,2,802.08
8650,218,2024-03-28 21:43:30.707618,Complete,493,1,266.04
8651,989,2023-05-12 01:46:21.173383,Incomplete,971,4,583.16
8652,869,2024-03-27 05:25:50.711164,Incomplete,671,1,33.26
8653,818,2023-05-31 14:09:48.035472,Incomplete,900,1,79.99
8654,835,2024-02-14 04:25:32.221576,Incomplete,149,3,1428.66
8655,953,2024-08-12 09:22:50.414201,Complete,321,4,421.04
8656,998,2024-01-28 07:27:13.802077,Incomplete,7,3,347.04
8657,916,2024-07-06 15:34:56.617527,Incomplete,592,4,602.28
8658,388,2024-08-16 04:12:35.530999,Complete,782,4,1410.88
8659,298,2024-12-21 05:40:06.848447,Incomplete,901,2,172.12
8660,443,2023-09-21 19:57:21.198985,Incomplete,80,5,34.2
8661,566,2023-05-24 15:00:35.835407,Incomplete,16,3,884.7
8662,709,2023-07-10 09:40:56.546420,Complete,64,2,211.58
8663,901,2024-05-20 12:16:47.496799,Incomplete,777,4,1691.84
8664,161,2024-06-03 00:05:03.319039,Incomplete,363,1,257.09
8665,4,2023-04-01 01:07:19.001599,Complete,29,3,413.01
8666,684,2024-08-05 07:07:46.333651,Complete,71,5,679.1
8667,496,2023-09-01 01:27:50.195039,Incomplete,51,1,133.84
8668,634,2024-01-06 07:55:34.133944,Complete,551,5,1243.3
8669,865,2023-11-12 17:24:20.052521,Incomplete,358,1,311.8
8670,615,2024-04-09 13:39:55.407721,Complete,375,1,111.77
8671,923,2023-09-29 20:15:39.394223,Incomplete,375,1,218.39
8672,87,2024-09-12 16:04:21.367002,Complete,509,2,538.84
8673,395,2023-07-13 20:41:10.752824,Incomplete,120,5,200.5
8674,461,2023-06-10 11:24:38.820267,Incomplete,148,1,225.4
8675,149,2024-11-12 09:02:26.819810,Complete,184,5,428.3
8676,208,2024-09-25 09:25:58.922804,Complete,25,3,842.01
8677,140,2024-08-13 23:57:12.446920,Complete,668,4,656.12
8678,285,2024-08-20 13:48:17.264906,Complete,540,3,674.7
8679,893,2024-01-26 14:03:41.087443,Complete,696,2,979.58
8680,136,2023-08-31 09:18:44.063823,Incomplete,95,3,678.21
8681,763,2023-05-22 18:19:39.226275,Incomplete,692,4,1911.24
8682,362,2023-03-02 02:24:28.838550,Complete,719,3,1154.46
8683,639,2023-09-24 11:29:56.555636,Complete,369,1,374.54
8684,445,2024-08-05 21:31:51.258628,Incomplete,524,2,330.86
8685,969,2024-04-09 05:27:13.024422,Incomplete,191,3,882.27
8686,217,2024-06-13 05:29:40.031559,Incomplete,521,4,1029.96
8687,253,2023-07-20 05:00:30.579279,Incomplete,301,5,400.55
8688,335,2024-04-03 22:26:12.094111,Complete,457,3,1355.07
8689,59,2023-11-20 00:08:50.579266,Complete,378,3,289.5
8690,393,2024-06-21 12:42:36.833988,Incomplete,74,1,427.02
8691,415,2023-05-12 04:17:47.851766,Complete,94,5,1036.65
8692,874,2025-01-07 22:22:45.152158,Complete,402,5,114.65
8693,345,2024-07-07 17:49:08.973957,Incomplete,767,1,230.66
8694,951,2023-09-28 20:18:14.600842,Incomplete,924,2,370.74
8695,789,2024-07-16 14:46:53.863611,Complete,997,4,651.64
8696,761,2024-10-23 18:48:34.709404,Incomplete,719,1,253.81
8697,46,2023-05-29 13:16:58.697999,Complete,900,3,751.05
8698,595,2023-04-28 08:02:14.539307,Complete,996,5,754.2
8699,735,2024-06-21 16:14:04.899718,Incomplete,641,2,180.42
8700,543,2024-10-22 16:15:58.410439,Complete,741,5,1915.9
8701,394,2025-01-22 15:59:45.649109,Complete,146,4,1940.6
8702,76,2024-04-14 02:11:38.270097,Incomplete,34,2,138.78
8703,631,2024-05-29 11:53:13.952955,Complete,635,2,775.28
8704,366,2023-09-12 15:50:15.275897,Complete,132,2,983.42
8705,232,2024-07-29 08:45:53.644726,Complete,330,4,701.96
8706,57,2024-10-18 17:24:43.471462,Complete,253,2,813.06
8707,802,2024-02-21 10:56:45.164457,Incomplete,605,5,1487.7
8708,60,2024-04-24 23:39:57.193780,Incomplete,836,2,256.2
8709,325,2024-06-18 06:53:31.765594,Complete,324,1,255.71
8710,612,2023-10-06 11:24:32.152775,Complete,259,4,129.76
8711,828,2023-05-19 09:44:59.780627,Incomplete,37,5,801.05
8712,677,2023-12-20 18:46:26.677085,Complete,261,1,161.04
8713,524,2023-11-20 00:38:10.854589,Complete,746,4,1346.92
8714,835,2023-03-27 12:44:54.195182,Complete,655,5,666.85
8715,2,2023-11-09 14:34:21.492122,Complete,476,5,631.4
8716,704,2023-03-06 21:27:18.953807,Complete,545,3,1397.58
8717,279,2025-01-27 02:50:50.239980,Incomplete,620,1,406.83
8718,361,2024-10-12 13:53:25.331332,Complete,391,2,569.8
8719,347,2024-03-12 05:21:30.909588,Incomplete,6,4,452.6
8720,876,2023-12-26 22:20:41.385488,Complete,740,2,947.9
8721,110,2023-08-22 09:32:18.859742,Complete,287,5,2075.3
8722,399,2024-10-23 19:03:21.720040,Incomplete,358,3,908.13
8723,589,2024-05-26 06:26:12.156132,Complete,709,2,489.18
8724,818,2024-11-29 00:40:51.281623,Incomplete,113,1,384.84
8725,988,2023-02-08 22:44:01.125909,Incomplete,820,4,811.28
8726,486,2024-03-04 09:15:24.542534,Incomplete,562,1,163.8
8727,459,2024-07-31 12:48:02.653678,Complete,727,3,1221.6
8728,862,2024-12-06 16:34:22.124687,Incomplete,523,2,621.26
8729,412,2024-12-03 00:32:00.216697,Complete,918,4,849.36
8730,31,2023-08-24 07:48:40.258418,Complete,189,4,677.48
8731,389,2023-04-16 02:55:05.953862,Incomplete,927,3,1455.15
8732,226,2023-07-24 15:42:31.468210,Incomplete,760,5,1816.35
8733,618,2024-04-12 21:59:13.095859,Incomplete,971,1,366.63
8734,13,2024-08-28 11:14:36.305609,Incomplete,470,1,395.86
8735,950,2024-12-12 08:25:03.928499,Incomplete,370,4,1158.84
8736,102,2024-11-14 05:05:55.108980,Complete,354,4,673.56
8737,185,2025-01-04 16:17:54.876629,Complete,314,3,395.4
8738,940,2023-08-30 20:48:02.130061,Incomplete,336,3,1062.06
8739,864,2023-03-05 03:35:46.007513,Incomplete,400,4,1779.36
8740,870,2024-07-16 01:10:33.202671,Complete,385,2,108.42
8741,47,2023-10-09 09:17:35.195186,Complete,160,1,98.58
8742,650,2024-11-15 10:26:47.677956,Incomplete,244,3,534.39
8743,351,2024-06-25 15:47:51.193075,Complete,667,2,607.0
8744,886,2023-01-31 19:35:52.241028,Incomplete,832,2,710.2
8745,353,2024-12-15 08:01:42.378771,Complete,612,1,355.76
8746,387,2023-11-16 02:06:30.651549,Complete,613,5,101.55
8747,871,2023-10-05 15:16:30.676033,Complete,651,1,495.65
8748,792,2024-05-03 13:50:13.433909,Incomplete,430,2,591.94
8749,25,2024-12-26 15:02:31.980882,Incomplete,124,4,806.96
8750,757,2023-04-21 22:06:34.880621,Complete,259,3,1380.54
8751,588,2023-12-11 22:49:37.767661,Incomplete,558,1,396.35
8752,277,2024-09-02 19:20:58.823620,Incomplete,360,5,412.65
8753,740,2023-08-31 00:03:06.850482,Incomplete,513,5,1724.55
8754,681,2023-01-30 20:11:47.009596,Incomplete,255,5,1281.85
8755,606,2023-12-12 10:10:26.471652,Complete,742,1,317.64
8756,780,2024-12-11 19:10:51.824648,Complete,181,4,378.32
8757,263,2024-01-11 16:47:41.966185,Complete,152,1,323.86
8758,687,2023-12-22 00:07:49.652654,Incomplete,179,5,861.1
8759,190,2024-01-21 19:54:14.548291,Incomplete,648,3,957.45
8760,450,2023-09-16 18:49:18.374552,Complete,577,2,458.36
8761,464,2024-12-02 11:16:57.772166,Complete,593,1,84.2
8762,608,2024-02-16 17:00:11.692479,Complete,709,1,88.09
8763,228,2024-02-08 02:33:44.677838,Complete,122,4,1895.92
8764,808,2024-02-06 21:59:50.462970,Complete,260,4,211.04
8765,576,2023-12-09 06:56:29.090762,Incomplete,591,4,1702.64
8766,199,2024-11-11 03:12:01.443366,Incomplete,357,5,782.25
8767,544,2023-08-20 04:07:07.542111,Complete,516,4,444.76
8768,734,2024-01-21 08:43:44.508096,Incomplete,404,1,306.43
8769,764,2025-01-05 21:27:19.230863,Incomplete,941,3,430.2
8770,813,2023-04-06 06:58:47.763768,Complete,398,3,828.09
8771,104,2023-11-25 11:29:16.911060,Complete,820,2,879.56
8772,234,2024-07-28 00:30:34.599314,Incomplete,913,5,1818.25
8773,220,2023-05-03 21:23:33.867581,Complete,66,4,1100.72
8774,877,2023-10-21 04:47:05.803212,Incomplete,953,3,1233.6
8775,796,2024-10-21 05:17:00.792088,Incomplete,933,5,595.45
8776,645,2024-01-07 11:16:06.172365,Complete,296,4,403.6
8777,439,2023-10-04 08:06:21.744936,Complete,479,3,247.32
8778,368,2023-05-12 01:13:45.594915,Incomplete,527,1,22.76
8779,790,2024-12-08 07:48:49.602015,Complete,857,1,371.57
8780,262,2024-02-22 21:44:27.209162,Incomplete,248,4,372.32
8781,453,2023-08-05 05:53:23.286691,Complete,459,3,1337.76
8782,878,2024-02-11 05:04:31.055179,Incomplete,495,1,205.53
8783,848,2023-08-11 07:22:30.076853,Incomplete,791,2,338.86
8784,881,2024-08-31 15:56:53.792632,Complete,557,5,1110.6
8785,122,2024-04-27 13:20:30.515095,Complete,618,1,348.03
8786,180,2023-07-26 18:10:27.438665,Incomplete,594,1,229.21
8787,752,2024-08-13 12:54:50.302508,Incomplete,275,2,141.72
8788,543,2023-08-20 03:00:51.555546,Incomplete,474,4,1895.08
8789,707,2024-03-25 20:17:50.102481,Complete,706,2,157.64
8790,678,2024-09-10 06:09:42.428622,Incomplete,368,2,499.32
8791,566,2024-07-04 05:57:13.482896,Complete,665,5,1725.1
8792,449,2024-04-29 08:02:38.315242,Incomplete,512,5,1366.95
8793,103,2024-09-14 06:48:35.168190,Complete,54,2,471.9
8794,306,2023-07-03 10:02:40.153919,Complete,665,5,1704.2
8795,157,2024-10-22 13:38:05.042936,Complete,536,5,96.6
8796,645,2023-05-31 04:39:24.800769,Incomplete,860,2,799.64
8797,839,2024-06-13 13:01:25.615208,Complete,643,2,784.02
8798,219,2024-11-08 21:46:44.815370,Complete,490,5,40.25
8799,22,2024-06-17 19:20:50.479565,Incomplete,318,1,397.64
8800,909,2024-11-18 14:26:30.309807,Incomplete,559,2,179.6
8801,790,2024-10-02 19:05:48.002115,Incomplete,218,1,31.29
8802,483,2023-08-08 09:12:30.092007,Complete,553,3,171.0
8803,251,2023-03-20 19:23:33.547218,Incomplete,511,5,2441.55
8804,842,2023-12-22 17:00:52.441337,Complete,707,4,1338.84
8805,617,2024-04-18 18:05:00.011455,Complete,532,1,345.75
8806,820,2023-12-29 16:44:21.286118,Incomplete,269,5,2199.35
8807,483,2024-10-02 03:44:08.667777,Complete,537,1,437.62
8808,989,2025-01-23 13:26:12.999007,Complete,403,3,346.47
8809,541,2023-06-07 21:16:33.617026,Complete,759,4,267.32
8810,785,2023-10-03 11:38:27.989547,Complete,165,2,723.4
8811,936,2023-10-13 13:43:10.370186,Complete,874,4,1855.88
8812,377,2024-08-22 07:53:45.751550,Incomplete,633,5,2395.7
8813,893,2024-05-30 08:26:40.539208,Complete,875,2,708.66
8814,486,2024-10-31 21:54:21.138478,Incomplete,391,2,868.7
8815,114,2024-08-09 07:34:43.638537,Incomplete,59,4,137.64
8816,938,2024-08-27 02:56:17.007401,Incomplete,348,1,303.9
8817,123,2024-08-11 09:50:03.166274,Complete,394,4,314.08
8818,217,2024-08-28 22:51:14.402833,Complete,150,5,1185.4
8819,289,2024-06-15 15:32:53.196757,Incomplete,795,1,138.38
8820,527,2025-01-07 08:52:30.802556,Complete,621,3,128.85
8821,552,2023-03-06 23:56:27.808695,Complete,617,5,1433.85
8822,479,2024-01-16 10:13:27.850652,Complete,207,4,1062.44
8823,427,2023-03-04 20:56:05.604580,Complete,166,4,1944.6
8824,506,2024-11-11 09:05:24.246714,Complete,969,4,348.84
8825,305,2023-05-08 23:49:46.508042,Incomplete,257,4,143.8
8826,557,2023-07-26 00:29:14.383952,Incomplete,679,5,1740.25
8827,430,2023-07-18 12:01:57.399954,Incomplete,149,1,33.67
8828,740,2023-12-22 09:35:27.897949,Complete,380,1,20.96
8829,885,2024-03-27 03:53:10.231424,Complete,826,1,122.94
8830,928,2023-05-03 07:22:32.424405,Incomplete,248,5,383.15
8831,555,2024-10-11 20:19:32.220582,Complete,384,2,396.94
8832,338,2023-04-24 01:48:47.574908,Incomplete,480,5,2401.85
8833,158,2023-02-09 14:32:46.789093,Incomplete,932,3,1336.74
8834,833,2023-02-14 05:33:09.413069,Incomplete,315,3,1239.54
8835,302,2024-02-23 07:28:41.649204,Complete,617,2,705.2
8836,792,2023-09-02 20:25:49.784397,Complete,398,3,15.45
8837,808,2024-08-25 06:01:11.069573,Complete,450,3,1034.97
8838,769,2024-12-18 23:57:11.717554,Complete,806,4,1053.64
8839,471,2024-12-13 06:29:19.740912,Complete,129,2,311.64
8840,827,2023-12-14 00:23:52.351604,Complete,209,5,1185.95
8841,725,2024-02-20 15:38:16.025452,Complete,673,4,1243.04
8842,185,2024-05-09 09:58:44.901556,Complete,130,5,2320.0
8843,99,2023-06-04 07:53:31.393214,Incomplete,713,5,2167.5
8844,694,2024-02-04 06:54:46.863304,Complete,769,3,1302.42
8845,338,2024-03-31 16:27:05.609541,Incomplete,522,3,178.38
8846,360,2024-11-26 21:59:40.168740,Incomplete,570,4,937.8
8847,778,2023-03-09 08:58:10.927786,Incomplete,885,4,1323.68
8848,68,2024-04-26 03:49:55.615998,Incomplete,544,4,836.56
8849,590,2024-03-15 01:42:41.156886,Incomplete,954,2,951.44
8850,982,2023-10-09 22:24:16.003394,Incomplete,994,5,2165.55
8851,462,2024-05-23 10:54:13.444842,Complete,205,1,434.09
8852,689,2023-02-06 13:44:22.344286,Complete,827,5,2047.2
8853,215,2023-09-21 00:38:05.860269,Incomplete,814,5,136.05
8854,458,2025-01-26 23:55:19.584263,Incomplete,757,2,998.92
8855,699,2023-09-15 02:01:27.431327,Complete,51,3,912.63
8856,913,2023-10-24 20:24:57.637920,Complete,248,2,86.9
8857,512,2024-06-22 12:39:16.896214,Incomplete,738,4,902.0
8858,970,2025-01-12 22:15:49.134238,Incomplete,33,5,1396.35
8859,574,2023-12-29 20:23:42.621532,Incomplete,903,2,994.58
8860,688,2024-11-20 06:34:21.079186,Incomplete,475,2,473.7
8861,860,2023-05-27 21:41:43.192380,Incomplete,213,4,491.28
8862,775,2024-10-07 19:42:55.131248,Incomplete,614,2,170.68
8863,401,2023-12-11 09:40:34.191878,Incomplete,112,1,493.4
8864,875,2024-11-05 16:57:55.208668,Complete,254,4,35.76
8865,341,2024-11-16 23:41:19.528724,Incomplete,786,2,593.5
8866,823,2024-10-30 10:43:55.698686,Incomplete,72,5,1860.75
8867,83,2024-04-23 14:34:45.975510,Incomplete,237,3,939.27
8868,559,2023-07-11 11:46:49.041234,Complete,889,3,1278.6
8869,190,2023-09-14 00:24:04.011713,Complete,602,5,1283.95
8870,872,2024-03-05 14:06:21.340986,Incomplete,806,1,299.06
8871,250,2024-08-18 09:54:04.539924,Complete,352,4,1235.68
8872,469,2023-11-16 18:08:01.027617,Incomplete,958,3,253.71
8873,188,2023-12-30 08:32:48.611233,Complete,158,4,1985.04
8874,6,2024-12-26 12:53:41.895137,Incomplete,784,5,2024.2
8875,936,2024-09-29 10:01:32.149504,Complete,407,3,1361.49
8876,95,2024-06-15 23:56:07.603967,Incomplete,606,5,2173.45
8877,562,2025-01-24 02:46:25.729675,Complete,471,5,27.45
8878,645,2024-11-01 08:40:11.211047,Complete,154,2,716.78
8879,444,2023-08-17 00:11:13.721486,Complete,432,5,1091.5
8880,441,2023-06-15 05:54:31.500268,Incomplete,262,1,313.71
8881,703,2024-11-11 18:01:50.664225,Complete,875,1,213.29
8882,803,2023-02-04 02:06:34.956138,Complete,11,4,910.4
8883,686,2023-10-04 18:37:29.857045,Incomplete,874,2,667.82
8884,123,2023-12-14 18:19:36.596206,Incomplete,83,1,53.33
8885,926,2025-01-15 04:53:51.803585,Complete,208,1,140.28
8886,823,2024-04-21 22:06:03.816051,Complete,468,5,2318.4
8887,565,2024-01-22 04:22:17.876927,Complete,868,2,832.54
8888,316,2023-05-05 03:00:14.407140,Incomplete,885,4,1867.0
8889,45,2023-06-25 07:37:31.696556,Complete,451,3,298.26
8890,896,2024-12-13 15:43:55.623304,Complete,271,4,280.68
8891,268,2024-02-19 23:31:03.523668,Incomplete,334,4,92.16
8892,335,2023-11-03 05:54:25.638267,Complete,572,3,544.92
8893,749,2024-09-20 07:03:50.748334,Complete,884,2,721.94
8894,876,2023-08-22 07:14:36.613544,Complete,873,1,243.07
8895,657,2024-02-16 16:08:42.189243,Complete,856,4,1159.8
8896,337,2023-07-22 05:11:30.295906,Incomplete,221,3,210.87
8897,21,2024-10-10 19:49:21.521175,Complete,216,5,902.05
8898,735,2024-10-31 04:58:50.146159,Complete,803,3,78.72
8899,920,2024-08-31 15:53:33.440557,Incomplete,186,4,128.68
8900,44,2023-05-29 20:23:31.760132,Incomplete,67,5,1560.5
8901,196,2024-09-17 18:25:56.476938,Incomplete,769,2,588.96
8902,961,2024-08-04 21:47:31.555032,Complete,206,4,1996.88
8903,46,2025-01-14 17:51:04.320305,Complete,934,2,397.6
8904,598,2024-07-09 08:05:41.508955,Complete,279,2,453.42
8905,544,2023-10-02 02:46:27.054810,Complete,154,4,438.64
8906,93,2024-10-07 07:26:51.361066,Incomplete,5,4,463.8
8907,951,2024-10-08 01:18:13.905452,Complete,502,3,650.37
8908,608,2024-11-11 04:23:38.609681,Incomplete,582,5,79.95
8909,28,2024-06-18 02:28:09.477709,Complete,349,4,998.4
8910,47,2024-09-25 04:04:30.583441,Incomplete,335,4,1401.32
8911,275,2024-10-14 17:16:18.317159,Complete,600,3,1202.22
8912,173,2024-12-07 11:24:25.881384,Incomplete,765,5,2092.35
8913,709,2023-10-04 22:27:44.295971,Complete,256,3,1156.35
8914,653,2023-06-07 13:21:58.002731,Complete,4,4,590.64
8915,208,2023-05-24 15:19:32.731797,Complete,481,1,261.55
8916,346,2024-07-22 21:50:47.881775,Complete,572,1,133.36
8917,321,2023-04-25 14:49:20.781695,Incomplete,949,2,503.32
8918,436,2023-02-11 18:32:44.675387,Incomplete,804,2,111.4
8919,160,2024-04-05 02:32:18.997634,Complete,95,5,2001.6
8920,119,2023-06-08 19:20:47.092653,Incomplete,399,3,576.66
8921,674,2024-06-19 03:39:15.430919,Incomplete,792,5,1471.85
8922,698,2023-05-08 08:16:53.046424,Incomplete,591,2,970.7
8923,162,2023-12-14 07:32:44.525631,Complete,915,2,92.6
8924,8,2023-05-09 00:11:52.963447,Complete,648,5,876.95
8925,132,2024-12-13 12:08:10.260931,Incomplete,655,5,2006.7
8926,23,2024-08-06 22:32:15.701839,Incomplete,52,1,402.45
8927,580,2024-09-06 08:30:26.099797,Incomplete,425,3,104.19
8928,956,2023-10-29 14:02:03.060777,Incomplete,528,5,2220.35
8929,827,2024-07-19 07:40:24.845978,Incomplete,689,1,13.36
8930,569,2024-02-26 14:23:30.645686,Incomplete,21,4,479.28
8931,485,2024-09-22 09:21:39.037456,Incomplete,543,4,1464.76
8932,99,2024-10-25 05:14:34.680586,Incomplete,53,5,2412.6
8933,392,2023-09-08 23:14:47.340264,Incomplete,100,5,1895.15
8934,452,2023-07-01 22:21:31.398741,Incomplete,223,1,431.59
8935,451,2023-02-28 15:25:19.440963,Complete,480,2,91.98
8936,765,2024-10-31 00:25:51.978803,Complete,934,2,728.2
8937,866,2023-02-27 05:25:32.893869,Incomplete,769,2,531.08
8938,119,2024-03-21 08:17:41.588144,Complete,512,2,466.68
8939,424,2024-11-22 10:53:23.452934,Incomplete,973,3,1041.45
8940,536,2024-06-26 02:59:30.133984,Complete,125,4,1636.64
8941,19,2023-07-02 13:05:04.512400,Complete,80,2,214.48
8942,54,2024-09-22 19:42:17.134320,Incomplete,386,3,1100.55
8943,151,2023-06-24 20:43:58.753613,Incomplete,733,5,1542.7
8944,381,2024-09-10 11:38:29.250504,Complete,22,1,139.47
8945,623,2024-12-19 15:01:56.575270,Incomplete,422,2,536.5
8946,847,2024-01-31 10:20:12.971337,Incomplete,154,5,1920.5
8947,678,2023-07-01 00:40:55.733991,Incomplete,547,4,1808.76
8948,744,2024-12-12 14:24:32.662211,Incomplete,179,5,99.55
8949,659,2023-11-23 12:05:44.102409,Complete,837,4,1926.48
8950,672,2024-10-01 17:46:01.547933,Complete,316,1,406.63
8951,966,2025-01-19 12:47:53.147264,Incomplete,914,5,1890.2
8952,39,2024-03-02 07:15:06.106931,Incomplete,364,2,21.32
8953,338,2023-01-31 23:08:00.035213,Complete,946,5,1054.5
8954,775,2023-04-21 10:23:24.932170,Complete,824,3,1125.57
8955,442,2024-06-15 09:53:09.787450,Complete,528,3,250.92
8956,248,2024-09-10 18:51:25.239524,Incomplete,829,4,275.88
8957,267,2024-11-28 09:33:27.614975,Incomplete,713,1,211.01
8958,369,2023-06-04 14:38:42.808290,Complete,713,1,135.34
8959,334,2023-09-21 10:08:46.872616,Complete,669,2,986.98
8960,8,2023-09-15 05:00:01.628124,Complete,968,5,2429.0
8961,59,2023-12-26 05:11:04.027227,Complete,426,5,2300.75
8962,587,2023-10-12 09:45:14.038446,Incomplete,508,1,158.94
8963,884,2024-03-02 04:51:02.030235,Complete,546,4,1856.64
8964,674,2023-12-06 17:32:26.988479,Complete,839,5,2173.8
8965,719,2023-09-03 18:01:01.042727,Incomplete,133,2,787.88
8966,44,2024-03-31 19:54:15.898173,Complete,346,3,967.14
8967,733,2024-07-31 14:19:06.603444,Complete,242,2,464.74
8968,706,2023-09-07 11:43:22.327179,Complete,461,2,661.68
8969,360,2024-01-29 12:39:44.040062,Complete,593,1,407.66
8970,953,2024-01-15 19:00:03.232411,Incomplete,247,2,519.32
8971,862,2024-10-09 22:42:04.217612,Incomplete,243,5,1604.0
8972,344,2024-02-04 10:23:16.538642,Complete,592,5,399.55
8973,882,2023-07-28 23:27:45.507044,Complete,960,1,218.74
8974,745,2024-01-18 18:17:54.749493,Complete,493,4,1228.56
8975,146,2023-08-06 23:30:02.235250,Incomplete,536,1,335.58
8976,205,2024-01-04 20:41:19.788156,Incomplete,820,5,1011.85
8977,95,2024-06-24 18:22:33.259533,Complete,544,5,332.45
8978,499,2023-08-17 03:28:13.095332,Complete,167,3,893.31
8979,18,2024-05-22 11:02:01.712266,Complete,633,1,492.34
8980,535,2023-06-18 08:28:51.819800,Incomplete,237,1,185.34
8981,347,2024-10-20 17:52:18.294028,Incomplete,580,2,26.56
8982,576,2025-01-15 10:01:04.538787,Incomplete,840,5,2117.25
8983,132,2023-07-29 21:26:16.881879,Complete,564,4,97.12
8984,909,2024-11-06 18:47:02.390423,Incomplete,442,4,1341.56
8985,170,2024-03-24 16:56:27.713374,Complete,883,5,184.75
8986,406,2024-02-20 22:58:15.245782,Incomplete,848,5,1598.15
8987,873,2023-06-07 22:31:57.092127,Complete,628,4,328.92
8988,147,2023-08-14 11:50:16.690172,Incomplete,100,4,1433.0
8989,361,2023-12-09 11:15:12.316175,Incomplete,590,1,269.19
8990,675,2024-09-12 22:58:47.512798,Incomplete,96,2,523.98
8991,517,2023-05-06 22:19:24.680635,Incomplete,247,1,455.13
8992,358,2023-05-17 16:57:15.873578,Complete,495,5,681.25
8993,803,2025-01-22 22:28:55.092968,Incomplete,818,5,219.9
8994,572,2023-06-29 07:57:58.120014,Incomplete,808,1,375.68
8995,856,2023-10-18 01:53:43.581006,Complete,653,2,448.74
8996,773,2025-01-02 10:57:56.352007,Incomplete,979,1,309.21
8997,829,2023-07-14 11:45:52.308037,Incomplete,383,4,1398.56
8998,886,2024-11-19 04:03:04.340306,Incomplete,668,3,786.51
8999,955,2024-06-02 12:31:43.884238,Incomplete,509,1,67.24
9000,681,2024-10-21 04:15:13.547372,Incomplete,888,1,488.8
9001,889,2024-04-11 03:30:53.764532,Complete,117,5,942.65
9002,41,2024-03-09 13:08:49.691843,Incomplete,38,4,1562.84
9003,26,2023-10-15 07:33:50.381064,Incomplete,251,2,698.32
9004,204,2023-11-20 21:44:23.158353,Complete,940,5,1668.05
9005,324,2023-04-25 11:34:00.275843,Incomplete,246,3,276.39
9006,96,2024-06-13 14:03:43.336679,Complete,194,2,927.02
9007,244,2024-03-19 04:22:09.772850,Incomplete,436,5,2142.0
9008,450,2024-08-16 04:26:07.205909,Incomplete,282,4,1746.72
9009,799,2024-03-25 06:40:15.908682,Incomplete,480,4,1878.88
9010,791,2023-11-27 18:53:58.178104,Incomplete,705,4,123.52
9011,605,2024-07-16 13:32:48.601630,Complete,710,4,1771.36
9012,723,2025-01-16 08:11:45.137378,Complete,612,4,933.56
9013,924,2024-12-05 10:57:46.904431,Complete,508,5,1570.0
9014,420,2023-03-08 01:20:48.650217,Complete,672,4,1746.56
9015,980,2024-07-20 15:34:12.972207,Incomplete,700,3,1487.85
9016,264,2024-11-26 16:29:44.205143,Incomplete,753,5,142.2
9017,297,2024-01-15 08:24:10.638090,Incomplete,64,2,981.7
9018,994,2024-04-06 15:19:47.011363,Complete,770,4,299.96
9019,835,2024-06-27 02:54:51.511845,Incomplete,482,3,517.17
9020,566,2023-04-22 21:24:04.237804,Incomplete,927,4,1601.6
9021,277,2024-01-18 03:55:26.169540,Incomplete,817,1,72.93
9022,407,2023-11-04 21:45:07.949370,Incomplete,412,2,695.78
9023,648,2024-05-16 21:20:42.027797,Incomplete,319,2,977.92
9024,649,2024-05-30 22:11:27.407695,Complete,833,4,437.44
9025,76,2024-08-23 10:33:11.665475,Incomplete,520,5,2212.25
9026,750,2024-08-06 23:46:53.376972,Incomplete,437,2,721.2
9027,944,2024-05-26 06:05:23.332273,Incomplete,300,1,447.55
9028,696,2024-01-26 11:25:58.313572,Incomplete,43,3,653.19
9029,846,2024-10-06 20:01:41.964049,Complete,819,4,531.68
9030,58,2024-07-30 17:15:31.817168,Incomplete,275,3,714.87
9031,340,2024-07-30 11:36:55.769498,Complete,526,2,458.16
9032,636,2023-09-24 07:24:40.315925,Complete,636,4,1880.96
9033,685,2024-12-18 19:39:28.573623,Complete,836,3,986.46
9034,759,2023-11-16 10:24:20.338893,Complete,421,1,410.0
9035,383,2024-06-20 04:50:28.322206,Incomplete,872,2,584.72
9036,806,2024-03-28 16:26:01.586680,Incomplete,214,5,2101.6
9037,418,2024-03-20 05:19:16.430619,Complete,684,1,391.52
9038,994,2023-07-13 17:47:09.901032,Complete,419,1,342.93
9039,881,2024-01-15 07:55:49.391695,Complete,56,5,966.75
9040,227,2024-10-13 23:20:56.411578,Incomplete,813,1,353.16
9041,260,2023-12-11 08:08:25.568563,Incomplete,27,4,898.52
9042,887,2023-10-09 13:20:17.277302,Incomplete,971,4,1907.72
9043,141,2023-06-22 21:03:30.282949,Incomplete,456,3,307.44
9044,534,2024-02-19 18:04:17.147213,Incomplete,349,4,832.24
9045,944,2023-08-28 09:43:00.064604,Incomplete,949,4,1370.88
9046,48,2024-04-17 19:05:44.848928,Complete,97,5,1023.7
9047,173,2024-11-20 06:01:03.916080,Incomplete,393,5,2228.95
9048,554,2023-05-06 14:24:52.758956,Incomplete,203,4,1019.88
9049,942,2023-09-12 16:29:46.267896,Complete,278,3,939.81
9050,695,2023-05-26 20:55:42.307442,Complete,437,2,871.44
9051,172,2024-08-24 01:02:42.450223,Incomplete,237,4,499.76
9052,261,2023-08-07 10:56:25.118205,Incomplete,922,2,689.28
9053,238,2023-07-04 02:16:46.369663,Complete,555,3,1286.07
9054,79,2024-05-13 00:48:56.832005,Complete,221,4,1232.4
9055,87,2023-07-03 22:01:07.507677,Complete,47,1,251.82
9056,453,2023-12-08 15:19:21.214836,Complete,587,5,2431.15
9057,438,2024-06-23 13:46:23.422041,Complete,772,5,1683.65
9058,772,2023-08-03 18:13:43.714606,Complete,856,4,753.52
9059,618,2023-08-03 14:23:27.382117,Complete,575,2,281.6
9060,762,2023-03-24 08:56:34.661129,Complete,816,2,743.86
9061,646,2024-09-09 20:29:02.943873,Complete,224,4,304.52
9062,41,2024-01-20 22:20:43.487760,Complete,405,5,779.6
9063,999,2023-02-17 11:24:38.446024,Complete,6,4,1352.32
9064,166,2024-08-31 09:38:26.777606,Complete,781,3,160.44
9065,98,2024-06-25 03:01:54.863249,Incomplete,337,2,760.82
9066,188,2024-04-13 02:43:25.549789,Complete,222,1,312.99
9067,468,2023-07-07 13:08:41.616177,Incomplete,785,2,599.08
9068,420,2023-11-05 14:58:09.052624,Incomplete,231,5,1623.5
9069,804,2023-09-10 07:04:54.766390,Incomplete,180,4,661.08
9070,618,2024-05-01 03:58:10.301014,Complete,732,1,50.97
9071,927,2025-01-02 10:03:04.780330,Incomplete,480,4,969.36
9072,115,2023-12-16 05:21:46.849874,Complete,784,4,1097.68
9073,116,2023-02-11 10:55:12.603307,Complete,801,4,1643.48
9074,193,2024-05-29 23:49:16.194106,Incomplete,800,5,2158.15
9075,237,2023-04-17 22:40:47.328414,Complete,244,4,441.8
9076,1,2023-08-04 03:44:39.352037,Complete,237,1,166.61
9077,307,2024-09-12 12:44:05.954283,Incomplete,565,2,792.76
9078,866,2024-12-11 03:01:09.984290,Complete,150,5,257.85
9079,3,2024-05-21 13:16:09.035854,Incomplete,658,4,181.84
9080,676,2024-01-12 04:44:13.199798,Complete,878,4,355.16
9081,443,2023-09-10 16:45:58.522057,Incomplete,577,4,957.68
9082,42,2025-01-07 03:07:41.890940,Incomplete,621,3,1488.15
9083,410,2023-09-11 15:58:36.161975,Complete,99,2,582.5
9084,550,2024-02-26 16:29:08.195298,Complete,550,3,579.6
9085,631,2024-12-30 20:55:53.693153,Complete,746,2,137.44
9086,275,2023-12-27 21:58:21.330844,Incomplete,541,4,1592.4
9087,489,2024-09-21 05:37:19.353642,Complete,27,5,778.85
9088,674,2024-08-07 04:19:23.355374,Complete,613,1,307.54
9089,356,2023-06-20 03:07:00.499080,Incomplete,815,1,334.35
9090,127,2024-08-14 18:55:58.951195,Incomplete,408,2,34.52
9091,223,2025-01-26 20:19:20.097560,Complete,167,1,405.27
9092,551,2023-11-18 00:45:24.857428,Incomplete,187,1,314.25
9093,172,2023-10-01 14:09:40.534158,Complete,659,2,86.26
9094,677,2023-10-27 14:39:41.488769,Incomplete,550,2,226.42
9095,988,2024-09-18 08:19:57.540323,Complete,213,1,11.5
9096,332,2023-02-24 01:11:09.021323,Complete,542,1,125.22
9097,815,2023-10-11 15:17:36.840973,Complete,70,1,336.46
9098,12,2024-05-28 09:03:03.235340,Incomplete,933,1,13.08
9099,279,2024-06-30 15:55:44.324273,Incomplete,836,2,663.32
9100,558,2024-09-20 05:30:56.940840,Incomplete,111,2,999.84
9101,73,2024-02-18 01:39:58.812034,Incomplete,118,5,469.1
9102,237,2023-07-25 15:05:37.734737,Incomplete,526,2,737.04
9103,98,2023-10-10 01:25:30.968050,Incomplete,537,2,630.94
9104,506,2024-10-05 17:20:10.582404,Incomplete,280,2,587.7
9105,165,2024-12-23 15:12:43.367147,Incomplete,367,1,346.25
9106,653,2024-11-29 00:52:13.727268,Complete,995,5,2488.3
9107,433,2024-04-13 14:32:24.692204,Incomplete,21,5,120.0
9108,62,2023-04-08 14:56:37.464947,Incomplete,718,5,2453.4
9109,460,2024-11-12 16:15:17.740959,Complete,467,2,398.5
9110,824,2023-09-04 13:25:52.359269,Complete,241,2,960.82
9111,24,2025-01-19 09:07:57.932663,Complete,330,2,568.04
9112,39,2024-08-07 00:45:06.082381,Incomplete,906,1,35.09
9113,147,2023-02-03 05:32:54.045245,Complete,926,3,489.3
9114,330,2024-08-07 09:58:50.764734,Incomplete,445,1,73.76
9115,145,2025-01-11 17:43:32.465657,Complete,477,4,799.72
9116,545,2023-04-04 00:43:15.070446,Incomplete,895,5,1140.6
9117,856,2024-04-10 10:36:27.910933,Complete,633,1,79.06
9118,558,2023-06-10 19:28:04.756631,Incomplete,990,4,55.32
9119,72,2024-10-12 19:09:21.591658,Complete,707,2,361.14
9120,52,2024-07-03 04:07:46.617242,Incomplete,131,2,895.94
9121,183,2023-06-10 17:07:01.820127,Incomplete,1000,4,1436.96
9122,299,2023-07-10 13:15:13.449174,Complete,110,5,769.6
9123,128,2025-01-19 07:12:44.948743,Incomplete,534,2,624.18
9124,949,2023-11-02 23:04:03.382454,Incomplete,518,3,503.1
9125,86,2023-10-22 13:05:54.664719,Complete,942,3,79.65
9126,149,2024-02-20 05:51:41.491972,Complete,78,4,1551.72
9127,626,2023-12-04 00:45:26.832926,Complete,763,5,850.55
9128,26,2023-05-19 01:42:19.468320,Complete,196,4,1933.64
9129,960,2024-07-12 02:15:50.816723,Incomplete,695,4,84.88
9130,66,2024-12-06 04:48:23.942175,Complete,783,3,777.51
9131,111,2024-11-13 20:14:26.492945,Incomplete,553,1,223.82
9132,188,2023-06-21 17:05:50.573550,Incomplete,690,4,334.6
9133,759,2024-11-01 21:00:04.157718,Complete,411,2,676.0
9134,838,2024-07-15 18:20:48.960710,Complete,177,1,323.64
9135,192,2024-04-17 01:27:08.634577,Incomplete,95,4,1483.44
9136,587,2025-01-11 07:11:37.096663,Incomplete,948,2,696.98
9137,675,2024-08-21 13:58:48.030615,Incomplete,587,4,960.12
9138,438,2024-09-28 06:14:44.186522,Complete,137,2,365.44
9139,836,2024-05-26 09:30:22.088359,Incomplete,689,1,426.56
9140,66,2024-11-23 11:43:14.349969,Complete,730,1,343.23
9141,958,2023-08-25 05:33:15.414208,Complete,325,2,864.32
9142,295,2024-11-22 01:18:07.287539,Incomplete,66,1,289.75
9143,475,2023-11-28 02:02:35.678556,Complete,63,2,27.4
9144,848,2023-11-11 05:14:47.045911,Incomplete,522,5,1135.6
9145,110,2024-01-23 00:52:15.443021,Complete,169,5,1196.25
9146,873,2024-03-07 06:03:57.045009,Complete,469,1,75.68
9147,764,2023-10-27 21:52:01.455602,Complete,950,3,225.78
9148,843,2023-07-05 12:52:29.070932,Complete,122,3,1026.93
9149,877,2024-08-27 13:08:40.681213,Incomplete,162,1,209.17
9150,286,2023-04-09 15:57:53.594027,Incomplete,567,5,1736.3
9151,700,2023-02-26 17:16:16.839902,Incomplete,585,3,1424.28
9152,562,2023-05-16 05:04:30.370121,Complete,443,1,122.74
9153,746,2023-08-08 01:05:50.174022,Complete,999,5,1471.0
9154,409,2024-02-26 21:30:39.618108,Incomplete,362,4,1885.96
9155,925,2023-10-11 15:11:20.374413,Incomplete,602,4,1689.52
9156,788,2024-12-17 14:10:10.202396,Complete,427,2,882.86
9157,29,2024-01-07 13:25:12.669133,Incomplete,920,4,915.32
9158,211,2024-03-15 06:38:27.030342,Incomplete,56,3,659.91
9159,942,2024-12-18 13:52:40.597095,Incomplete,868,2,22.06
9160,17,2024-08-27 23:22:55.290792,Complete,743,5,452.8
9161,436,2023-04-01 02:46:29.209756,Incomplete,198,5,1974.25
9162,468,2024-07-22 11:34:23.324766,Complete,835,1,83.57
9163,866,2024-01-14 10:51:00.538502,Incomplete,870,5,726.5
9164,661,2023-12-31 13:33:04.928099,Complete,100,1,102.62
9165,556,2024-03-12 10:17:42.485255,Complete,782,5,1284.25
9166,849,2023-10-22 05:39:02.665704,Incomplete,610,2,91.04
9167,648,2024-05-21 10:14:02.616135,Complete,832,2,436.76
9168,724,2024-03-14 08:13:11.990937,Incomplete,853,5,1007.1
9169,659,2024-05-08 23:01:16.115664,Incomplete,733,2,232.3
9170,698,2024-06-24 12:00:20.827521,Incomplete,81,2,92.52
9171,904,2024-02-19 19:36:55.929024,Incomplete,470,5,370.75
9172,284,2024-11-16 08:37:40.974115,Incomplete,811,2,842.68
9173,652,2024-05-30 11:53:38.207132,Incomplete,800,3,937.05
9174,160,2023-05-20 10:13:34.851500,Incomplete,89,5,2319.0
9175,867,2024-06-10 03:44:33.177699,Complete,847,4,181.84
9176,919,2023-12-30 18:16:49.684105,Complete,409,2,831.18
9177,330,2024-03-17 08:53:20.519987,Incomplete,49,2,11.88
9178,101,2024-12-30 09:42:13.505010,Incomplete,877,4,298.76
9179,351,2024-02-18 06:57:57.951828,Incomplete,574,5,1551.8
9180,289,2023-04-22 23:20:39.056162,Incomplete,912,5,553.55
9181,541,2023-03-09 09:07:20.777194,Incomplete,576,3,586.47
9182,980,2023-02-10 09:24:33.160982,Incomplete,770,2,377.52
9183,212,2023-06-29 03:53:21.754515,Complete,220,3,1133.61
9184,513,2024-04-08 07:04:48.156200,Complete,105,1,321.74
9185,922,2023-05-04 08:22:05.197214,Incomplete,197,4,629.72
9186,389,2024-09-01 05:25:25.246537,Incomplete,536,1,416.32
9187,988,2024-11-26 08:34:23.567217,Incomplete,818,3,116.07
9188,458,2023-04-28 02:33:20.106533,Complete,421,3,1497.75
9189,378,2024-06-06 10:00:01.236777,Incomplete,641,2,421.46
9190,33,2023-12-13 00:28:37.296588,Incomplete,244,4,519.4
9191,201,2024-02-21 20:04:28.880052,Complete,831,1,135.55
9192,712,2023-04-16 20:34:13.535551,Complete,710,4,1434.36
9193,105,2023-12-06 22:03:11.078103,Complete,80,2,912.36
9194,101,2023-05-12 02:52:51.909198,Incomplete,158,3,906.12
9195,926,2024-04-11 03:19:05.924418,Incomplete,132,4,551.88
9196,984,2023-05-21 12:59:29.095597,Incomplete,435,4,695.84
9197,748,2024-06-07 01:57:14.013246,Incomplete,624,4,1036.4
9198,831,2024-10-05 23:02:12.127067,Incomplete,265,1,103.85
9199,860,2024-04-30 01:23:56.364350,Incomplete,879,3,372.96
9200,413,2023-09-04 15:28:01.955370,Incomplete,451,4,282.8
9201,890,2024-09-13 15:29:54.052845,Complete,901,3,196.83
9202,873,2023-05-24 03:17:00.874120,Complete,126,4,1517.12
9203,143,2024-08-30 13:59:25.230319,Complete,638,5,2038.5
9204,45,2024-10-02 13:05:42.426628,Complete,906,1,231.67
9205,127,2023-08-31 17:49:25.222055,Incomplete,606,2,360.92
9206,216,2024-03-01 11:56:11.921996,Incomplete,720,4,1403.32
9207,517,2023-04-11 15:43:59.698755,Complete,778,2,550.96
9208,728,2024-10-15 17:42:12.890124,Incomplete,783,3,1025.82
9209,560,2023-08-25 12:35:24.467750,Incomplete,956,3,142.92
9210,935,2024-11-24 18:10:41.793098,Complete,456,1,306.35
9211,871,2023-03-11 18:23:42.143113,Complete,20,5,722.15
9212,98,2023-09-15 18:56:56.695346,Complete,79,1,210.69
9213,104,2024-06-25 02:42:31.399264,Complete,640,4,1939.72
9214,242,2024-09-15 17:45:36.527924,Incomplete,972,3,185.37
9215,548,2023-04-08 16:19:52.588044,Complete,833,1,408.46
9216,517,2024-03-13 00:55:52.424990,Incomplete,54,4,1459.24
9217,833,2023-12-14 01:03:06.115343,Complete,475,1,478.04
9218,460,2024-12-15 19:21:37.381562,Complete,479,5,2112.2
9219,352,2024-03-09 20:55:16.758428,Complete,384,1,46.27
9220,756,2023-09-14 02:44:05.842793,Incomplete,209,4,1019.48
9221,736,2023-12-29 23:22:36.552256,Incomplete,610,1,336.42
9222,871,2023-09-25 03:35:34.653961,Complete,561,3,343.44
9223,950,2023-02-13 20:40:44.576408,Incomplete,264,3,883.68
9224,145,2024-08-26 14:19:30.272640,Incomplete,822,5,1189.5
9225,474,2024-05-22 16:55:40.101580,Incomplete,32,2,669.98
9226,888,2024-10-26 20:20:18.467415,Complete,184,4,1271.84
9227,474,2023-02-14 08:36:05.430817,Incomplete,740,2,923.08
9228,576,2023-05-18 19:48:40.200237,Incomplete,153,4,1266.56
9229,958,2023-07-20 02:54:36.232066,Complete,477,3,971.67
9230,722,2023-07-16 05:06:19.503574,Complete,878,5,1158.5
9231,252,2024-06-10 08:19:22.134114,Incomplete,404,4,388.2
9232,490,2024-03-04 18:06:51.433922,Complete,194,4,1239.12
9233,754,2023-02-16 03:54:51.408152,Incomplete,206,3,699.99
9234,876,2024-02-05 22:58:50.197679,Complete,910,2,973.3
9235,264,2025-01-26 10:28:40.805606,Incomplete,107,1,23.33
9236,495,2024-07-20 00:32:21.376802,Complete,912,5,1199.3
9237,818,2024-11-28 11:37:58.320972,Complete,919,2,207.58
9238,925,2023-10-31 09:19:16.425682,Incomplete,512,5,2183.3
9239,436,2024-02-07 05:37:44.139203,Incomplete,384,5,572.75
9240,848,2023-01-30 01:34:25.040550,Incomplete,773,4,1373.08
9241,179,2024-07-12 01:13:13.660187,Complete,987,2,268.34
9242,313,2023-07-09 19:24:28.659203,Incomplete,373,5,2449.25
9243,284,2023-07-12 09:02:39.259126,Complete,34,2,522.82
9244,372,2023-12-01 18:33:34.434263,Complete,433,5,625.8
9245,207,2024-10-24 23:56:09.957197,Complete,999,2,830.36
9246,980,2024-06-06 02:23:12.187869,Incomplete,935,5,2446.9
9247,922,2023-06-07 02:40:53.851166,Complete,215,4,89.12
9248,11,2023-03-21 02:44:20.504822,Complete,973,2,784.94
9249,703,2023-02-25 19:18:44.003274,Incomplete,424,5,2450.0
9250,260,2024-11-30 12:06:08.601542,Complete,396,4,201.64
9251,498,2023-04-16 05:48:18.111007,Incomplete,743,2,538.86
9252,533,2023-07-01 05:31:40.044220,Complete,42,3,451.59
9253,887,2023-07-23 03:13:04.525676,Complete,619,4,796.2
9254,416,2025-01-17 11:43:37.326250,Incomplete,492,2,558.66
9255,380,2023-06-16 23:24:54.872399,Incomplete,187,3,355.8
9256,168,2023-04-11 08:34:38.397433,Complete,857,2,762.74
9257,465,2023-06-03 03:34:12.071059,Complete,971,2,575.4
9258,866,2023-04-27 16:30:04.326596,Complete,968,1,329.84
9259,447,2023-10-04 14:35:28.034062,Complete,966,5,1693.9
9260,629,2024-08-17 03:20:31.079238,Incomplete,602,2,14.1
9261,19,2024-11-09 09:07:40.163652,Complete,946,2,778.36
9262,646,2024-07-22 13:15:18.579313,Incomplete,542,4,543.12
9263,609,2023-10-04 18:25:02.617402,Complete,987,4,998.96
9264,792,2024-03-04 12:06:22.262038,Incomplete,800,5,1425.4
9265,168,2023-09-19 21:15:48.079049,Incomplete,881,2,584.78
9266,998,2024-10-14 08:33:47.997516,Complete,730,4,1475.68
9267,604,2024-11-21 00:37:37.070416,Complete,125,5,1410.0
9268,10,2024-09-22 11:19:38.756168,Incomplete,295,1,373.48
9269,144,2024-02-08 06:22:32.389391,Complete,293,1,62.7
9270,349,2023-02-17 22:10:44.593559,Incomplete,235,1,45.87
9271,538,2023-08-18 02:10:16.686150,Incomplete,900,2,113.76
9272,258,2023-02-07 08:07:34.043606,Complete,319,3,1007.73
9273,174,2023-08-02 18:48:36.817703,Complete,855,2,447.14
9274,219,2024-11-27 04:29:20.425812,Incomplete,17,2,242.1
9275,985,2024-05-01 12:29:25.791519,Incomplete,433,2,358.16
9276,745,2024-03-25 13:02:24.328911,Complete,481,3,173.61
9277,782,2024-02-16 18:16:31.852566,Complete,175,3,1290.51
9278,2,2024-09-17 19:08:39.844975,Complete,915,5,1728.75
9279,245,2024-05-20 00:39:09.064349,Incomplete,700,4,567.64
9280,917,2023-02-19 22:02:49.204028,Complete,466,2,615.78
9281,912,2024-11-10 06:16:38.105928,Incomplete,870,1,215.27
9282,222,2024-02-21 11:16:33.785334,Complete,183,2,295.86
9283,27,2024-07-04 01:58:28.705880,Complete,945,2,401.86
9284,10,2024-04-25 14:58:54.706777,Incomplete,568,3,355.71
9285,234,2023-04-27 15:24:34.588455,Complete,178,4,1766.12
9286,139,2024-10-04 12:54:54.153574,Incomplete,748,3,816.78
9287,817,2023-02-10 17:45:35.824376,Complete,601,3,986.61
9288,92,2024-03-27 19:03:23.499897,Incomplete,368,5,161.15
9289,163,2023-07-25 04:43:54.048495,Incomplete,956,3,529.95
9290,698,2023-11-15 03:52:39.559911,Incomplete,208,1,164.76
9291,820,2024-08-21 05:55:48.006274,Complete,739,2,905.52
9292,780,2024-12-29 14:17:18.910885,Complete,581,2,175.56
9293,15,2023-12-10 22:29:47.363770,Incomplete,600,2,127.38
9294,138,2024-02-26 13:10:47.938345,Complete,54,3,196.29
9295,708,2024-10-30 22:12:32.294402,Incomplete,313,2,100.7
9296,574,2024-11-24 06:59:44.243431,Complete,320,4,534.84
9297,506,2023-03-20 09:08:33.539826,Incomplete,42,1,420.21
9298,217,2023-02-17 18:04:48.942244,Complete,670,1,170.97
9299,932,2024-02-16 00:49:09.280776,Incomplete,155,2,311.2
9300,980,2023-11-07 10:38:39.556933,Incomplete,443,3,412.05
9301,911,2023-11-17 07:40:06.324916,Complete,155,5,1131.5
9302,151,2024-07-31 15:44:53.122306,Complete,365,4,1586.8
9303,96,2024-11-10 14:49:49.758706,Incomplete,547,5,249.35
9304,585,2023-02-05 11:41:45.178442,Incomplete,226,5,704.45
9305,577,2023-12-19 21:25:01.931386,Complete,279,2,128.56
9306,188,2024-09-20 19:11:12.700769,Incomplete,106,1,444.14
9307,861,2023-07-02 09:29:27.919471,Incomplete,986,4,1564.96
9308,600,2024-11-19 14:16:16.837036,Complete,627,5,727.6
9309,196,2023-02-04 02:43:26.931122,Complete,154,1,423.26
9310,655,2024-06-30 19:00:13.104670,Incomplete,621,1,204.2
9311,684,2024-03-28 22:00:26.433858,Incomplete,654,1,413.5
9312,37,2023-12-16 17:29:21.777960,Complete,124,2,847.88
9313,860,2024-04-05 11:10:05.507721,Complete,83,5,2040.95
9314,427,2023-02-07 10:31:03.752833,Incomplete,868,5,1465.8
9315,361,2024-03-11 00:26:51.982319,Incomplete,248,1,407.67
9316,138,2023-02-02 01:53:52.439739,Incomplete,269,4,403.96
9317,128,2023-11-21 03:27:44.349668,Incomplete,464,2,31.98
9318,988,2024-04-20 11:08:37.111242,Complete,301,3,752.1
9319,721,2023-03-08 23:23:28.010058,Incomplete,534,4,199.48
9320,750,2023-10-09 22:06:40.486803,Complete,912,2,512.04
9321,957,2023-10-04 00:56:49.404691,Incomplete,846,4,1999.92
9322,652,2023-07-06 00:22:22.788121,Incomplete,2,1,164.42
9323,908,2024-03-14 20:31:05.149255,Incomplete,408,4,382.6
9324,166,2024-05-16 04:10:47.496667,Incomplete,769,4,1146.24
9325,455,2023-02-06 05:44:54.165761,Complete,349,2,195.68
9326,858,2023-12-15 13:42:29.675237,Complete,563,1,465.84
9327,299,2024-05-18 16:42:21.977107,Complete,511,2,188.76
9328,281,2024-12-06 09:06:33.905158,Complete,609,5,2463.6
9329,366,2024-10-31 03:13:41.287800,Complete,450,1,121.64
9330,701,2023-11-26 01:51:33.275520,Complete,903,3,872.01
9331,743,2023-07-22 22:22:22.145967,Complete,140,3,933.93
9332,674,2024-04-10 22:32:20.411665,Incomplete,170,3,119.13
9333,641,2024-01-18 12:21:00.250111,Complete,390,5,1899.55
9334,500,2024-07-26 02:41:11.203607,Incomplete,851,4,1356.4
9335,711,2024-01-19 11:36:00.602581,Complete,47,3,951.03
9336,682,2024-10-21 13:41:23.103088,Complete,358,1,283.01
9337,734,2023-07-10 05:26:45.231662,Complete,635,2,207.92
9338,52,2024-07-11 16:04:17.199324,Incomplete,472,1,299.9
9339,210,2024-05-18 01:47:24.508455,Complete,57,4,748.52
9340,978,2024-11-10 17:56:13.888930,Complete,247,2,231.94
9341,207,2024-08-19 23:28:59.987718,Incomplete,833,1,477.73
9342,345,2024-12-15 03:30:57.748633,Incomplete,35,1,154.31
9343,560,2023-12-16 22:30:02.463517,Incomplete,341,3,853.98
9344,125,2023-06-14 01:35:25.563307,Incomplete,979,1,225.01
9345,130,2023-06-25 22:53:20.745864,Complete,250,1,398.0
9346,918,2024-08-13 06:28:42.580767,Incomplete,503,4,1694.96
9347,536,2024-05-14 00:56:08.468814,Complete,635,3,697.56
9348,76,2023-11-22 12:47:35.650300,Incomplete,710,3,52.74
9349,687,2024-07-27 16:30:42.200498,Complete,199,3,792.87
9350,106,2023-06-30 20:38:37.564430,Incomplete,943,1,410.26
9351,159,2023-02-01 13:04:29.862105,Incomplete,644,2,994.84
9352,153,2024-04-16 15:37:15.963085,Incomplete,488,2,191.0
9353,977,2024-02-13 23:54:41.179723,Incomplete,8,5,534.95
9354,761,2024-10-24 07:29:02.253669,Incomplete,250,3,744.54
9355,436,2023-06-04 05:44:39.323403,Complete,144,2,855.7
9356,144,2023-11-15 23:09:05.148563,Incomplete,333,4,488.56
9357,904,2024-05-19 13:25:50.849556,Complete,554,1,158.11
9358,363,2023-06-27 04:11:48.723792,Incomplete,908,2,70.34
9359,838,2023-09-12 02:51:56.070622,Incomplete,480,3,767.07
9360,866,2024-01-14 10:11:01.673355,Incomplete,71,1,459.14
9361,557,2024-07-20 10:46:24.704189,Complete,902,1,62.75
9362,37,2023-10-21 18:36:07.835747,Complete,442,3,42.45
9363,836,2023-07-14 15:59:00.095934,Incomplete,81,5,1842.05
9364,754,2023-08-23 18:52:25.580822,Complete,14,5,2282.15
9365,742,2024-08-19 18:17:03.357127,Complete,754,5,1002.65
9366,248,2024-09-06 22:35:32.947273,Complete,457,2,854.44
9367,180,2023-07-09 17:11:55.994723,Incomplete,565,1,463.34
9368,882,2023-02-26 13:54:28.953188,Incomplete,650,5,835.6
9369,236,2024-10-02 18:20:19.307558,Complete,617,4,213.36
9370,236,2024-03-28 11:57:40.532537,Incomplete,886,4,1771.88
9371,871,2023-02-04 15:05:20.149998,Complete,892,5,979.3
9372,722,2023-08-02 17:09:37.713913,Incomplete,326,1,435.97
9373,221,2023-08-27 01:42:00.442323,Incomplete,166,3,1342.47
9374,954,2024-11-26 04:49:38.785077,Complete,19,5,743.05
9375,832,2025-01-20 16:59:51.015765,Complete,969,2,939.84
9376,581,2024-11-20 15:47:43.568138,Incomplete,968,1,76.31
9377,19,2023-06-07 22:40:21.891533,Incomplete,308,4,1601.4
9378,124,2023-09-13 08:31:47.343570,Incomplete,703,5,2119.35
9379,848,2024-08-11 02:41:09.762481,Complete,899,5,417.95
9380,424,2024-11-23 18:33:56.166464,Incomplete,372,3,265.53
9381,855,2024-01-01 19:50:36.119471,Complete,123,3,651.42
9382,982,2024-10-08 14:40:11.616268,Incomplete,993,5,1967.05
9383,145,2023-08-20 03:14:21.564855,Complete,495,4,659.8
9384,669,2023-02-04 10:43:13.794675,Complete,17,4,1110.92
9385,442,2023-07-01 18:41:48.751996,Complete,224,5,432.4
9386,478,2025-01-12 17:20:34.850050,Incomplete,969,3,997.92
9387,412,2023-11-21 15:43:37.292072,Incomplete,261,5,1259.95
9388,823,2023-09-28 02:07:52.240224,Incomplete,577,2,416.14
9389,5,2024-07-01 09:14:06.447140,Complete,411,3,1442.94
9390,426,2024-04-08 19:14:36.854855,Complete,627,4,1890.12
9391,378,2023-08-04 08:48:33.337437,Incomplete,998,5,263.0
9392,273,2023-11-16 04:47:24.096616,Complete,493,1,143.43
9393,151,2023-02-12 19:43:15.255572,Complete,635,4,564.24
9394,655,2023-05-20 03:34:24.740365,Incomplete,248,4,1396.84
9395,299,2024-09-08 07:14:25.649212,Incomplete,368,3,1165.86
9396,645,2023-09-10 03:24:46.178699,Complete,159,1,75.53
9397,960,2024-04-15 17:33:08.422492,Incomplete,632,5,331.0
9398,845,2023-09-27 08:50:05.473763,Complete,839,1,464.15
9399,484,2024-01-04 02:09:29.219504,Complete,817,4,940.44
9400,946,2024-10-03 04:07:41.906052,Incomplete,876,3,815.76
9401,532,2023-02-28 08:26:15.821841,Complete,673,5,2322.35
9402,944,2024-06-20 21:21:30.395704,Complete,523,5,447.7
9403,718,2024-02-29 10:59:01.140799,Incomplete,821,4,1356.76
9404,104,2024-06-25 05:47:34.027909,Complete,289,5,1887.2
9405,749,2024-11-06 07:22:40.254069,Complete,472,4,1109.64
9406,623,2024-08-08 20:37:08.836479,Incomplete,621,2,657.52
9407,49,2023-09-12 14:33:47.637023,Incomplete,752,1,294.69
9408,889,2024-04-17 22:10:29.219243,Complete,164,3,680.58
9409,354,2024-11-06 19:37:59.556762,Incomplete,867,3,849.09
9410,313,2023-12-07 22:49:40.332544,Incomplete,673,1,37.98
9411,796,2023-05-15 06:38:52.871400,Incomplete,606,3,1492.23
9412,838,2023-05-25 11:34:05.016283,Complete,56,3,907.11
9413,657,2024-09-09 04:26:00.397596,Incomplete,157,3,1337.19
9414,540,2024-12-16 10:32:37.118522,Complete,285,3,337.32
9415,262,2025-01-12 22:23:58.108987,Complete,201,4,1800.52
9416,607,2024-10-23 19:38:21.035275,Incomplete,926,3,1073.22
9417,319,2024-03-24 19:58:52.245760,Complete,531,2,139.44
9418,70,2024-10-03 02:56:42.727033,Complete,438,3,1283.7
9419,133,2023-06-26 03:21:55.559357,Incomplete,835,2,763.82
9420,483,2024-07-19 04:08:23.338916,Complete,359,2,995.7
9421,868,2024-06-06 03:12:25.640204,Incomplete,703,3,445.02
9422,588,2023-05-07 11:49:59.387790,Complete,569,5,229.45
9423,412,2023-07-16 22:16:21.001120,Complete,499,3,123.6
9424,366,2024-01-07 03:08:18.407622,Complete,325,4,893.36
9425,637,2024-01-17 10:40:30.571174,Incomplete,408,5,2487.45
9426,981,2023-02-20 02:15:54.562832,Incomplete,182,5,1392.7
9427,503,2024-01-02 21:17:04.364097,Incomplete,375,5,97.75
9428,197,2024-07-02 03:28:48.853952,Complete,28,4,215.8
9429,40,2023-04-11 18:18:58.359343,Complete,838,5,1753.8
9430,380,2024-09-21 12:26:07.519591,Complete,736,1,157.96
9431,85,2023-10-14 09:32:06.924685,Incomplete,426,1,205.66
9432,969,2023-04-10 04:39:32.884005,Complete,11,2,327.96
9433,459,2023-03-14 07:40:13.189196,Incomplete,166,4,344.08
9434,526,2023-03-23 07:31:56.835474,Incomplete,258,5,1394.05
9435,342,2024-10-22 19:10:29.515491,Incomplete,622,4,1739.72
9436,534,2024-06-02 04:03:14.887883,Incomplete,165,5,2003.15
9437,238,2023-05-25 16:31:00.408473,Incomplete,497,3,1204.47
9438,522,2025-01-17 20:33:28.508756,Complete,553,4,1552.16
9439,182,2023-05-24 01:09:10.576319,Complete,381,4,392.6
9440,148,2023-07-12 13:24:21.252750,Incomplete,248,4,612.84
9441,465,2024-10-01 10:14:39.684668,Complete,131,3,661.74
9442,284,2023-10-10 03:37:22.655972,Complete,466,1,373.07
9443,400,2023-04-18 23:35:28.900517,Complete,3,2,172.02
9444,215,2025-01-12 18:58:56.720002,Incomplete,707,4,1762.64
9445,18,2023-03-14 11:11:18.516447,Incomplete,1,3,758.4
9446,855,2024-12-24 12:29:58.646842,Complete,291,4,491.92
9447,503,2023-10-24 12:07:50.155060,Complete,434,1,124.94
9448,20,2024-03-31 04:20:12.930280,Complete,284,2,166.98
9449,968,2024-05-15 17:06:25.311891,Complete,811,3,531.18
9450,451,2023-04-14 15:09:13.726891,Incomplete,558,4,1382.12
9451,831,2023-02-20 03:41:19.313421,Incomplete,318,4,1293.8
9452,821,2023-06-20 19:40:38.659032,Incomplete,220,5,65.6
9453,719,2024-11-13 03:05:16.971828,Complete,957,1,289.17
9454,598,2023-09-25 04:14:02.622049,Incomplete,7,3,1157.79
9455,678,2024-11-25 18:11:04.078444,Incomplete,560,3,458.46
9456,421,2024-08-01 08:49:16.809298,Incomplete,35,3,434.46
9457,763,2024-01-10 06:20:42.951035,Complete,904,3,1328.52
9458,209,2023-08-15 13:54:05.510442,Incomplete,830,4,1359.16
9459,506,2024-04-17 06:47:09.484683,Complete,772,5,1366.5
9460,696,2024-09-28 17:21:33.461366,Incomplete,168,5,2031.6
9461,360,2024-08-13 02:55:51.289889,Incomplete,200,4,1926.32
9462,120,2023-11-09 00:28:24.326466,Incomplete,152,2,274.18
9463,649,2023-07-21 07:04:50.307177,Complete,202,4,670.4
9464,486,2024-03-13 23:05:37.346305,Incomplete,984,1,103.67
9465,399,2024-03-28 18:17:33.777477,Incomplete,901,5,1351.25
9466,821,2024-08-28 12:07:00.061338,Incomplete,840,1,160.91
9467,556,2024-04-12 23:24:18.953060,Incomplete,43,3,154.5
9468,561,2024-04-06 17:37:04.156548,Incomplete,901,2,549.2
9469,560,2024-01-15 16:23:20.496709,Complete,716,4,733.84
9470,42,2024-01-31 02:35:36.205283,Incomplete,461,2,82.32
9471,714,2024-03-26 07:07:29.902436,Incomplete,13,3,957.27
9472,879,2023-11-13 11:42:38.829735,Complete,540,4,143.12
9473,736,2024-03-03 14:31:53.749411,Complete,566,1,441.99
9474,791,2023-06-08 10:38:47.696288,Incomplete,81,2,371.08
9475,791,2024-02-15 09:50:55.746613,Complete,645,4,385.64
9476,529,2024-03-29 23:40:34.790710,Incomplete,238,3,788.01
9477,838,2024-07-28 04:58:47.271225,Incomplete,81,1,5.34
9478,519,2023-06-18 06:03:35.279987,Incomplete,846,2,648.3
9479,671,2024-10-18 23:40:41.458426,Incomplete,203,3,815.25
9480,944,2024-09-14 15:14:23.546593,Complete,776,2,50.02
9481,95,2023-08-20 01:04:23.521854,Incomplete,509,4,1074.08
9482,595,2023-07-31 01:11:51.483421,Complete,756,5,724.35
9483,561,2024-07-05 18:51:37.340716,Incomplete,344,4,1920.12
9484,391,2023-10-29 10:11:44.123299,Complete,750,4,427.44
9485,300,2024-01-02 14:24:36.769738,Incomplete,772,2,557.96
9486,459,2024-06-23 16:28:00.091695,Complete,102,4,1911.2
9487,176,2024-03-13 21:54:15.745561,Incomplete,957,1,372.67
9488,961,2024-05-09 20:03:32.120377,Complete,422,5,1738.15
9489,610,2023-10-25 10:39:26.184439,Complete,171,5,876.15
9490,927,2023-07-17 07:26:47.411474,Complete,307,3,948.87
9491,979,2024-05-07 22:12:43.638253,Complete,842,2,426.52
9492,220,2023-05-30 00:09:36.870569,Incomplete,555,2,260.6
9493,34,2024-07-01 22:18:30.353480,Incomplete,560,4,205.48
9494,71,2024-02-02 10:23:10.164836,Complete,365,5,1957.5
9495,716,2023-08-30 02:14:51.104849,Complete,76,2,634.72
9496,519,2023-05-17 15:00:39.261482,Incomplete,527,4,1649.24
9497,206,2023-07-06 19:19:51.897452,Incomplete,420,2,88.68
9498,528,2025-01-21 02:20:38.753721,Incomplete,396,2,638.46
9499,86,2023-12-26 12:48:23.819487,Incomplete,411,3,66.9
9500,431,2024-06-05 04:26:23.720734,Incomplete,544,3,210.75
9501,762,2024-11-21 05:26:31.800620,Incomplete,10,2,209.08
9502,57,2023-04-23 05:58:54.561666,Incomplete,694,4,847.52
9503,507,2023-05-18 21:15:26.187609,Incomplete,704,4,1012.36
9504,566,2024-01-30 10:13:40.443487,Complete,919,4,1209.76
9505,994,2023-07-13 07:30:44.755533,Complete,833,2,723.06
9506,870,2025-01-19 11:16:01.274392,Complete,154,5,738.4
9507,559,2024-12-26 12:44:55.641097,Complete,147,3,1287.27
9508,50,2023-05-14 15:36:16.553712,Incomplete,679,2,726.02
9509,714,2023-08-14 22:29:50.411315,Complete,386,1,318.55
9510,81,2024-02-29 04:59:52.967062,Incomplete,791,5,759.05
9511,591,2023-09-29 08:28:47.873685,Incomplete,979,1,69.84
9512,23,2023-07-13 04:57:57.520888,Incomplete,274,5,1293.0
9513,429,2024-10-16 20:48:39.934925,Complete,725,2,251.96
9514,636,2024-06-27 16:17:27.852284,Incomplete,53,5,895.85
9515,313,2024-04-26 07:57:10.940606,Incomplete,562,4,1302.92
9516,739,2024-12-21 00:37:57.039321,Incomplete,481,5,387.1
9517,706,2024-03-04 16:35:17.445654,Complete,158,3,458.46
9518,94,2023-10-31 09:37:36.800070,Incomplete,908,5,249.5
9519,541,2024-03-22 08:06:23.372881,Complete,751,3,1497.51
9520,498,2023-12-17 05:01:46.264174,Incomplete,380,1,145.87
9521,19,2023-12-16 11:54:23.597281,Incomplete,43,2,698.54
9522,514,2025-01-26 00:22:04.915784,Incomplete,160,4,688.88
9523,894,2023-02-01 06:54:26.169990,Incomplete,462,5,2094.15
9524,467,2023-02-27 01:59:31.724284,Complete,421,5,1042.15
9525,974,2024-05-05 17:59:03.340461,Incomplete,900,1,179.28
9526,55,2024-11-06 08:48:59.380810,Incomplete,807,5,485.3
9527,889,2023-03-01 07:32:11.713735,Incomplete,619,3,1194.96
9528,872,2024-01-07 06:19:16.455488,Complete,138,5,1329.9
9529,342,2024-10-14 02:00:05.942157,Complete,915,2,674.28
9530,135,2024-05-16 05:51:36.190921,Complete,132,3,1429.53
9531,130,2024-08-12 05:52:57.225876,Complete,126,1,435.05
9532,217,2023-10-02 14:31:07.705105,Complete,168,4,678.4
9533,858,2024-12-18 22:35:30.976269,Incomplete,3,1,378.75
9534,535,2023-02-17 10:51:34.029772,Incomplete,821,1,147.87
9535,691,2023-11-18 19:01:49.871528,Incomplete,988,2,948.78
9536,416,2023-04-06 17:54:57.966444,Complete,856,5,1794.75
9537,507,2023-05-12 23:03:57.354778,Complete,466,1,241.26
9538,698,2024-05-15 11:33:22.393145,Incomplete,54,3,1303.8
9539,928,2024-04-10 16:58:28.107416,Complete,847,2,971.6
9540,456,2024-07-04 19:22:43.387481,Complete,516,5,1065.85
9541,421,2024-04-04 05:42:55.269090,Incomplete,658,3,1200.42
9542,990,2023-12-25 22:49:56.652287,Complete,543,3,1118.85
9543,87,2023-07-12 19:04:30.699413,Complete,52,5,1947.9
9544,237,2024-11-17 12:01:24.832701,Complete,470,3,100.59
9545,584,2023-08-01 16:00:28.203186,Complete,261,5,1811.6
9546,15,2024-11-24 12:19:12.945358,Complete,791,3,651.6
9547,290,2023-02-23 11:42:24.748595,Incomplete,588,3,545.61
9548,570,2024-10-05 03:41:55.169877,Complete,226,2,710.28
9549,993,2023-06-16 04:07:14.258914,Complete,268,3,714.81
9550,281,2024-09-19 12:15:07.785562,Incomplete,228,5,2276.6
9551,911,2024-07-09 17:44:58.945151,Incomplete,649,2,505.06
9552,445,2023-09-04 08:55:40.085532,Incomplete,234,3,728.79
9553,628,2024-12-12 11:12:18.199796,Incomplete,775,4,499.96
9554,819,2025-01-15 16:24:30.761850,Incomplete,205,4,1446.72
9555,803,2023-07-11 19:29:33.024134,Complete,740,5,1073.7
9556,247,2023-03-10 08:46:50.650501,Complete,1,1,410.49
9557,50,2023-12-08 00:32:17.579051,Incomplete,715,4,557.2
9558,765,2023-10-06 18:51:40.729983,Incomplete,566,2,894.82
9559,923,2023-10-31 14:26:03.082058,Complete,343,4,318.24
9560,722,2024-01-24 13:07:00.529608,Complete,690,4,1658.72
9561,426,2023-06-15 01:41:14.317645,Complete,83,5,312.95
9562,941,2023-05-07 15:29:21.871992,Complete,187,4,1392.08
9563,377,2023-12-23 18:59:50.169798,Complete,130,4,886.8
9564,852,2023-09-23 12:44:29.868527,Complete,458,4,1430.2
9565,340,2024-04-17 04:25:19.601183,Incomplete,699,2,474.34
9566,675,2024-11-23 01:48:42.356047,Incomplete,944,2,569.04
9567,951,2024-07-27 15:20:51.628280,Complete,133,5,727.35
9568,771,2024-02-07 18:11:34.445208,Complete,684,2,90.78
9569,675,2023-02-17 19:40:53.330383,Incomplete,204,3,1498.62
9570,149,2023-09-22 22:45:29.978418,Complete,584,1,444.92
9571,953,2024-10-17 16:50:38.038399,Incomplete,533,4,1600.4
9572,474,2024-08-25 21:00:23.605717,Complete,477,4,731.36
9573,509,2023-03-21 00:43:07.420573,Incomplete,698,1,78.98
9574,816,2024-10-21 14:51:52.124117,Complete,560,1,148.06
9575,19,2024-04-22 02:17:21.250539,Complete,788,1,416.28
9576,574,2024-03-19 06:32:43.824193,Incomplete,354,2,165.14
9577,313,2024-06-29 11:42:08.069221,Complete,338,3,1465.53
9578,225,2023-04-25 23:59:54.813029,Complete,738,3,1435.56
9579,763,2024-11-25 11:30:51.885162,Incomplete,270,4,1441.76
9580,496,2023-05-10 05:21:32.550902,Incomplete,294,4,308.64
9581,925,2024-07-14 16:53:50.495261,Incomplete,703,2,267.22
9582,13,2024-12-19 23:17:20.509715,Incomplete,163,3,1393.89
9583,799,2023-10-15 17:04:04.227217,Complete,915,4,638.96
9584,916,2024-01-10 01:18:51.683205,Complete,195,1,431.34
9585,317,2024-12-28 05:35:02.041150,Complete,438,3,1492.59
9586,246,2023-10-22 00:45:36.371066,Complete,693,1,163.39
9587,275,2023-03-03 18:50:11.380622,Complete,711,5,1066.9
9588,401,2024-08-20 22:30:51.803202,Complete,742,4,1328.52
9589,55,2023-06-25 03:38:18.907012,Incomplete,909,3,1301.19
9590,275,2023-07-24 05:43:38.507701,Incomplete,702,1,253.82
9591,978,2024-06-05 23:31:01.481264,Incomplete,162,5,864.4
9592,323,2023-05-19 10:18:04.977278,Incomplete,68,2,729.78
9593,131,2023-03-10 11:13:37.818176,Complete,556,4,107.32
9594,294,2024-06-28 15:53:54.798478,Complete,54,5,96.6
9595,166,2023-02-14 16:40:42.922364,Complete,855,5,1491.05
9596,876,2024-02-10 19:47:27.678362,Incomplete,282,2,900.24
9597,251,2023-02-09 17:18:08.981071,Incomplete,942,5,1655.25
9598,829,2023-08-02 15:55:27.921222,Incomplete,696,1,418.55
9599,31,2024-09-30 16:24:37.765421,Complete,243,1,192.22
9600,895,2024-11-10 12:38:33.345887,Complete,932,3,803.49
9601,496,2024-09-03 09:38:38.206642,Complete,805,1,29.56
9602,962,2023-06-19 23:22:30.212952,Complete,684,4,666.64
9603,828,2023-03-24 06:09:37.879361,Complete,342,2,75.58
9604,369,2024-12-15 12:18:16.863598,Complete,232,2,984.3
9605,612,2024-04-01 21:18:31.327018,Incomplete,633,1,484.44
9606,475,2023-08-22 15:44:28.340902,Incomplete,374,3,1114.32
9607,746,2024-09-15 06:51:27.149230,Incomplete,960,3,336.69
9608,297,2023-03-02 17:18:07.480944,Complete,626,2,285.34
9609,39,2023-07-03 00:19:40.472116,Complete,436,3,820.08
9610,351,2023-05-17 13:36:59.511428,Incomplete,500,4,207.72
9611,967,2024-09-08 18:35:49.168491,Incomplete,114,5,1570.65
9612,352,2024-08-08 07:24:58.656458,Complete,425,3,380.58
9613,600,2023-10-15 20:08:09.638501,Incomplete,628,5,620.9
9614,377,2023-06-12 20:35:38.736515,Complete,168,2,19.78
9615,839,2023-06-17 05:15:09.558508,Complete,246,2,492.34
9616,179,2024-05-10 01:36:44.042249,Complete,582,2,217.06
9617,842,2023-09-30 15:51:06.713759,Incomplete,480,3,475.86
9618,852,2024-05-18 21:09:28.069498,Complete,265,2,446.54
9619,288,2024-02-19 14:06:28.548013,Incomplete,974,2,864.28
9620,154,2024-02-28 01:24:08.508085,Complete,543,4,1412.0
9621,579,2023-04-30 10:38:12.801226,Incomplete,17,5,297.1
9622,523,2023-09-06 00:05:39.982891,Incomplete,700,4,1982.12
9623,56,2023-06-27 07:06:41.304202,Incomplete,293,5,153.3
9624,781,2024-04-20 06:40:51.056004,Incomplete,222,4,1495.8
9625,540,2024-06-15 06:00:28.758142,Complete,581,5,570.6
9626,408,2024-10-18 14:23:02.075341,Complete,160,1,368.24
9627,489,2024-03-28 08:58:19.430966,Complete,182,2,773.74
9628,672,2024-11-01 16:53:01.231374,Incomplete,197,4,433.36
9629,838,2023-05-02 13:30:14.100185,Incomplete,511,2,859.1
9630,277,2024-02-08 05:43:02.409079,Incomplete,159,2,601.18
9631,121,2023-05-27 02:15:33.415621,Incomplete,146,2,754.74
9632,596,2024-03-23 00:09:20.401155,Complete,618,3,912.42
9633,944,2023-10-19 06:45:15.521655,Incomplete,272,4,204.4
9634,850,2024-12-30 07:04:54.116270,Incomplete,508,2,636.72
9635,618,2024-09-10 13:34:28.515784,Complete,381,1,232.83
9636,200,2025-01-16 01:16:56.134867,Complete,581,4,1613.4
9637,577,2023-12-07 05:39:12.806936,Complete,378,5,2003.0
9638,424,2024-02-15 02:28:56.762786,Complete,29,4,1868.16
9639,164,2024-02-02 16:54:49.868960,Incomplete,439,2,439.8
9640,399,2023-08-20 03:45:20.221673,Incomplete,253,2,447.24
9641,364,2024-03-04 03:51:46.452143,Complete,946,5,359.35
9642,652,2024-11-11 18:28:38.679995,Incomplete,173,4,1646.72
9643,760,2024-05-16 04:00:56.227069,Incomplete,693,3,888.57
9644,631,2023-12-16 12:30:13.771302,Incomplete,654,1,220.96
9645,950,2023-12-01 06:24:57.662709,Incomplete,81,5,1229.95
9646,921,2024-02-23 00:05:54.371840,Complete,66,2,953.46
9647,154,2024-12-21 16:59:32.718686,Incomplete,489,2,552.86
9648,456,2024-01-20 16:53:59.703035,Complete,645,4,166.84
9649,303,2025-01-17 05:55:19.727541,Incomplete,639,4,1834.2
9650,465,2023-04-15 20:20:03.364666,Incomplete,558,1,300.91
9651,979,2023-09-23 22:07:54.712995,Incomplete,996,5,2479.0
9652,462,2024-07-19 02:45:31.746341,Complete,973,1,388.41
9653,827,2024-04-16 06:59:04.002388,Incomplete,865,3,1448.97
9654,75,2023-03-03 08:35:04.915555,Complete,701,2,868.24
9655,25,2023-12-30 07:03:16.437934,Complete,553,5,499.25
9656,686,2024-09-17 14:27:33.326076,Complete,514,3,925.65
9657,327,2025-01-12 20:25:00.985761,Complete,327,2,628.64
9658,470,2024-12-05 19:32:42.889362,Incomplete,143,4,1152.04
9659,331,2024-09-25 10:35:22.002639,Incomplete,848,5,499.3
9660,951,2023-08-21 06:54:49.392096,Incomplete,378,4,192.0
9661,1,2025-01-27 09:57:54.710136,Complete,811,1,66.2
9662,211,2024-09-14 09:05:13.028947,Complete,528,5,971.0
9663,503,2023-09-30 20:32:16.555383,Complete,245,5,2399.55
9664,897,2023-02-10 05:38:51.510054,Incomplete,428,2,463.9
9665,726,2023-08-30 08:47:16.402580,Incomplete,423,5,79.2
9666,288,2023-07-15 07:11:30.040535,Complete,589,4,1772.16
9667,852,2024-10-28 09:36:06.266153,Incomplete,254,5,1646.05
9668,899,2023-12-12 07:33:37.464221,Complete,813,2,869.62
9669,436,2023-12-28 23:16:30.810303,Complete,689,3,1338.84
9670,914,2023-05-19 22:26:28.445956,Complete,394,4,183.08
9671,312,2023-02-11 15:13:16.292753,Incomplete,745,3,1494.33
9672,244,2023-02-10 04:29:47.994754,Incomplete,839,5,1908.2
9673,33,2024-04-08 14:05:07.802314,Complete,440,2,452.48
9674,729,2024-10-16 03:45:30.807081,Incomplete,609,2,826.8
9675,705,2023-12-08 13:57:43.087841,Incomplete,78,1,27.92
9676,225,2024-02-23 16:40:44.305294,Incomplete,769,4,1606.04
9677,159,2023-03-07 17:43:17.076468,Complete,196,3,893.61
9678,804,2023-06-14 16:24:00.490445,Complete,308,2,420.5
9679,729,2024-04-10 02:22:49.325378,Complete,416,4,1662.92
9680,809,2023-11-18 23:52:36.887565,Complete,412,3,1420.32
9681,168,2023-03-17 16:28:16.465632,Complete,149,2,347.7
9682,275,2024-01-18 05:39:06.273919,Complete,595,5,839.25
9683,297,2024-01-17 00:01:30.208023,Complete,353,5,1752.1
9684,900,2023-02-17 10:18:52.043524,Complete,483,2,841.44
9685,547,2024-07-16 20:21:29.287169,Incomplete,333,4,1903.36
9686,358,2024-05-15 16:43:27.116544,Complete,905,5,1753.9
9687,551,2024-02-15 06:44:26.579169,Complete,176,3,1192.65
9688,806,2024-10-30 13:52:59.571657,Incomplete,974,1,230.67
9689,81,2024-03-09 18:31:50.991013,Complete,174,5,1373.55
9690,41,2024-04-30 03:44:13.391726,Complete,487,5,630.55
9691,763,2023-07-27 23:07:25.321537,Incomplete,315,2,763.54
9692,448,2024-09-25 20:53:02.364591,Incomplete,620,3,1232.37
9693,142,2023-09-19 18:19:20.555779,Incomplete,597,4,1235.12
9694,387,2024-02-19 14:53:22.057241,Incomplete,409,2,748.34
9695,362,2024-07-07 22:32:21.381310,Complete,839,1,19.62
9696,170,2024-02-21 11:35:05.704278,Complete,777,2,675.52
9697,287,2024-02-04 12:12:46.739235,Incomplete,605,4,1506.68
9698,780,2023-04-13 05:33:27.512825,Complete,807,3,510.81
9699,824,2023-03-12 23:14:36.613469,Incomplete,880,5,389.95
9700,241,2024-04-29 12:14:02.723963,Incomplete,464,3,1136.19
9701,268,2024-11-02 15:47:56.067537,Incomplete,659,4,123.8
9702,595,2023-03-08 06:06:25.399432,Complete,6,2,51.12
9703,455,2025-01-11 18:32:38.023382,Complete,165,2,956.34
9704,13,2024-11-18 02:29:39.084787,Incomplete,660,4,1554.44
9705,392,2023-10-08 15:56:22.575494,Complete,761,4,382.8
9706,388,2025-01-13 04:02:00.600424,Complete,859,5,307.75
9707,620,2023-12-04 20:07:15.684702,Incomplete,717,5,476.5
9708,53,2025-01-19 08:45:25.032907,Incomplete,601,4,1730.2
9709,697,2025-01-12 11:23:49.225252,Complete,39,3,819.45
9710,91,2024-04-27 18:37:27.464641,Complete,42,1,219.35
9711,156,2024-11-19 12:10:36.945011,Incomplete,479,4,476.96
9712,892,2024-12-14 10:00:49.250191,Incomplete,714,1,22.88
9713,832,2024-06-19 19:53:46.702387,Complete,102,4,608.44
9714,896,2023-03-26 10:27:19.583209,Complete,556,5,367.35
9715,160,2024-01-15 06:38:42.566083,Complete,488,3,626.76
9716,853,2025-01-19 15:52:24.052819,Complete,724,4,1111.0
9717,657,2023-11-07 05:33:54.181124,Complete,269,2,115.74
9718,118,2024-05-28 10:44:18.166286,Incomplete,802,2,67.22
9719,559,2023-05-07 07:20:50.038741,Incomplete,132,5,612.35
9720,121,2024-05-16 21:17:53.737990,Incomplete,706,5,558.3
9721,85,2023-12-02 10:39:43.265462,Incomplete,93,2,826.88
9722,734,2024-11-11 10:54:51.195329,Complete,247,2,760.28
9723,729,2024-12-28 10:11:54.636038,Complete,207,5,2223.15
9724,621,2023-10-15 23:21:16.270748,Complete,794,5,2452.1
9725,677,2024-01-22 07:17:33.144957,Incomplete,850,1,65.79
9726,724,2023-06-04 01:47:33.271443,Incomplete,398,3,1350.27
9727,336,2024-12-29 06:14:45.852558,Complete,490,2,74.24
9728,155,2023-11-24 06:45:50.862062,Incomplete,50,2,474.16
9729,940,2024-05-24 17:15:20.751665,Incomplete,574,1,276.95
9730,151,2023-10-03 15:59:16.007241,Incomplete,300,3,1129.92
9731,970,2023-10-18 16:35:51.729044,Complete,210,1,399.67
9732,295,2023-03-24 02:14:27.895661,Incomplete,37,3,1244.55
9733,338,2024-04-30 00:03:29.414826,Complete,888,4,881.16
9734,188,2023-08-27 08:45:27.408014,Complete,766,5,2384.3
9735,372,2024-12-02 08:11:20.461263,Complete,438,3,1393.71
9736,905,2024-07-17 04:19:48.789613,Complete,447,1,437.16
9737,897,2023-04-18 08:57:00.082027,Incomplete,187,2,396.78
9738,509,2024-08-24 16:35:50.316103,Complete,749,3,397.68
9739,685,2023-02-10 16:24:41.513713,Complete,923,2,192.28
9740,645,2024-09-22 19:02:07.427091,Complete,234,1,210.19
9741,348,2024-01-16 14:36:21.980465,Incomplete,540,5,1779.45
9742,140,2024-08-15 12:43:58.808040,Complete,72,3,1076.25
9743,380,2025-01-04 23:26:56.955011,Complete,985,3,244.05
9744,303,2023-08-21 01:28:19.637301,Complete,813,1,455.69
9745,175,2023-08-19 20:31:56.628268,Complete,564,1,167.49
9746,397,2023-10-09 18:38:02.573504,Incomplete,717,3,1227.15
9747,357,2024-08-28 14:51:47.779014,Incomplete,807,3,1209.45
9748,276,2024-05-16 18:56:20.768067,Complete,368,1,290.88
9749,527,2023-12-09 00:42:53.706778,Complete,747,2,952.5
9750,152,2024-05-04 17:50:54.095032,Incomplete,269,5,1210.15
9751,9,2024-01-29 13:39:07.845692,Complete,137,1,491.84
9752,421,2024-05-30 14:17:21.620522,Incomplete,14,3,614.46
9753,217,2024-04-01 00:02:30.929092,Complete,474,2,67.24
9754,1,2024-09-10 08:49:50.053752,Complete,273,2,459.4
9755,46,2024-04-03 04:49:07.176723,Complete,974,4,1781.72
9756,288,2024-12-06 02:05:46.599956,Incomplete,409,1,349.25
9757,337,2023-07-17 16:43:37.030847,Incomplete,531,4,931.68
9758,188,2024-02-24 08:34:58.179694,Complete,332,3,1237.5
9759,530,2024-02-12 00:18:16.157268,Incomplete,326,2,46.78
9760,112,2024-10-11 05:14:28.400362,Incomplete,744,1,11.91
9761,142,2023-10-27 03:59:59.029118,Incomplete,461,2,814.18
9762,89,2024-07-03 11:25:35.309933,Incomplete,662,5,1069.1
9763,144,2023-04-02 01:10:42.154591,Incomplete,373,1,108.11
9764,586,2024-12-01 12:28:41.875681,Incomplete,729,3,302.49
9765,844,2023-08-30 14:33:53.852377,Complete,946,2,259.84
9766,938,2024-04-09 10:25:29.954254,Complete,145,3,876.21
9767,912,2024-01-07 08:42:25.516779,Incomplete,612,2,44.8
9768,97,2023-07-12 21:43:52.390533,Complete,751,3,560.46
9769,687,2023-12-01 19:52:12.073055,Incomplete,267,2,845.76
9770,829,2024-06-30 13:41:33.426911,Complete,279,3,200.1
9771,912,2023-06-15 03:25:30.175167,Complete,266,5,38.95
9772,272,2025-01-19 07:47:33.560671,Incomplete,797,1,364.29
9773,641,2024-07-01 18:27:21.320590,Incomplete,858,1,266.91
9774,95,2024-01-12 23:01:14.599586,Incomplete,620,3,766.17
9775,399,2024-11-07 13:14:28.194156,Incomplete,109,5,2387.05
9776,934,2023-10-16 23:59:05.834627,Complete,681,1,477.18
9777,308,2023-05-21 23:14:58.521317,Complete,793,4,781.32
9778,12,2023-07-22 14:56:55.049902,Complete,644,3,618.78
9779,313,2024-12-01 13:41:06.519440,Complete,619,5,973.9
9780,972,2023-08-24 13:35:26.587159,Incomplete,459,4,1100.68
9781,895,2023-11-01 17:45:38.953911,Complete,68,3,1319.88
9782,281,2023-05-11 00:52:37.135995,Complete,924,3,258.24
9783,557,2024-04-20 09:18:57.248346,Incomplete,575,3,1467.66
9784,188,2024-05-15 23:58:49.675069,Complete,908,2,351.6
9785,549,2025-01-18 09:36:26.113642,Complete,781,4,932.28
9786,393,2023-05-13 04:09:42.575129,Incomplete,429,4,207.12
9787,174,2023-02-21 15:18:15.721029,Incomplete,753,1,287.49
9788,251,2023-12-07 06:50:42.227034,Incomplete,691,2,618.18
9789,323,2025-01-11 18:22:54.466015,Complete,796,1,242.18
9790,100,2023-08-06 21:22:42.518155,Incomplete,574,2,374.9
9791,645,2024-10-11 00:18:39.746224,Incomplete,220,2,338.66
9792,321,2023-06-22 19:43:41.296821,Complete,620,2,585.64
9793,373,2023-04-23 23:16:45.824589,Complete,240,2,615.34
9794,781,2025-01-19 13:16:20.080908,Incomplete,437,1,383.67
9795,633,2024-08-17 04:16:59.601801,Complete,754,5,1924.4
9796,51,2023-03-10 13:17:52.541280,Incomplete,504,5,1220.1
9797,983,2024-12-12 21:37:59.796954,Complete,401,1,219.02
9798,739,2024-04-25 08:37:29.295058,Incomplete,370,1,385.08
9799,390,2024-06-07 04:07:04.899816,Incomplete,892,2,750.06
9800,296,2023-12-23 03:51:15.205586,Complete,8,1,413.57
9801,314,2024-05-06 22:43:41.415283,Complete,526,3,427.65
9802,811,2024-02-12 11:19:53.500951,Incomplete,645,3,333.72
9803,270,2023-06-30 07:14:34.775321,Complete,892,1,476.75
9804,592,2023-07-12 11:12:36.425328,Complete,93,4,770.48
9805,566,2024-10-25 18:57:13.053314,Incomplete,589,4,828.2
9806,731,2024-12-26 03:24:17.201712,Incomplete,99,2,635.88
9807,779,2024-04-10 17:43:54.822300,Incomplete,612,5,575.95
9808,339,2023-04-14 08:32:51.651450,Complete,146,3,804.99
9809,644,2023-06-04 14:02:21.222431,Incomplete,791,4,542.2
9810,978,2023-12-25 09:20:20.598946,Incomplete,877,5,821.55
9811,870,2024-08-17 06:52:52.153923,Complete,398,4,406.68
9812,950,2023-09-20 21:26:48.825147,Complete,58,4,129.28
9813,318,2024-04-16 02:46:34.474120,Complete,732,5,1709.6
9814,537,2024-07-14 20:37:42.226798,Complete,159,3,1301.28
9815,277,2024-01-26 13:37:02.213070,Incomplete,858,4,916.72
9816,219,2023-03-12 18:40:17.109702,Incomplete,35,5,1772.35
9817,359,2024-07-05 07:32:41.632954,Complete,425,5,1283.2
9818,952,2023-06-04 20:58:09.906202,Incomplete,773,5,2252.0
9819,728,2023-07-11 04:46:20.090727,Incomplete,833,1,407.26
9820,817,2024-02-13 14:40:44.304607,Incomplete,272,2,682.16
9821,946,2023-10-21 20:15:46.160897,Complete,722,2,436.7
9822,543,2024-01-15 13:40:27.378970,Complete,675,2,621.12
9823,210,2023-09-03 02:06:09.480368,Complete,297,3,1392.42
9824,85,2023-06-22 15:11:19.421039,Complete,979,1,237.16
9825,579,2024-08-17 12:42:11.153682,Incomplete,325,5,2131.2
9826,460,2023-07-27 08:12:25.116636,Complete,363,1,192.82
9827,187,2023-09-20 23:25:32.778992,Incomplete,183,5,1102.1
9828,1000,2023-12-04 20:59:56.132210,Complete,950,2,897.96
9829,94,2023-04-23 03:26:00.336272,Incomplete,290,3,451.86
9830,563,2024-07-02 19:38:15.501389,Incomplete,4,3,219.18
9831,63,2024-11-23 22:01:05.985515,Incomplete,983,1,203.21
9832,183,2023-09-24 15:39:53.833365,Incomplete,616,1,362.67
9833,762,2024-11-04 22:25:51.567516,Complete,900,2,33.02
9834,968,2024-09-04 23:10:57.867981,Incomplete,132,4,446.4
9835,920,2023-10-16 13:59:40.374418,Incomplete,281,1,190.61
9836,595,2023-07-14 11:20:13.500063,Complete,540,4,524.2
9837,355,2024-11-15 01:36:09.147955,Incomplete,614,4,122.72
9838,289,2023-10-06 02:00:20.721093,Complete,566,3,152.88
9839,120,2024-05-23 19:30:21.279927,Complete,835,2,128.02
9840,985,2024-02-26 18:52:31.587675,Incomplete,191,5,1122.0
9841,804,2023-10-17 17:05:31.244909,Complete,528,1,76.35
9842,669,2023-09-21 12:25:40.679985,Complete,393,4,592.92
9843,452,2024-02-12 10:51:05.575890,Incomplete,789,5,2029.15
9844,857,2023-08-21 23:53:48.341854,Complete,371,4,1061.96
9845,505,2023-10-25 13:27:15.076075,Complete,795,3,662.85
9846,48,2024-01-18 07:47:36.436223,Incomplete,557,1,270.7
9847,684,2024-03-07 22:40:44.293261,Complete,213,5,2329.75
9848,153,2024-10-31 06:24:59.766699,Complete,37,3,304.8
9849,731,2024-04-18 19:25:50.068753,Complete,24,1,192.42
9850,324,2023-02-28 19:42:30.852145,Complete,278,1,80.38
9851,840,2023-04-12 11:03:25.048416,Incomplete,786,1,24.6
9852,17,2024-06-23 20:21:23.853450,Complete,761,2,770.74
9853,238,2024-05-14 22:15:45.350577,Complete,896,3,1165.59
9854,857,2023-05-08 21:17:27.139423,Complete,128,1,476.65
9855,780,2024-04-02 17:27:16.040540,Complete,892,1,235.13
9856,342,2024-04-18 10:05:48.007724,Complete,243,1,284.58
9857,526,2024-06-04 09:46:43.912063,Incomplete,345,5,2018.2
9858,27,2023-10-20 20:38:09.563962,Incomplete,735,1,145.64
9859,754,2023-09-18 08:08:39.837214,Complete,770,5,236.45
9860,935,2023-10-21 06:08:32.757876,Complete,561,4,1830.36
9861,717,2023-08-05 22:52:32.162337,Incomplete,380,5,82.25
9862,187,2024-08-20 20:33:52.884444,Complete,986,5,857.2
9863,247,2024-06-01 12:35:46.165387,Incomplete,840,2,460.82
9864,156,2024-11-02 11:53:11.632664,Incomplete,239,5,1202.1
9865,592,2025-01-19 08:17:21.735907,Incomplete,756,1,125.75
9866,706,2023-10-13 18:20:16.667731,Complete,146,1,405.39
9867,400,2024-04-11 13:28:32.928195,Incomplete,393,1,338.31
9868,652,2024-08-24 20:03:57.592517,Incomplete,247,4,854.28
9869,726,2024-10-03 02:39:35.354152,Incomplete,438,1,111.65
9870,831,2024-04-16 22:53:43.493254,Incomplete,839,1,165.65
9871,586,2024-03-08 16:46:04.541785,Incomplete,164,4,1083.68
9872,240,2024-11-26 06:01:10.328488,Incomplete,438,5,381.25
9873,672,2023-05-20 17:24:02.796564,Incomplete,34,5,2430.75
9874,803,2023-04-27 10:21:26.359309,Complete,384,1,111.26
9875,157,2023-04-04 16:10:22.675217,Incomplete,472,5,2161.9
9876,184,2024-08-28 23:03:27.562022,Incomplete,572,4,1681.84
9877,297,2024-05-13 04:49:03.820391,Incomplete,996,1,299.03
9878,284,2023-09-09 09:21:09.104261,Complete,980,3,1210.71
9879,784,2024-06-28 22:53:31.585120,Incomplete,828,1,50.89
9880,627,2024-12-02 19:32:09.744095,Incomplete,266,5,346.05
9881,962,2024-11-22 23:46:20.227817,Incomplete,520,5,65.55
9882,492,2025-01-09 01:15:05.018271,Incomplete,352,5,333.65
9883,257,2023-12-23 06:45:43.216987,Incomplete,966,3,243.75
9884,354,2023-08-15 19:30:54.730778,Complete,985,4,711.84
9885,203,2024-05-26 10:13:11.256834,Incomplete,608,2,705.52
9886,926,2024-11-09 14:17:33.723535,Incomplete,191,1,406.55
9887,643,2024-09-21 23:48:31.456917,Incomplete,383,5,278.15
9888,694,2023-03-07 22:57:48.989057,Incomplete,928,2,589.92
9889,368,2024-07-13 15:02:14.812464,Incomplete,46,5,1984.55
9890,1000,2024-01-12 16:18:48.701607,Incomplete,651,5,190.45
9891,923,2024-04-12 15:24:59.030848,Complete,508,2,792.02
9892,363,2023-11-25 11:01:29.461547,Incomplete,567,2,106.56
9893,871,2024-01-24 08:27:21.495438,Complete,86,1,80.15
9894,220,2024-12-21 05:26:10.483190,Incomplete,342,5,554.2
9895,545,2023-03-17 20:37:22.772115,Incomplete,850,4,963.72
9896,396,2024-04-26 04:53:25.606567,Complete,631,5,145.25
9897,409,2025-01-07 01:46:38.230059,Complete,482,1,52.51
9898,65,2024-02-15 23:29:32.900425,Complete,662,4,1976.88
9899,25,2023-10-20 22:03:26.484277,Incomplete,970,4,1486.04
9900,400,2024-01-09 00:28:47.103894,Complete,329,2,405.12
9901,99,2024-03-02 00:33:51.561675,Incomplete,596,5,599.9
9902,758,2024-11-15 07:45:00.223494,Incomplete,342,1,138.76
9903,997,2023-11-21 03:41:56.105607,Complete,503,5,1274.8
9904,75,2023-05-08 00:24:11.552909,Incomplete,476,4,710.88
9905,853,2024-01-23 02:32:50.608038,Complete,503,3,1456.68
9906,278,2024-11-27 23:37:21.214994,Incomplete,732,1,323.86
9907,766,2023-03-30 18:11:48.421937,Complete,955,3,1089.09
9908,276,2024-06-26 07:03:56.613654,Complete,719,2,868.1
9909,504,2024-10-10 09:20:19.467021,Incomplete,616,3,470.79
9910,763,2024-07-04 16:32:23.024460,Incomplete,396,5,1221.05
9911,841,2024-08-05 09:48:06.624288,Incomplete,586,5,2494.8
9912,631,2024-05-09 02:00:58.507611,Complete,750,5,2282.2
9913,509,2023-11-29 08:04:58.509309,Incomplete,646,3,79.77
9914,414,2024-02-08 20:16:21.961936,Complete,679,1,199.3
9915,662,2023-02-16 15:50:34.746488,Incomplete,823,2,782.98
9916,777,2023-02-21 16:09:24.303450,Incomplete,187,2,927.48
9917,202,2023-10-15 11:18:54.976243,Complete,422,5,360.95
9918,864,2023-12-07 14:00:00.230799,Complete,357,5,1671.7
9919,673,2024-09-22 12:14:05.634892,Complete,181,2,122.84
9920,901,2023-03-30 16:35:54.023204,Complete,767,4,941.04
9921,177,2025-01-01 15:51:46.824019,Incomplete,25,3,198.72
9922,834,2025-01-13 01:22:33.990473,Complete,434,4,1959.36
9923,410,2024-06-16 16:41:17.200441,Complete,591,5,1434.45
9924,462,2023-08-12 21:55:15.007777,Incomplete,311,2,644.68
9925,261,2023-07-21 08:41:14.094102,Complete,308,1,177.59
9926,693,2024-03-18 05:48:57.660418,Incomplete,746,1,141.64
9927,267,2023-12-08 23:19:32.569090,Incomplete,77,4,1566.04
9928,122,2023-06-19 00:29:54.001876,Incomplete,273,3,340.11
9929,973,2023-02-11 09:08:35.106926,Complete,879,1,409.64
9930,533,2024-12-21 16:47:08.565955,Complete,607,1,232.65
9931,258,2023-04-05 01:26:10.427160,Complete,448,1,435.5
9932,199,2023-11-08 19:34:35.531734,Incomplete,79,1,59.57
9933,529,2023-07-17 22:47:03.245477,Incomplete,513,1,69.16
9934,275,2023-06-12 02:06:56.863438,Incomplete,502,3,855.84
9935,726,2024-05-17 12:04:50.750162,Complete,804,3,828.75
9936,280,2023-06-03 15:14:17.644588,Incomplete,780,2,800.06
9937,85,2023-06-23 00:19:31.080642,Complete,308,5,1464.45
9938,775,2023-12-14 12:41:12.404390,Complete,113,3,609.78
9939,810,2024-02-23 13:44:11.370189,Incomplete,555,5,1080.85
9940,61,2024-05-17 18:21:08.761375,Incomplete,389,1,189.09
9941,821,2023-11-26 22:33:22.337466,Complete,567,2,43.48
9942,534,2024-09-13 13:47:45.159420,Incomplete,874,3,259.53
9943,261,2024-04-23 14:44:54.275207,Complete,762,2,30.9
9944,920,2023-02-25 09:29:05.589285,Incomplete,557,5,558.4
9945,399,2024-12-04 10:11:11.182472,Incomplete,393,3,129.75
9946,821,2024-03-05 10:18:38.762650,Incomplete,625,4,466.88
9947,776,2023-03-18 12:59:02.609950,Complete,320,2,945.46
9948,826,2024-11-06 03:11:18.850054,Complete,804,3,809.79
9949,30,2024-12-31 20:39:55.018575,Complete,835,5,299.15
9950,231,2024-07-01 01:59:16.947413,Complete,789,1,390.75
9951,987,2024-08-21 16:28:29.799084,Complete,385,3,952.35
9952,626,2024-02-03 22:26:06.726620,Incomplete,962,1,135.27
9953,73,2023-11-02 06:06:32.663652,Incomplete,478,2,781.06
9954,245,2024-07-16 08:36:25.429273,Complete,615,5,34.25
9955,694,2024-04-19 23:59:28.672661,Complete,851,4,45.28
9956,673,2024-05-03 15:34:47.514162,Incomplete,959,4,705.28
9957,826,2024-11-01 14:51:49.325250,Complete,466,3,1005.06
9958,806,2023-05-04 21:32:02.101300,Incomplete,215,4,1012.16
9959,518,2023-09-23 12:28:08.361543,Complete,671,5,2286.4
9960,364,2024-09-18 03:13:16.032470,Complete,255,2,357.4
9961,850,2024-11-11 14:40:30.035075,Incomplete,304,2,429.54
9962,745,2025-01-02 10:18:52.370921,Incomplete,117,3,1178.01
9963,983,2024-08-05 17:51:32.645512,Incomplete,863,3,769.38
9964,579,2024-08-04 14:07:17.616176,Incomplete,660,3,548.07
9965,189,2023-09-01 07:46:41.613376,Complete,517,2,237.86
9966,883,2024-09-13 23:44:43.059256,Complete,868,3,1028.04
9967,568,2023-12-31 15:20:18.909143,Complete,451,5,762.2
9968,405,2023-03-06 04:30:49.638722,Complete,304,2,424.98
9969,732,2023-09-16 00:57:10.125975,Incomplete,655,4,444.08
9970,14,2023-11-08 22:47:23.640632,Complete,484,3,334.08
9971,273,2023-02-19 07:54:17.311068,Complete,91,4,1184.12
9972,913,2024-04-20 11:31:28.747640,Incomplete,238,4,980.32
9973,72,2023-02-14 00:48:32.732935,Complete,833,5,708.7
9974,390,2023-02-19 06:43:10.566452,Complete,303,2,738.94
9975,174,2024-03-26 02:12:08.534245,Incomplete,81,4,262.48
9976,241,2023-02-19 15:24:46.306839,Complete,695,2,581.8
9977,927,2023-04-19 17:58:45.673884,Incomplete,921,1,422.64
9978,755,2024-02-11 22:25:00.364372,Complete,659,3,745.77
9979,79,2023-05-02 21:28:52.969872,Complete,741,4,1279.32
9980,401,2023-03-27 21:11:20.775538,Incomplete,487,5,2462.2
9981,91,2024-03-14 06:19:50.332382,Complete,648,1,391.1
9982,993,2023-09-13 02:05:37.632737,Complete,941,4,288.76
9983,526,2023-10-11 07:02:48.529161,Incomplete,713,5,1176.35
9984,141,2024-04-09 14:38:21.437060,Complete,395,2,153.0
9985,687,2023-12-12 13:10:00.156609,Incomplete,660,5,160.35
9986,679,2024-03-17 18:48:03.340682,Incomplete,735,3,1254.51
9987,881,2023-08-16 04:39:53.276581,Incomplete,854,1,217.66
9988,626,2024-09-02 03:13:23.500701,Incomplete,455,2,785.74
9989,70,2023-03-09 18:40:09.182275,Incomplete,891,2,620.38
9990,328,2024-07-18 17:42:07.825328,Incomplete,330,5,1311.95
9991,736,2024-09-28 20:25:35.807813,Complete,885,5,148.6
9992,264,2024-02-23 01:42:52.326113,Complete,398,1,323.2
9993,479,2024-01-21 05:07:08.221022,Incomplete,799,3,890.94
9994,916,2023-03-30 15:53:29.358214,Incomplete,768,3,1252.65
9995,483,2024-03-12 09:51:14.329044,Complete,179,5,1998.3
9996,290,2024-11-30 10:16:16.965796,Incomplete,670,4,138.0
9997,141,2024-06-18 14:37:21.472016,Incomplete,794,5,201.55
9998,562,2024-07-05 15:03:24.718259,Complete,509,3,503.19
9999,886,2024-04-24 17:39:26.747561,Incomplete,112,3,1173.15
10000,43,2023-02-16 17:32:31.838116,Complete,901,1,361.09
